{
    "__comment": "Model generated using MrCrayfish's Model Creator (https://mrcrayfish.com/tools?id=mc)",
    "textures": {
        "0": "minecraft:block/iron_block",
        "1": "minecraft:block/red_concrete",
        "2": "vehicle:model/cray_industries",
        "3": "minecraft:block/anvil",
        "4": "minecraft:block/black_concrete",
        "5": "vehicle:model/cray_industries_logo"
    },
    "display": {
        "gui": {
            "rotation": [ 30, 45, 0 ],
            "translation": [ 0, -2.5, 0 ],
            "scale": [ 0.4, 0.4, 0.4 ]
        },
        "ground": {
            "rotation": [ 0, 0, 0 ],
            "translation": [ 0, 3, 0 ],
            "scale": [ 0.25, 0.25, 0.25 ]
        },
        "fixed": {
            "rotation": [ 0, 0, 0 ],
            "translation": [ 0, 0, 0 ],
            "scale": [ 0.5, 0.5, 0.5 ]
        },
        "thirdperson_righthand": {
            "rotation": [ 75, 45, 0 ],
            "translation": [ 0, 2.5, 0 ],
            "scale": [ 0.375, 0.375, 0.375 ]
        },
        "thirdperson_lefthand": {
            "rotation": [ 75, 255, 0 ],
            "translation": [ 0, 2.5, 0 ],
            "scale": [ 0.375, 0.375, 0.375 ]
        },
        "firstperson_righthand": {
            "rotation": [ 0, 45, 0 ],
            "translation": [ 0, 2.5, 0 ],
            "scale": [ 0.4, 0.4, 0.4 ]
        },
        "firstperson_lefthand": {
            "rotation": [ 0, 225, 0 ],
            "translation": [ 0, 2.5, 0 ],
            "scale": [ 0.4, 0.4, 0.4 ]
        }
    },
    "elements": [
        {
            "name": "base_1",
            "from": [ 0.00, 1.00, 4.00 ],
            "to": [ 16.00, 16.00, 12.00 ],
            "faces": {
                "north": { "texture": "#0", "uv": [ 1.00, 1.00, 15.00, 15.00 ] },
                "east": { "texture": "#0", "uv": [ 1.00, 1.00, 9.00, 15.00 ] },
                "south": { "texture": "#0", "uv": [ 1.00, 1.00, 15.00, 15.00 ] },
                "west": { "texture": "#0", "uv": [ 1.00, 1.00, 9.00, 15.00 ] },
                "down": { "texture": "#0", "uv": [ 1.00, 1.00, 15.00, 9.00 ] }
            }
        },
        {
            "name": "base_2",
            "from": [ 0.00, 16.00, 4.00 ],
            "to": [ 16.00, 29.00, 12.00 ],
            "faces": {
                "north": { "texture": "#0", "uv": [ 1.00, 1.00, 15.00, 13.00 ] },
                "east": { "texture": "#0", "uv": [ 1.00, 1.00, 9.00, 13.00 ] },
                "south": { "texture": "#0", "uv": [ 1.00, 1.00, 15.00, 13.00 ] },
                "west": { "texture": "#0", "uv": [ 1.00, 1.00, 9.00, 13.00 ] },
                "up": { "texture": "#0", "uv": [ 1.00, 1.00, 15.00, 9.00 ] }
            }
        },
        {
            "name": "base_3",
            "from": [ 2.00, 1.00, 3.00 ],
            "to": [ 14.00, 16.00, 13.00 ],
            "faces": {
                "north": { "texture": "#1", "uv": [ 0.00, 0.00, 12.00, 15.00 ] },
                "east": { "texture": "#1", "uv": [ 0.00, 0.00, 10.00, 15.00 ] },
                "south": { "texture": "#1", "uv": [ 0.00, 0.00, 12.00, 15.00 ] },
                "west": { "texture": "#1", "uv": [ 0.00, 0.00, 10.00, 15.00 ] },
                "up": { "texture": "#1", "uv": [ 0.00, 0.00, 12.00, 10.00 ] },
                "down": { "texture": "#1", "uv": [ 0.00, 0.00, 12.00, 10.00 ] }
            }
        },
        {
            "name": "base_4",
            "from": [ 2.00, 16.00, 3.00 ],
            "to": [ 14.00, 31.00, 13.00 ],
            "faces": {
                "north": { "texture": "#1", "uv": [ 0.00, 0.00, 12.00, 15.00 ] },
                "east": { "texture": "#1", "uv": [ 0.00, 0.00, 10.00, 15.00 ] },
                "south": { "texture": "#1", "uv": [ 0.00, 0.00, 12.00, 15.00 ] },
                "west": { "texture": "#1", "uv": [ 0.00, 0.00, 10.00, 15.00 ] },
                "up": { "texture": "#1", "uv": [ 0.00, 0.00, 12.00, 10.00 ] },
                "down": { "texture": "#1", "uv": [ 0.00, 0.00, 12.00, 10.00 ] }
            }
        },
        {
            "name": "logo_1",
            "from": [ 4.00, 29.00, 13.00 ],
            "to": [ 8.00, 30.00, 13.10 ],
            "faces": {
                "south": { "texture": "#2", "uv": [ 0.00, 0.00, 14.00, 4.00 ] }
            }
        },
        {
            "name": "logo_2",
            "from": [ 8.60, 29.00, 13.00 ],
            "to": [ 12.60, 30.00, 13.10 ],
            "faces": {
                "south": { "texture": "#2", "uv": [ 0.00, 4.00, 14.00, 8.00 ] }
            }
        },
        {
            "name": "screen_border_1",
            "from": [ 3.00, 27.00, 13.00 ],
            "to": [ 13.00, 28.00, 13.30 ],
            "faces": {
                "north": { "texture": "#3", "uv": [ 0.00, 0.00, 10.00, 1.00 ] },
                "east": { "texture": "#3", "uv": [ 0.00, 0.00, 0.30, 1.00 ] },
                "south": { "texture": "#3", "uv": [ 0.00, 0.00, 10.00, 1.00 ] },
                "west": { "texture": "#3", "uv": [ 0.00, 0.00, 0.30, 1.00 ] },
                "up": { "texture": "#3", "uv": [ 0.00, 0.00, 10.00, 0.30 ] },
                "down": { "texture": "#3", "uv": [ 0.00, 0.00, 10.00, 0.30 ] }
            }
        },
        {
            "name": "screen_border_2",
            "from": [ 3.00, 21.00, 13.00 ],
            "to": [ 13.00, 22.00, 13.30 ],
            "faces": {
                "north": { "texture": "#3", "uv": [ 0.00, 0.00, 10.00, 1.00 ] },
                "east": { "texture": "#3", "uv": [ 0.00, 0.00, 0.30, 1.00 ] },
                "south": { "texture": "#3", "uv": [ 0.00, 0.00, 10.00, 1.00 ] },
                "west": { "texture": "#3", "uv": [ 0.00, 0.00, 0.30, 1.00 ] },
                "up": { "texture": "#3", "uv": [ 0.00, 0.00, 10.00, 0.30 ] },
                "down": { "texture": "#3", "uv": [ 0.00, 0.00, 10.00, 0.30 ] }
            }
        },
        {
            "name": "screen_border_3",
            "from": [ 3.00, 22.00, 13.00 ],
            "to": [ 4.00, 27.00, 13.30 ],
            "faces": {
                "north": { "texture": "#3", "uv": [ 0.00, 0.00, 1.00, 5.00 ] },
                "east": { "texture": "#3", "uv": [ 0.00, 0.00, 0.30, 5.00 ] },
                "south": { "texture": "#3", "uv": [ 1.00, 0.00, 2.00, 5.00 ] },
                "west": { "texture": "#3", "uv": [ 0.00, 0.00, 0.30, 5.00 ] },
                "up": { "texture": "#3", "uv": [ 0.00, 0.00, 1.00, 0.30 ] },
                "down": { "texture": "#3", "uv": [ 0.00, 0.00, 1.00, 0.30 ] }
            }
        },
        {
            "name": "screen_border_4",
            "from": [ 12.00, 22.00, 13.00 ],
            "to": [ 13.00, 27.00, 13.30 ],
            "faces": {
                "north": { "texture": "#3", "uv": [ 0.00, 0.00, 1.00, 5.00 ] },
                "east": { "texture": "#3", "uv": [ 0.00, 0.00, 0.30, 5.00 ] },
                "south": { "texture": "#3", "uv": [ 11.00, 1.00, 12.00, 6.00 ] },
                "west": { "texture": "#3", "uv": [ 0.00, 0.00, 0.30, 5.00 ] },
                "up": { "texture": "#3", "uv": [ 0.00, 0.00, 1.00, 0.30 ] },
                "down": { "texture": "#3", "uv": [ 0.00, 0.00, 1.00, 0.30 ] }
            }
        },
        {
            "name": "screen",
            "from": [ 4.00, 22.00, 13.00 ],
            "to": [ 12.00, 27.00, 13.10 ],
            "faces": {
                "north": { "texture": "#4", "uv": [ 0.00, 0.00, 8.00, 5.00 ] },
                "east": { "texture": "#4", "uv": [ 0.00, 0.00, 0.10, 5.00 ] },
                "south": { "texture": "#4", "uv": [ 0.00, 0.00, 8.00, 5.00 ] },
                "west": { "texture": "#4", "uv": [ 0.00, 0.00, 0.10, 5.00 ] },
                "up": { "texture": "#4", "uv": [ 0.00, 0.00, 8.00, 0.10 ] },
                "down": { "texture": "#4", "uv": [ 0.00, 0.00, 8.00, 0.10 ] }
            }
        },
        {
            "name": "base_support",
            "from": [ 0.00, 0.00, 3.00 ],
            "to": [ 16.00, 1.00, 13.00 ],
            "faces": {
                "north": { "texture": "#3", "uv": [ 0.00, 0.00, 16.00, 1.00 ] },
                "east": { "texture": "#3", "uv": [ 0.00, 0.00, 10.00, 1.00 ] },
                "south": { "texture": "#3", "uv": [ 0.00, 0.00, 16.00, 1.00 ] },
                "west": { "texture": "#3", "uv": [ 0.00, 0.00, 10.00, 1.00 ] },
                "up": { "texture": "#3", "uv": [ 0.00, 0.00, 16.00, 10.00 ] },
                "down": { "texture": "#3", "uv": [ 0.00, 0.00, 16.00, 10.00 ] }
            }
        },
        {
            "name": "valve_1",
            "from": [ 16.00, 26.50, 5.00 ],
            "to": [ 18.00, 28.00, 6.50 ],
            "faces": {
                "north": { "texture": "#3", "uv": [ 0.00, 0.00, 2.00, 1.50 ] },
                "east": { "texture": "#3", "uv": [ 0.00, 0.00, 1.50, 1.50 ] },
                "south": { "texture": "#3", "uv": [ 0.00, 0.00, 2.00, 1.50 ] },
                "west": { "texture": "#3", "uv": [ 0.00, 0.00, 1.50, 1.50 ] },
                "up": { "texture": "#3", "uv": [ 0.00, 0.00, 2.00, 1.50 ] },
                "down": { "texture": "#3", "uv": [ 0.00, 0.00, 2.00, 1.50 ] }
            }
        },
        {
            "name": "Cube",
            "from": [ 16.50, 25.50, 5.00 ],
            "to": [ 18.00, 26.50, 6.50 ],
            "faces": {
                "north": { "texture": "#3", "uv": [ 0.00, 0.00, 1.50, 1.00 ] },
                "east": { "texture": "#3", "uv": [ 0.00, 0.00, 1.50, 1.00 ] },
                "south": { "texture": "#3", "uv": [ 0.00, 0.00, 1.50, 1.00 ] },
                "west": { "texture": "#3", "uv": [ 0.00, 0.00, 1.50, 1.00 ] },
                "up": { "texture": "#3", "uv": [ 0.00, 0.00, 1.50, 1.50 ] },
                "down": { "texture": "#3", "uv": [ 0.00, 0.00, 1.50, 1.50 ] }
            }
        },
        {
            "name": "Cube",
            "from": [ 4.50, 7.00, 13.00 ],
            "to": [ 11.50, 16.00, 13.10 ],
            "faces": {
                "south": { "texture": "#5", "uv": [ 3.00, 2.00, 13.00, 15.00 ] }
            }
        }
    ]
}