{
    "__comment": "Model generated using MrCrayfish's Model Creator (https://mrcrayfish.com/tools?id=mc)",
    "textures": {
        "cover": "minecraft:block/gold_block",
        "wheel": "minecraft:block/white_concrete",
        "pipes": "minecraft:block/light_gray_concrete",
        "base": "minecraft:block/gray_concrete"
    },
    "display": {
        "gui": {
            "rotation": [ 30, 45, 0 ],
            "translation": [ 1, 1, 0 ],
            "scale": [ 0.625, 0.625, 0.625 ]
        },
        "ground": {
            "rotation": [ 0, 0, 0 ],
            "translation": [ 0, 3, 0 ],
            "scale": [ 0.75, 0.75, 0.75 ]
        },
        "fixed": {
            "rotation": [ 0, 180, 0 ],
            "translation": [ 0, 2, -2 ],
            "scale": [ 1.25, 1.25, 1.25 ]
        },
        "head": {
            "rotation": [ 0, 180, 0 ],
            "translation": [ 0, 2, -2 ],
            "scale": [ 1.75, 1.75, 1.75 ]
        },
        "firstperson_righthand": {
            "rotation": [ 0, 315, 0 ],
            "translation": [ 0, 3.5, 0 ],
            "scale": [ 0.4, 0.4, 0.4 ]
        },
        "thirdperson_righthand": {
            "rotation": [ 75, 315, 0 ],
            "translation": [ 0, 2.5, 0 ],
            "scale": [ 0.375, 0.375, 0.375 ]
        }
    },
    "elements": [
        {
            "from": [ 4, 0, 0 ], 
            "to": [ 12, 6, 13 ], 
            "faces": {
                "north": { "texture": "#base", "uv": [ 0, 0, 8, 6 ] },
                "east": { "texture": "#base", "uv": [ 0, 0, 13, 6 ] },
                "south": { "texture": "#base", "uv": [ 0, 0, 8, 6 ] },
                "west": { "texture": "#base", "uv": [ 0, 0, 13, 6 ] },
                "up": { "texture": "#base", "uv": [ 0, 0, 8, 13 ] },
                "down": { "texture": "#base", "uv": [ 0, 0, 8, 13 ] }
            }
        },
        {
            "from": [ 3, 3, 0 ], 
            "to": [ 8, 9, 13 ], 
            "rotation": { "origin": [ 6, 6, 8 ], "axis": "z", "angle": 22.5 },
            "faces": {
                "north": { "texture": "#base", "uv": [ 0, 0, 5, 6 ] },
                "east": { "texture": "#base", "uv": [ 0, 0, 13, 6 ] },
                "south": { "texture": "#base", "uv": [ 0, 0, 5, 6 ] },
                "west": { "texture": "#base", "uv": [ 0, 0, 13, 6 ] },
                "up": { "texture": "#base", "uv": [ 0, 0, 5, 13 ] }
            }
        },
        {
            "from": [ 8, 3, 0 ], 
            "to": [ 13, 9, 13 ], 
            "rotation": { "origin": [ 10, 6, 8 ], "axis": "z", "angle": -22.5 },
            "faces": {
                "north": { "texture": "#base", "uv": [ 0, 0, 5, 6 ] },
                "east": { "texture": "#base", "uv": [ 0, 0, 13, 6 ] },
                "south": { "texture": "#base", "uv": [ 0, 0, 5, 6 ] },
                "west": { "texture": "#base", "uv": [ 0, 0, 13, 6 ] },
                "up": { "texture": "#base", "uv": [ 0, 0, 5, 13 ] }
            }
        },
        {
            "from": [ 3, 9, 0 ], 
            "to": [ 8, 10, 13 ], 
            "rotation": { "origin": [ 6, 6, 8 ], "axis": "z", "angle": 22.5 },
            "faces": {
                "north": { "texture": "#cover", "uv": [ 0, 0, 5, 1 ] },
                "east": { "texture": "#cover", "uv": [ 0, 0, 13, 1 ] },
                "south": { "texture": "#cover", "uv": [ 0, 0, 5, 1 ] },
                "west": { "texture": "#cover", "uv": [ 0, 0, 13, 1 ] },
                "up": { "texture": "#cover", "uv": [ 0, 0, 13, 1 ], "rotation": 90 }
            }
        },
        {
            "from": [ 3.5, 10, 0.5 ], 
            "to": [ 7.5, 12, 12.5 ], 
            "rotation": { "origin": [ 6, 6, 8 ], "axis": "z", "angle": 22.5 },
            "faces": {
                "north": { "texture": "#cover", "uv": [ 1, 2, 5, 4 ] },
                "east": { "texture": "#cover", "uv": [ 1, 2, 3, 14 ], "rotation": 90 },
                "south": { "texture": "#cover", "uv": [ 1, 2, 5, 4 ] },
                "west": { "texture": "#cover", "uv": [ 1, 2, 3, 14 ], "rotation": 270 },
                "up": { "texture": "#cover", "uv": [ 1, 2, 5, 14 ] }
            }
        },
        {
            "from": [ 8, 9, 0 ], 
            "to": [ 13, 10, 13 ], 
            "rotation": { "origin": [ 10, 6, 8 ], "axis": "z", "angle": -22.5 },
            "faces": {
                "north": { "texture": "#cover", "uv": [ 0, 0, 5, 1 ] },
                "east": { "texture": "#cover", "uv": [ 0, 0, 13, 1 ] },
                "south": { "texture": "#cover", "uv": [ 0, 0, 5, 1 ] },
                "west": { "texture": "#cover", "uv": [ 0, 0, 13, 1 ] },
                "up": { "texture": "#cover", "uv": [ 0, 0, 13, 1 ], "rotation": 270 }
            }
        },
        {
            "from": [ 8.5, 10, 0.5 ], 
            "to": [ 12.5, 12, 12.5 ], 
            "rotation": { "origin": [ 10, 6, 8 ], "axis": "z", "angle": -22.5 },
            "faces": {
                "north": { "texture": "#cover", "uv": [ 1, 2, 5, 4 ] },
                "east": { "texture": "#cover", "uv": [ 1, 2, 3, 14 ], "rotation": 90 },
                "south": { "texture": "#cover", "uv": [ 1, 2, 5, 4 ] },
                "west": { "texture": "#cover", "uv": [ 1, 2, 3, 14 ], "rotation": 270 },
                "up": { "texture": "#cover", "uv": [ 1, 2, 5, 14 ] }
            }
        },
        {
            "from": [ 0.5, 5, 2 ], 
            "to": [ 2.5, 9, 4 ], 
            "rotation": { "origin": [ 0.5, 5, -1 ], "axis": "z", "angle": -45.0 },
            "faces": {
                "north": { "texture": "#pipes", "uv": [ 0, 0, 2, 4 ] },
                "east": { "texture": "#pipes", "uv": [ 0, 0, 2, 4 ] },
                "south": { "texture": "#pipes", "uv": [ 0, 0, 2, 4 ] },
                "west": { "texture": "#pipes", "uv": [ 0, 0, 2, 4 ] }
            }
        },
        {
            "from": [ 0.5, 3, 0 ], 
            "to": [ 2.5, 4, 12 ], 
            "faces": {
                "north": { "texture": "#pipes", "uv": [ 0, 0, 2, 1 ] },
                "east": { "texture": "#pipes", "uv": [ 0, 0, 12, 1 ] },
                "south": { "texture": "#pipes", "uv": [ 0, 0, 2, 1 ] },
                "west": { "texture": "#pipes", "uv": [ 0, 0, 12, 1 ] },
                "up": { "texture": "#pipes", "uv": [ 0, 0, 2, 12 ] }
            }
        },
        {
            "from": [ 0.5, 4, 2 ], 
            "to": [ 2.5, 5, 4 ], 
            "faces": {
                "north": { "texture": "#pipes", "uv": [ 0, 0, 2, 1 ] },
                "east": { "texture": "#pipes", "uv": [ 0, 0, 2, 1 ] },
                "south": { "texture": "#pipes", "uv": [ 0, 0, 2, 1 ] },
                "west": { "texture": "#pipes", "uv": [ 0, 0, 2, 1 ] }
            }
        },
        {
            "from": [ 0.5, 4, 6 ], 
            "to": [ 2.5, 5, 8 ], 
            "faces": {
                "north": { "texture": "#pipes", "uv": [ 0, 0, 2, 1 ] },
                "east": { "texture": "#pipes", "uv": [ 0, 0, 2, 1 ] },
                "south": { "texture": "#pipes", "uv": [ 0, 0, 2, 1 ] },
                "west": { "texture": "#pipes", "uv": [ 0, 0, 2, 1 ] }
            }
        },
        {
            "from": [ 0.5, 4, 10 ], 
            "to": [ 2.5, 5, 12 ], 
            "faces": {
                "north": { "texture": "#pipes", "uv": [ 0, 0, 2, 1 ] },
                "east": { "texture": "#pipes", "uv": [ 0, 0, 2, 1 ] },
                "south": { "texture": "#pipes", "uv": [ 0, 0, 2, 1 ] },
                "west": { "texture": "#pipes", "uv": [ 0, 0, 2, 1 ] }
            }
        },
        {
            "from": [ 0.5, 5, 10 ], 
            "to": [ 2.5, 9, 12 ], 
            "rotation": { "origin": [ 0.5, 5, -1 ], "axis": "z", "angle": -45.0 },
            "faces": {
                "north": { "texture": "#pipes", "uv": [ 0, 0, 2, 4 ] },
                "east": { "texture": "#pipes", "uv": [ 0, 0, 2, 4 ] },
                "south": { "texture": "#pipes", "uv": [ 0, 0, 2, 4 ] },
                "west": { "texture": "#pipes", "uv": [ 0, 0, 2, 4 ] }
            }
        },
        {
            "from": [ 0.5, 5, 6 ], 
            "to": [ 2.5, 9, 8 ], 
            "rotation": { "origin": [ 0.5, 5, -1 ], "axis": "z", "angle": -45.0 },
            "faces": {
                "north": { "texture": "#pipes", "uv": [ 0, 0, 2, 4 ] },
                "east": { "texture": "#pipes", "uv": [ 0, 0, 2, 4 ] },
                "south": { "texture": "#pipes", "uv": [ 0, 0, 2, 4 ] },
                "west": { "texture": "#pipes", "uv": [ 0, 0, 2, 4 ] }
            }
        },
        {
            "from": [ 0.5, 2, 0 ], 
            "to": [ 2.5, 3, 11 ], 
            "faces": {
                "north": { "texture": "#pipes", "uv": [ 0, 0, 2, 1 ] },
                "east": { "texture": "#pipes", "uv": [ 0, 0, 11, 1 ] },
                "south": { "texture": "#pipes", "uv": [ 0, 0, 2, 1 ] },
                "west": { "texture": "#pipes", "uv": [ 0, 0, 11, 1 ] },
                "down": { "texture": "#pipes", "uv": [ 0, 0, 2, 11 ] }
            }
        },
        {
            "from": [ 0.5, 2, 11 ], 
            "to": [ 2.5, 3, 12.4 ], 
            "rotation": { "origin": [ 1, 2, 11 ], "axis": "x", "angle": -45.0 },
            "faces": {
                "north": { "texture": "#pipes", "uv": [ 0, 0, 2, 1 ] },
                "east": { "texture": "#pipes", "uv": [ 0, 0, 1.4, 1 ] },
                "south": { "texture": "#pipes", "uv": [ 0, 0, 2, 1 ] },
                "west": { "texture": "#pipes", "uv": [ 0, 0, 1.4, 1 ] },
                "up": { "texture": "#pipes", "uv": [ 0, 0, 2, 1.4 ] },
                "down": { "texture": "#pipes", "uv": [ 0, 0, 2, 1.4 ] }
            }
        },
        {
            "from": [ 13.5, 2, 0 ], 
            "to": [ 15.5, 3, 11 ], 
            "faces": {
                "north": { "texture": "#pipes", "uv": [ 0, 0, 2, 1 ] },
                "east": { "texture": "#pipes", "uv": [ 0, 0, 11, 1 ] },
                "south": { "texture": "#pipes", "uv": [ 0, 0, 2, 1 ] },
                "west": { "texture": "#pipes", "uv": [ 0, 0, 11, 1 ] },
                "down": { "texture": "#pipes", "uv": [ 0, 0, 2, 11 ] }
            }
        },
        {
            "from": [ 13.5, 3, 0 ], 
            "to": [ 15.5, 4, 12 ], 
            "faces": {
                "north": { "texture": "#pipes", "uv": [ 0, 0, 2, 1 ] },
                "east": { "texture": "#pipes", "uv": [ 0, 0, 12, 1 ] },
                "south": { "texture": "#pipes", "uv": [ 0, 0, 2, 1 ] },
                "west": { "texture": "#pipes", "uv": [ 0, 0, 12, 1 ] },
                "up": { "texture": "#pipes", "uv": [ 0, 0, 2, 12 ] }
            }
        },
        {
            "from": [ 13.5, 4, 2 ], 
            "to": [ 15.5, 5, 4 ], 
            "faces": {
                "north": { "texture": "#pipes", "uv": [ 0, 0, 2, 1 ] },
                "east": { "texture": "#pipes", "uv": [ 0, 0, 2, 1 ] },
                "south": { "texture": "#pipes", "uv": [ 0, 0, 2, 1 ] },
                "west": { "texture": "#pipes", "uv": [ 0, 0, 2, 1 ] }
            }
        },
        {
            "from": [ 13.5, 4, 6 ], 
            "to": [ 15.5, 5, 8 ], 
            "faces": {
                "north": { "texture": "#pipes", "uv": [ 0, 0, 2, 1 ] },
                "east": { "texture": "#pipes", "uv": [ 0, 0, 2, 1 ] },
                "south": { "texture": "#pipes", "uv": [ 0, 0, 2, 1 ] },
                "west": { "texture": "#pipes", "uv": [ 0, 0, 2, 1 ] }
            }
        },
        {
            "from": [ 13.5, 4, 10 ], 
            "to": [ 15.5, 5, 12 ], 
            "faces": {
                "north": { "texture": "#pipes", "uv": [ 0, 0, 2, 1 ] },
                "east": { "texture": "#pipes", "uv": [ 0, 0, 2, 1 ] },
                "south": { "texture": "#pipes", "uv": [ 0, 0, 2, 1 ] },
                "west": { "texture": "#pipes", "uv": [ 0, 0, 2, 1 ] }
            }
        },
        {
            "from": [ 13.5, 2, 11 ], 
            "to": [ 15.5, 3, 12.4 ], 
            "rotation": { "origin": [ 1, 2, 11 ], "axis": "x", "angle": -45.0 },
            "faces": {
                "north": { "texture": "#pipes", "uv": [ 0, 0, 2, 1 ] },
                "east": { "texture": "#pipes", "uv": [ 0, 0, 1.4, 1 ] },
                "south": { "texture": "#pipes", "uv": [ 0, 0, 2, 1 ] },
                "west": { "texture": "#pipes", "uv": [ 0, 0, 1.4, 1 ] },
                "up": { "texture": "#pipes", "uv": [ 0, 0, 2, 1.4 ] },
                "down": { "texture": "#pipes", "uv": [ 0, 0, 2, 1.4 ] }
            }
        },
        {
            "from": [ 13.5, 5, 2 ], 
            "to": [ 15.5, 9, 4 ], 
            "rotation": { "origin": [ 15.5, 5, -1 ], "axis": "z", "angle": 45.0 },
            "faces": {
                "north": { "texture": "#pipes", "uv": [ 0, 0, 2, 4 ] },
                "east": { "texture": "#pipes", "uv": [ 0, 0, 2, 4 ] },
                "south": { "texture": "#pipes", "uv": [ 0, 0, 2, 4 ] },
                "west": { "texture": "#pipes", "uv": [ 0, 0, 2, 4 ] }
            }
        },
        {
            "from": [ 13.5, 5, 6 ], 
            "to": [ 15.5, 9, 8 ], 
            "rotation": { "origin": [ 15.5, 5, -1 ], "axis": "z", "angle": 45.0 },
            "faces": {
                "north": { "texture": "#pipes", "uv": [ 0, 0, 2, 4 ] },
                "east": { "texture": "#pipes", "uv": [ 0, 0, 2, 4 ] },
                "south": { "texture": "#pipes", "uv": [ 0, 0, 2, 4 ] },
                "west": { "texture": "#pipes", "uv": [ 0, 0, 2, 4 ] }
            }
        },
        {
            "from": [ 13.5, 5, 10 ], 
            "to": [ 15.5, 9, 12 ], 
            "rotation": { "origin": [ 15.5, 5, -1 ], "axis": "z", "angle": 45.0 },
            "faces": {
                "north": { "texture": "#pipes", "uv": [ 0, 0, 2, 4 ] },
                "east": { "texture": "#pipes", "uv": [ 0, 0, 2, 4 ] },
                "south": { "texture": "#pipes", "uv": [ 0, 0, 2, 4 ] },
                "west": { "texture": "#pipes", "uv": [ 0, 0, 2, 4 ] }
            }
        },
        {
            "from": [ 6.7, 3.5, 0 ], 
            "to": [ 9.3, 9.5, 13 ], 
            "faces": {
                "north": { "texture": "#base", "uv": [ 0, 0, 2.6, 6 ] },
                "east": { "texture": "#base", "uv": [ 0, 0, 13, 6 ] },
                "south": { "texture": "#base", "uv": [ 0, 0, 2.6, 6 ] },
                "west": { "texture": "#base", "uv": [ 0, 0, 13, 6 ] },
                "up": { "texture": "#base", "uv": [ 0, 0, 2.6, 13 ] }
            }
        },
        {
            "from": [ 7, 1, 13 ], 
            "to": [ 9, 5, 14.5 ], 
            "faces": {
                "east": { "texture": "#wheel", "uv": [ 0, 0, 1.5, 4 ] },
                "south": { "texture": "#wheel", "uv": [ 0, 0, 2, 4 ] },
                "west": { "texture": "#wheel", "uv": [ 0, 0, 1.5, 4 ] },
                "up": { "texture": "#wheel", "uv": [ 0, 0, 2, 1.5 ] },
                "down": { "texture": "#wheel", "uv": [ 0, 0, 2, 1.5 ] }
            }
        },
        {
            "from": [ 9, 2, 13 ], 
            "to": [ 10, 4, 14.5 ], 
            "faces": {
                "east": { "texture": "#wheel", "uv": [ 0, 0, 1.5, 2 ] },
                "south": { "texture": "#wheel", "uv": [ 0, 0, 1, 2 ] }
            }
        },
        {
            "from": [ 6, 2, 13 ], 
            "to": [ 7, 4, 14.5 ], 
            "faces": {
                "south": { "texture": "#wheel", "uv": [ 0, 0, 1, 2 ] },
                "west": { "texture": "#wheel", "uv": [ 0, 0, 1.5, 2 ] }
            }
        },
        {
            "from": [ 6, 4, 13 ], 
            "to": [ 7, 5.4, 14.5 ], 
            "rotation": { "origin": [ 6, 4, 14 ], "axis": "z", "angle": -45.0 },
            "faces": {
                "east": { "texture": "#wheel", "uv": [ 0, 0, 1.5, 1.4 ] },
                "south": { "texture": "#wheel", "uv": [ 0, 0, 1, 1.4 ] },
                "west": { "texture": "#wheel", "uv": [ 0, 0, 1.5, 1.4 ] },
                "up": { "texture": "#wheel", "uv": [ 0, 0, 1, 1.5 ] }
            }
        },
        {
            "from": [ 9, 4, 13 ], 
            "to": [ 10, 5.4, 14.5 ], 
            "rotation": { "origin": [ 10, 4, 14 ], "axis": "z", "angle": 45.0 },
            "faces": {
                "east": { "texture": "#wheel", "uv": [ 0, 0, 1.5, 1.4 ] },
                "south": { "texture": "#wheel", "uv": [ 0, 0, 1, 1.4 ] },
                "west": { "texture": "#wheel", "uv": [ 0, 0, 1.5, 1.4 ] },
                "up": { "texture": "#wheel", "uv": [ 0, 0, 1, 1.5 ] }
            }
        },
        {
            "from": [ 9, 0.6, 13 ], 
            "to": [ 10, 2, 14.5 ], 
            "rotation": { "origin": [ 10, 2, 14 ], "axis": "z", "angle": -45.0 },
            "faces": {
                "east": { "texture": "#wheel", "uv": [ 0, 0, 1.5, 1.4 ] },
                "south": { "texture": "#wheel", "uv": [ 0, 0, 1, 1.4 ] },
                "west": { "texture": "#wheel", "uv": [ 0, 0, 1.5, 1.4 ] },
                "down": { "texture": "#wheel", "uv": [ 0, 0, 1, 1.5 ] }
            }
        },
        {
            "from": [ 6, 0.6, 13 ], 
            "to": [ 7, 2, 14.5 ], 
            "rotation": { "origin": [ 6, 2, 14 ], "axis": "z", "angle": 45.0 },
            "faces": {
                "east": { "texture": "#wheel", "uv": [ 0, 0, 1.5, 1.4 ] },
                "south": { "texture": "#wheel", "uv": [ 0, 0, 1, 1.4 ] },
                "west": { "texture": "#wheel", "uv": [ 0, 0, 1.5, 1.4 ] },
                "down": { "texture": "#wheel", "uv": [ 0, 0, 1, 1.5 ] }
            }
        },
        {
            "from": [ 7.5, 6.5, 13 ], 
            "to": [ 8.5, 8.5, 14.5 ], 
            "faces": {
                "east": { "texture": "#wheel", "uv": [ 0, 0, 1.5, 2 ] },
                "south": { "texture": "#wheel", "uv": [ 0, 0, 1, 2 ] },
                "west": { "texture": "#wheel", "uv": [ 0, 0, 1.5, 2 ] },
                "up": { "texture": "#wheel", "uv": [ 0, 0, 1, 1.5 ] },
                "down": { "texture": "#wheel", "uv": [ 0, 0, 1, 1.5 ] }
            }
        },
        {
            "from": [ 7, 7, 13 ], 
            "to": [ 7.5, 8, 14.5 ], 
            "faces": {
                "south": { "texture": "#wheel", "uv": [ 0, 0, 0.5, 1 ] },
                "west": { "texture": "#wheel", "uv": [ 0, 0, 1.5, 1 ] },
                "up": { "texture": "#wheel", "uv": [ 0, 0, 0.5, 1.5 ] },
                "down": { "texture": "#wheel", "uv": [ 0, 0, 0.5, 1.5 ] }
            }
        },
        {
            "from": [ 8.5, 7, 13 ], 
            "to": [ 9, 8, 14.5 ], 
            "faces": {
                "east": { "texture": "#wheel", "uv": [ 0, 0, 1.5, 1 ] },
                "south": { "texture": "#wheel", "uv": [ 0, 0, 0.5, 1 ] },
                "up": { "texture": "#wheel", "uv": [ 0, 0, 0.5, 1.5 ] },
                "down": { "texture": "#wheel", "uv": [ 0, 0, 0.5, 1.5 ] }
            }
        },
        {
            "from": [ 7, 8, 13 ], 
            "to": [ 7.5, 8.7, 14.5 ], 
            "rotation": { "origin": [ 7, 8, 14 ], "axis": "z", "angle": -45.0 },
            "faces": {
                "north": { "texture": "#wheel", "uv": [ 0, 0, 0.5, 0.7 ] },
                "south": { "texture": "#wheel", "uv": [ 0, 0, 0.5, 0.7 ] },
                "west": { "texture": "#wheel", "uv": [ 0, 0, 1.5, 0.7 ] },
                "up": { "texture": "#wheel", "uv": [ 0, 0, 0.5, 1.5 ] },
                "down": { "texture": "#wheel", "uv": [ 0, 0, 0.5, 1.5 ] }
            }
        },
        {
            "from": [ 8.5, 8, 13 ], 
            "to": [ 9, 8.7, 14.5 ], 
            "rotation": { "origin": [ 9, 8, 14 ], "axis": "z", "angle": 45.0 },
            "faces": {
                "north": { "texture": "#wheel", "uv": [ 0, 0, 0.5, 0.7 ] },
                "east": { "texture": "#wheel", "uv": [ 0, 0, 1.5, 0.7 ] },
                "south": { "texture": "#wheel", "uv": [ 0, 0, 0.5, 0.7 ] },
                "up": { "texture": "#wheel", "uv": [ 0, 0, 0.5, 1.5 ] },
                "down": { "texture": "#wheel", "uv": [ 0, 0, 0.5, 1.5 ] }
            }
        },
        {
            "from": [ 7, 6.3, 13 ], 
            "to": [ 7.5, 7, 14.5 ], 
            "rotation": { "origin": [ 7, 7, 14 ], "axis": "z", "angle": 45.0 },
            "faces": {
                "north": { "texture": "#wheel", "uv": [ 0, 0, 0.5, 0.7 ] },
                "south": { "texture": "#wheel", "uv": [ 0, 0, 0.5, 0.7 ] },
                "west": { "texture": "#wheel", "uv": [ 0, 0, 1.5, 0.7 ] },
                "up": { "texture": "#wheel", "uv": [ 0, 0, 0.5, 1.5 ] },
                "down": { "texture": "#wheel", "uv": [ 0, 0, 0.5, 1.5 ] }
            }
        },
        {
            "from": [ 8.5, 6.3, 13 ], 
            "to": [ 9, 7, 14.5 ], 
            "rotation": { "origin": [ 9, 7, 14 ], "axis": "z", "angle": -45.0 },
            "faces": {
                "north": { "texture": "#wheel", "uv": [ 0, 0, 0.5, 0.7 ] },
                "east": { "texture": "#wheel", "uv": [ 0, 0, 1.5, 0.7 ] },
                "south": { "texture": "#wheel", "uv": [ 0, 0, 0.5, 0.7 ] },
                "up": { "texture": "#wheel", "uv": [ 0, 0, 0.5, 1.5 ] },
                "down": { "texture": "#wheel", "uv": [ 0, 0, 0.5, 1.5 ] }
            }
        }
    ]
}