{
    "__comment": "Model generated using MrCrayfish's Model Creator (https://mrcrayfish.com/tools?id=mc)",
    "textures": {
        "particle": "minecraft:block/red_concrete",
        "piston_side": "minecraft:block/piston_side",
        "support_top": "minecraft:block/light_gray_concrete",
        "support_base": "minecraft:block/anvil",
        "piston_top": "minecraft:block/piston_top",
        "base": "minecraft:block/red_concrete"
    },
    "display": {
        "gui": {
            "rotation": [ 30, 45, 0 ],
            "translation": [ 0, 2, 0 ],
            "scale": [ 0.8, 0.8, 0.8 ]
        },
        "ground": {
            "rotation": [ 0, 0, 0 ],
            "translation": [ 0, 3, 0 ],
            "scale": [ 0.5, 0.5, 0.5 ]
        },
        "fixed": {
            "rotation": [ 270, 0, 0 ],
            "translation": [ 0, 0, -7 ],
            "scale": [ 1, 1, 1 ]
        },
        "firstperson_righthand": {
            "rotation": [ 0, 315, 0 ],
            "translation": [ 0, 2.5, 0 ],
            "scale": [ 0.4, 0.4, 0.4 ]
        },
        "thirdperson_righthand": {
            "rotation": [ 75, 315, 0 ],
            "translation": [ 0, 2.5, 0 ],
            "scale": [ 0.375, 0.375, 0.375 ]
        }
    },
    "elements": [
        {
            "from": [ 4, 0, 2 ], 
            "to": [ 12, 6, 4 ], 
            "faces": {
                "north": { "texture": "#base", "uv": [ 0, 0, 8, 6 ] },
                "east": { "texture": "#base", "uv": [ 0, 0, 2, 6 ] },
                "south": { "texture": "#base", "uv": [ 0, 0, 8, 6 ] },
                "west": { "texture": "#base", "uv": [ 0, 0, 2, 6 ] },
                "down": { "texture": "#base", "uv": [ 0, 0, 8, 2 ] }
            }
        },
        {
            "from": [ 2, 0, 4 ], 
            "to": [ 4, 6, 12 ], 
            "faces": {
                "north": { "texture": "#base", "uv": [ 0, 0, 2, 6 ] },
                "east": { "texture": "#base", "uv": [ 0, 0, 8, 6 ] },
                "south": { "texture": "#base", "uv": [ 0, 0, 2, 6 ] },
                "west": { "texture": "#base", "uv": [ 0, 0, 8, 6 ] },
                "down": { "texture": "#base", "uv": [ 0, 0, 2, 8 ] }
            }
        },
        {
            "from": [ 12, 0, 4 ], 
            "to": [ 14, 6, 12 ], 
            "faces": {
                "north": { "texture": "#base", "uv": [ 0, 0, 2, 6 ] },
                "east": { "texture": "#base", "uv": [ 0, 0, 8, 6 ] },
                "south": { "texture": "#base", "uv": [ 0, 0, 2, 6 ] },
                "west": { "texture": "#base", "uv": [ 0, 0, 8, 6 ] },
                "down": { "texture": "#base", "uv": [ 0, 0, 2, 8 ] }
            }
        },
        {
            "from": [ 2, 0, 1.2 ], 
            "to": [ 4, 6, 4 ], 
            "rotation": { "origin": [ 2.0, 8.0, 4.0 ], "axis": "y", "angle": -45.0 },
            "faces": {
                "north": { "texture": "#base", "uv": [ 0, 0, 2, 6 ] },
                "east": { "texture": "#base", "uv": [ 0, 0, 2.8, 6 ] },
                "south": { "texture": "#base", "uv": [ 0, 0, 2, 6 ] },
                "west": { "texture": "#base", "uv": [ 0, 0, 2.8, 6 ] },
                "up": { "texture": "#base", "uv": [ 0, 0, 2, 2.8 ] },
                "down": { "texture": "#base", "uv": [ 0, 0, 2, 2.8 ] }
            }
        },
        {
            "from": [ 12, 0, 1.2 ], 
            "to": [ 14, 6, 4 ], 
            "rotation": { "origin": [ 14.0, 8.0, 4.0 ], "axis": "y", "angle": 45.0 },
            "faces": {
                "north": { "texture": "#base", "uv": [ 0, 0, 2, 6 ] },
                "east": { "texture": "#base", "uv": [ 0, 0, 2.8, 6 ] },
                "south": { "texture": "#base", "uv": [ 0, 0, 2, 6 ] },
                "west": { "texture": "#base", "uv": [ 0, 0, 2.8, 6 ] },
                "up": { "texture": "#base", "uv": [ 0, 0, 2, 2.8 ] },
                "down": { "texture": "#base", "uv": [ 0, 0, 2, 2.8 ] }
            }
        },
        {
            "from": [ 12, 0, 12 ], 
            "to": [ 14, 6, 14.8 ], 
            "rotation": { "origin": [ 14.0, 8.0, 12.0 ], "axis": "y", "angle": -45.0 },
            "faces": {
                "north": { "texture": "#base", "uv": [ 0, 0, 2, 6 ] },
                "east": { "texture": "#base", "uv": [ 0, 0, 2.8, 6 ] },
                "south": { "texture": "#base", "uv": [ 0, 0, 2, 6 ] },
                "west": { "texture": "#base", "uv": [ 0, 0, 2.8, 6 ] },
                "up": { "texture": "#base", "uv": [ 0, 0, 2, 2.8 ] },
                "down": { "texture": "#base", "uv": [ 0, 0, 2, 2.8 ] }
            }
        },
        {
            "from": [ 2, 0, 12 ], 
            "to": [ 4, 6, 14.8 ], 
            "rotation": { "origin": [ 2.0, 8.0, 12.0 ], "axis": "y", "angle": 45.0 },
            "faces": {
                "north": { "texture": "#base", "uv": [ 0, 0, 2, 6 ] },
                "east": { "texture": "#base", "uv": [ 0, 0, 2.8, 6 ] },
                "south": { "texture": "#base", "uv": [ 0, 0, 2, 6 ] },
                "west": { "texture": "#base", "uv": [ 0, 0, 2.8, 6 ] },
                "up": { "texture": "#base", "uv": [ 0, 0, 2, 2.8 ] },
                "down": { "texture": "#base", "uv": [ 0, 0, 2, 2.8 ] }
            }
        },
        {
            "from": [ -1, 0.9, 5 ], 
            "to": [ 2, 2, 11 ], 
            "faces": {
                "north": { "texture": "#support_top", "uv": [ 0, 0, 3, 1.1 ] },
                "south": { "texture": "#support_top", "uv": [ 0, 0, 3, 1.1 ] },
                "west": { "texture": "#support_top", "uv": [ 0, 0, 6, 1.1 ] },
                "up": { "texture": "#support_top", "uv": [ 0, 0, 3, 6 ] }
            }
        },
        {
            "from": [ -1, 0.8, 5 ], 
            "to": [ 3, 2, 11 ], 
            "rotation": { "origin": [ -1.0, 2.0, 8.0 ], "axis": "z", "angle": 22.5 },
            "faces": {
                "north": { "texture": "#support_top", "uv": [ 0, 0, 4, 1.2 ] },
                "east": { "texture": "#support_top", "uv": [ 0, 0, 6, 1.2 ] },
                "south": { "texture": "#support_top", "uv": [ 0, 0, 4, 1.2 ] },
                "west": { "texture": "#support_top", "uv": [ 0, 0, 6, 1.2 ] },
                "up": { "texture": "#support_top", "uv": [ 0, 0, 4, 6 ] },
                "down": { "texture": "#support_top", "uv": [ 0, 0, 4, 6 ] }
            }
        },
        {
            "from": [ 5, 0, -1 ], 
            "to": [ 11, 0.9, 2 ], 
            "faces": {
                "north": { "texture": "#support_base", "uv": [ 0, 0, 6, 0.9 ] },
                "east": { "texture": "#support_base", "uv": [ 0, 0, 3, 0.9 ] },
                "west": { "texture": "#support_base", "uv": [ 0, 0, 3, 0.9 ] },
                "down": { "texture": "#support_base", "uv": [ 0, 0, 6, 3 ] }
            }
        },
        {
            "from": [ 14, 0, 5 ], 
            "to": [ 17, 0.9, 11 ], 
            "faces": {
                "north": { "texture": "#support_base", "uv": [ 0, 0, 3, 0.9 ] },
                "east": { "texture": "#support_base", "uv": [ 0, 0, 6, 0.9 ] },
                "south": { "texture": "#support_base", "uv": [ 0, 0, 3, 0.9 ] },
                "down": { "texture": "#support_base", "uv": [ 0, 0, 3, 6 ] }
            }
        },
        {
            "from": [ 14, 0.9, 5 ], 
            "to": [ 17, 2, 11 ], 
            "faces": {
                "north": { "texture": "#support_top", "uv": [ 0, 0, 3, 1.1 ] },
                "east": { "texture": "#support_top", "uv": [ 0, 0, 6, 1.1 ] },
                "south": { "texture": "#support_top", "uv": [ 0, 0, 3, 1.1 ] },
                "up": { "texture": "#support_top", "uv": [ 0, 0, 3, 6 ] }
            }
        },
        {
            "from": [ 13, 0.8, 5 ], 
            "to": [ 17, 2, 11 ], 
            "rotation": { "origin": [ 17.0, 2.0, 8.0 ], "axis": "z", "angle": -22.5 },
            "faces": {
                "north": { "texture": "#support_top", "uv": [ 0, 0, 4, 1.2 ] },
                "east": { "texture": "#support_top", "uv": [ 0, 0, 6, 1.2 ] },
                "south": { "texture": "#support_top", "uv": [ 0, 0, 4, 1.2 ] },
                "west": { "texture": "#support_top", "uv": [ 0, 0, 6, 1.2 ] },
                "up": { "texture": "#support_top", "uv": [ 0, 0, 4, 6 ] },
                "down": { "texture": "#support_top", "uv": [ 0, 0, 4, 6 ] }
            }
        },
        {
            "from": [ -1, 0, 5 ], 
            "to": [ 2, 0.9, 11 ], 
            "faces": {
                "north": { "texture": "#support_base", "uv": [ 0, 0, 3, 0.9 ] },
                "south": { "texture": "#support_base", "uv": [ 0, 0, 3, 0.9 ] },
                "west": { "texture": "#support_base", "uv": [ 0, 0, 6, 0.9 ] },
                "down": { "texture": "#support_base", "uv": [ 0, 0, 3, 6 ] }
            }
        },
        {
            "from": [ 5, 0.9, -1 ], 
            "to": [ 11, 2, 2 ], 
            "faces": {
                "north": { "texture": "#support_top", "uv": [ 0, 0, 6, 1.1 ] },
                "east": { "texture": "#support_top", "uv": [ 0, 0, 3, 1.1 ] },
                "west": { "texture": "#support_top", "uv": [ 0, 0, 3, 1.1 ] },
                "up": { "texture": "#support_top", "uv": [ 0, 0, 6, 3 ] }
            }
        },
        {
            "from": [ 5, 0.8, -1 ], 
            "to": [ 11, 2, 3 ], 
            "rotation": { "origin": [ 8.0, 2.0, -1.0 ], "axis": "x", "angle": -22.5 },
            "faces": {
                "north": { "texture": "#support_top", "uv": [ 0, 0, 6, 1.2 ] },
                "east": { "texture": "#support_top", "uv": [ 0, 0, 4, 1.2 ] },
                "south": { "texture": "#support_top", "uv": [ 0, 0, 6, 1.2 ] },
                "west": { "texture": "#support_top", "uv": [ 0, 0, 4, 1.2 ] },
                "up": { "texture": "#support_top", "uv": [ 0, 0, 6, 4 ] },
                "down": { "texture": "#support_top", "uv": [ 0, 0, 6, 4 ] }
            }
        },
        {
            "from": [ 5, 0.9, 14 ], 
            "to": [ 11, 2, 17 ], 
            "faces": {
                "east": { "texture": "#support_top", "uv": [ 0, 0, 3, 1.1 ] },
                "south": { "texture": "#support_top", "uv": [ 0, 0, 6, 1.1 ] },
                "west": { "texture": "#support_top", "uv": [ 0, 0, 3, 1.1 ] },
                "up": { "texture": "#support_top", "uv": [ 0, 0, 6, 3 ] }
            }
        },
        {
            "from": [ 5, 0, 14 ], 
            "to": [ 11, 0.9, 17 ], 
            "faces": {
                "east": { "texture": "#support_base", "uv": [ 0, 0, 3, 0.9 ] },
                "south": { "texture": "#support_base", "uv": [ 0, 0, 6, 0.9 ] },
                "west": { "texture": "#support_base", "uv": [ 0, 0, 3, 0.9 ] },
                "down": { "texture": "#support_base", "uv": [ 0, 0, 6, 3 ] }
            }
        },
        {
            "from": [ 5, 0.8, 13 ], 
            "to": [ 11, 2, 17 ], 
            "rotation": { "origin": [ 8.0, 2.0, 17.0 ], "axis": "x", "angle": 22.5 },
            "faces": {
                "north": { "texture": "#support_top", "uv": [ 0, 0, 6, 1.2 ] },
                "east": { "texture": "#support_top", "uv": [ 0, 0, 4, 1.2 ] },
                "south": { "texture": "#support_top", "uv": [ 0, 0, 6, 1.2 ] },
                "west": { "texture": "#support_top", "uv": [ 0, 0, 4, 1.2 ] },
                "up": { "texture": "#support_top", "uv": [ 0, 0, 6, 4 ] },
                "down": { "texture": "#support_top", "uv": [ 0, 0, 6, 4 ] }
            }
        },
        {
            "from": [ 4, 0, 12 ], 
            "to": [ 12, 6, 14 ], 
            "faces": {
                "north": { "texture": "#base", "uv": [ 0, 0, 8, 6 ] },
                "east": { "texture": "#base", "uv": [ 0, 0, 2, 6 ] },
                "south": { "texture": "#base", "uv": [ 0, 0, 8, 6 ] },
                "west": { "texture": "#base", "uv": [ 0, 0, 2, 6 ] },
                "down": { "texture": "#base", "uv": [ 0, 0, 8, 2 ] }
            }
        },
        {
            "from": [ 4, 0.5, 4 ], 
            "to": [ 12, 5.5, 5.5 ], 
            "faces": {
                "south": { "texture": "#support_base", "uv": [ 0, 0, 8, 5 ] },
                "up": { "texture": "#support_base", "uv": [ 4, 4, 12, 5.5 ] },
                "down": { "texture": "#support_base", "uv": [ 4, 4, 12, 5.5 ] }
            }
        },
        {
            "from": [ 5.5, 0, 6.5 ], 
            "to": [ 6.5, 6, 9.5 ], 
            "faces": {
                "west": { "texture": "#support_top", "uv": [ 0, 0, 3, 6 ] },
                "down": { "texture": "#support_top", "uv": [ 4, 4, 5, 7 ] }
            }
        },
        {
            "from": [ 9.5, 0, 6.5 ], 
            "to": [ 10.5, 6, 9.5 ], 
            "faces": {
                "east": { "texture": "#support_top", "uv": [ 0, 0, 3, 6 ] },
                "down": { "texture": "#support_top", "uv": [ 4, 4, 5, 7 ] }
            }
        },
        {
            "from": [ 5.5, 0, 5.5 ], 
            "to": [ 10.5, 6, 6.5 ], 
            "faces": {
                "north": { "texture": "#support_top", "uv": [ 0, 0, 5, 6 ] },
                "east": { "texture": "#support_top", "uv": [ 0, 0, 1, 6 ] },
                "south": { "texture": "#support_top", "uv": [ 0, 0, 5, 6 ] },
                "west": { "texture": "#support_top", "uv": [ 0, 0, 1, 6 ] },
                "down": { "texture": "#support_top", "uv": [ 4, 4, 9, 5 ] }
            }
        },
        {
            "from": [ 5.5, 0, 9.5 ], 
            "to": [ 10.5, 6, 10.5 ], 
            "faces": {
                "north": { "texture": "#support_top", "uv": [ 0, 0, 5, 6 ] },
                "east": { "texture": "#support_top", "uv": [ 0, 0, 1, 6 ] },
                "south": { "texture": "#support_top", "uv": [ 0, 0, 5, 6 ] },
                "west": { "texture": "#support_top", "uv": [ 0, 0, 1, 6 ] },
                "down": { "texture": "#support_top", "uv": [ 4, 4, 9, 5 ] }
            }
        },
        {
            "from": [ 4, 0.5, 10.5 ], 
            "to": [ 12, 5.5, 12 ], 
            "faces": {
                "north": { "texture": "#support_base", "uv": [ 0, 0, 8, 5 ] },
                "up": { "texture": "#support_base", "uv": [ 4, 4, 12, 5.5 ] },
                "down": { "texture": "#support_base", "uv": [ 4, 4, 12, 5.5 ] }
            }
        },
        {
            "from": [ 4, 0.5, 5.5 ], 
            "to": [ 5.5, 5.5, 10.5 ], 
            "faces": {
                "east": { "texture": "#support_base", "uv": [ 0, 0, 5, 5 ] },
                "up": { "texture": "#support_base", "uv": [ 4, 4, 5.5, 9 ] },
                "down": { "texture": "#support_base", "uv": [ 4, 4, 5.5, 9 ] }
            }
        },
        {
            "from": [ 10.5, 0.5, 5.5 ], 
            "to": [ 12, 5.5, 10.5 ], 
            "faces": {
                "west": { "texture": "#support_base", "uv": [ 0, 0, 5, 5 ] },
                "up": { "texture": "#support_base", "uv": [ 4, 4, 5.5, 9 ] },
                "down": { "texture": "#support_base", "uv": [ 4, 4, 5.5, 9 ] }
            }
        },
        {
            "from": [ 2, 6, 2 ], 
            "to": [ 14, 9, 14 ], 
            "faces": {
                "north": { "texture": "#piston_side", "uv": [ 0, 0, 16, 4 ] },
                "east": { "texture": "#piston_side", "uv": [ 0, 0, 16, 4 ] },
                "south": { "texture": "#piston_side", "uv": [ 0, 0, 16, 4 ] },
                "west": { "texture": "#piston_side", "uv": [ 0, 0, 16, 4 ] },
                "up": { "texture": "#piston_top", "uv": [ 0, 0, 16, 16 ] },
                "down": { "texture": "#piston_top", "uv": [ 0, 0, 16, 16 ] }
            }
        }
    ]
}