{
    "__comment": "Model generated using MrCrayfish's Model Creator (https://mrcrayfish.com/tools?id=mc)",
    "textures": {
        "cover_two": "minecraft:block/white_concrete",
        "metal": "minecraft:block/stone",
        "logo": "vehicle:model/cray_industries",
        "cover_one": "minecraft:block/gray_concrete"
    },
    "display": {
        "gui": {
            "rotation": [ 30, 45, 0 ],
            "translation": [ 0, -1.5, 0 ],
            "scale": [ 0.55, 0.55, 0.55 ]
        },
        "ground": {
            "rotation": [ 0, 0, 0 ],
            "translation": [ 0, 3, 0 ],
            "scale": [ 0.25, 0.25, 0.25 ]
        },
        "fixed": {
            "rotation": [ 0, 180, 0 ],
            "translation": [ 0, -3, 0 ],
            "scale": [ 0.75, 0.75, 0.75 ]
        },
        "firstperson_righthand": {
            "rotation": [ 0, 180, 0 ],
            "translation": [ 0, 1, 0 ],
            "scale": [ 0.4, 0.4, 0.4 ]
        },
        "thirdperson_righthand": {
            "rotation": [ 5, 180, 0 ],
            "translation": [ 0, -4.5, -0.5 ],
            "scale": [ 0.375, 0.375, 0.375 ]
        }
    },
    "elements": [
        {
            "from": [ 3, 0, 3 ], 
            "to": [ 13, 1, 13 ], 
            "faces": {
                "north": { "texture": "#metal", "uv": [ 0, 0, 1, 1 ] },
                "east": { "texture": "#metal", "uv": [ 0, 0, 1, 1 ] },
                "south": { "texture": "#metal", "uv": [ 0, 0, 1, 1 ] },
                "west": { "texture": "#metal", "uv": [ 0, 0, 1, 1 ] },
                "up": { "texture": "#metal", "uv": [ 0, 0, 1, 1 ] },
                "down": { "texture": "#metal", "uv": [ 0, 0, 1, 1 ] }
            }
        },
        {
            "from": [ 3.5, 1, 3.5 ], 
            "to": [ 12.5, 3, 12.5 ], 
            "faces": {
                "north": { "texture": "#cover_one", "uv": [ 0, 0, 9, 2 ] },
                "east": { "texture": "#cover_one", "uv": [ 0, 0, 9, 2 ] },
                "south": { "texture": "#cover_one", "uv": [ 0, 0, 9, 2 ] },
                "west": { "texture": "#cover_one", "uv": [ 0, 0, 9, 2 ] }
            }
        },
        {
            "from": [ 3, 15, 3 ], 
            "to": [ 13, 16, 13 ], 
            "faces": {
                "north": { "texture": "#metal", "uv": [ 0, 0, 1, 1 ] },
                "east": { "texture": "#metal", "uv": [ 0, 0, 1, 1 ] },
                "south": { "texture": "#metal", "uv": [ 0, 0, 1, 1 ] },
                "west": { "texture": "#metal", "uv": [ 0, 0, 1, 1 ] },
                "up": { "texture": "#metal", "uv": [ 0, 0, 1, 1 ] },
                "down": { "texture": "#metal", "uv": [ 0, 0, 1, 1 ] }
            }
        },
        {
            "from": [ 4, 16, 4 ], 
            "to": [ 12, 17, 12 ], 
            "faces": {
                "north": { "texture": "#cover_two", "uv": [ 0, 0, 8, 1 ] },
                "east": { "texture": "#cover_two", "uv": [ 0, 0, 8, 1 ] },
                "south": { "texture": "#cover_two", "uv": [ 0, 0, 8, 1 ] },
                "west": { "texture": "#cover_two", "uv": [ 0, 0, 8, 1 ] },
                "up": { "texture": "#cover_two", "uv": [ 0, 0, 8, 8 ] }
            }
        },
        {
            "from": [ 3.5, 13, 3.5 ], 
            "to": [ 12.5, 15, 12.5 ], 
            "faces": {
                "north": { "texture": "#cover_one", "uv": [ 0, 0, 9, 2 ] },
                "east": { "texture": "#cover_one", "uv": [ 0, 0, 9, 2 ] },
                "south": { "texture": "#cover_one", "uv": [ 0, 0, 9, 2 ] },
                "west": { "texture": "#cover_one", "uv": [ 0, 0, 9, 2 ] }
            }
        },
        {
            "from": [ 3.5, 3, 3.5 ], 
            "to": [ 12.5, 13, 12.5 ], 
            "faces": {
                "north": { "texture": "#cover_two", "uv": [ 0, 0, 9, 10 ], "tintindex": 0 },
                "east": { "texture": "#cover_two", "uv": [ 0, 0, 9, 10 ], "tintindex": 0 },
                "south": { "texture": "#cover_two", "uv": [ 0, 0, 9, 10 ], "tintindex": 0 },
                "west": { "texture": "#cover_two", "uv": [ 0, 0, 9, 10 ], "tintindex": 0 }
            }
        },
        {
            "from": [ 5, 17, 5 ], 
            "to": [ 11, 18, 11 ], 
            "faces": {
                "north": { "texture": "#cover_two", "uv": [ 0, 0, 6, 1 ] },
                "east": { "texture": "#cover_two", "uv": [ 0, 0, 6, 1 ] },
                "south": { "texture": "#cover_two", "uv": [ 0, 0, 6, 1 ] },
                "west": { "texture": "#cover_two", "uv": [ 0, 0, 6, 1 ] },
                "up": { "texture": "#cover_two", "uv": [ 0, 0, 6, 6 ] }
            }
        },
        {
            "from": [ 7, 18, 7 ], 
            "to": [ 9, 18.5, 9 ], 
            "faces": {
                "north": { "texture": "#metal", "uv": [ 0, 0, 2, 0.5 ] },
                "east": { "texture": "#metal", "uv": [ 0, 0, 2, 0.5 ] },
                "south": { "texture": "#metal", "uv": [ 0, 0, 2, 0.5 ] },
                "west": { "texture": "#metal", "uv": [ 0, 0, 2, 0.5 ] }
            }
        },
        {
            "from": [ 6.5, 18.5, 6.5 ], 
            "to": [ 9.5, 21.5, 9.5 ], 
            "faces": {
                "north": { "texture": "#cover_two", "uv": [ 0, 0, 3, 3 ], "tintindex": 0 },
                "east": { "texture": "#cover_two", "uv": [ 0, 0, 3, 3 ], "tintindex": 0 },
                "south": { "texture": "#cover_two", "uv": [ 0, 0, 3, 3 ], "tintindex": 0 },
                "west": { "texture": "#cover_two", "uv": [ 0, 0, 3, 3 ], "tintindex": 0 },
                "up": { "texture": "#cover_two", "uv": [ 0, 0, 3, 3 ], "tintindex": 0 },
                "down": { "texture": "#cover_two", "uv": [ 0, 0, 3, 3 ], "tintindex": 0 }
            }
        },
        {
            "from": [ 7.5, 20, 9.5 ], 
            "to": [ 8.5, 21, 10 ], 
            "faces": {
                "east": { "texture": "#cover_two", "uv": [ 0, 0, 0.5, 1 ] },
                "south": { "texture": "#cover_two", "uv": [ 0, 0, 1, 1 ] },
                "west": { "texture": "#cover_two", "uv": [ 0, 0, 0.5, 1 ] },
                "up": { "texture": "#cover_two", "uv": [ 0, 0, 1, 0.5 ] },
                "down": { "texture": "#cover_two", "uv": [ 0, 0, 1, 0.5 ] }
            }
        },
        {
            "from": [ 4.5, 9, 11.6 ], 
            "to": [ 11.5, 11, 12.6 ], 
            "faces": {
                "south": { "texture": "#logo", "uv": [ 0, 0, 14, 4 ] }
            }
        },
        {
            "from": [ 5, 6.5, 11.6 ], 
            "to": [ 12, 8.5, 12.6 ], 
            "faces": {
                "south": { "texture": "#logo", "uv": [ 0, 4, 14, 8 ] }
            }
        }
    ]
}