{
	"credit": "Model by MrCrayfish (https://twitter.com/MrCraayfish) using Blockbench",
	"textures": {
		"particle": "vehicle:vehicles/tyre",
		"tyre": "vehicle:vehicles/tyre",
		"aluminum": "vehicle:vehicles/aluminum"
	},
	"display": {
		"gui": {
			"rotation": [ 30, 45, 0 ],
			"translation": [ 0, 0, 0 ],
			"scale": [ 2.25, 2.25, 2.25 ]
		},
		"ground": {
			"rotation": [ 0, 0, 0 ],
			"translation": [ 0, 0, 0 ],
			"scale": [ 1, 1, 1 ]
		},
		"fixed": {
			"rotation": [ 0, 270, 0 ],
			"translation": [ 0, 0, -0.6 ],
			"scale": [ 3, 3, 3 ]
		},
		"head": {
			"rotation": [ 0, 180, 269 ],
			"translation": [ 3, 5.9, 0 ],
			"scale": [ 3, 3, 3 ]
		},
		"firstperson_righthand": {
			"rotation": [ 0, 0, 0 ],
			"translation": [ 0, 2.5, 0 ],
			"scale": [ 1, 1, 1 ]
		},
		"thirdperson_righthand": {
			"rotation": [ 75, 0, 0 ],
			"translation": [ 0, 1, 0 ],
			"scale": [ 0.75, 0.75, 0.75 ]
		}
	},
	"elements": [
		{
			"from": [7, 9.5, 7.50272],
			"to": [9, 10.5, 8.49728],
			"faces": {
				"east": {"uv": [8.016, 0.016, 11.984, 3.984], "texture": "#tyre"},
				"west": {"uv": [8.016, 4.016, 11.984, 7.984], "texture": "#tyre"},
				"up": {"uv": [0.016, 8.016, 7.984, 11.984], "texture": "#tyre"}
			}
		},
		{
			"from": [7, 9.5, 7.50272],
			"to": [9, 10.5, 8.49728],
			"rotation": {"angle": -22.5, "axis": "x", "origin": [8, 8, 8]},
			"faces": {
				"east": {"uv": [8.016, 0.016, 11.984, 3.984], "texture": "#tyre"},
				"west": {"uv": [8.016, 4.016, 11.984, 7.984], "texture": "#tyre"},
				"up": {"uv": [0.016, 8.016, 7.984, 11.984], "texture": "#tyre"}
			}
		},
		{
			"from": [7, 7.50272, 5.5],
			"to": [9, 8.49728, 6.5],
			"rotation": {"angle": 45, "axis": "x", "origin": [8, 8, 8]},
			"faces": {
				"north": {"uv": [0.016, 8.016, 7.984, 11.984], "rotation": 180, "texture": "#tyre"},
				"east": {"uv": [8.016, 0.016, 11.984, 3.984], "rotation": 90, "texture": "#tyre"},
				"west": {"uv": [8.016, 4.016, 11.984, 7.984], "rotation": 270, "texture": "#tyre"}
			}
		},
		{
			"from": [7, 7.50272, 5.5],
			"to": [9, 8.49728, 6.5],
			"rotation": {"angle": 22.5, "axis": "x", "origin": [8, 8, 8]},
			"faces": {
				"north": {"uv": [0.016, 8.016, 7.984, 11.984], "rotation": 180, "texture": "#tyre"},
				"east": {"uv": [8.016, 0.016, 11.984, 3.984], "rotation": 90, "texture": "#tyre"},
				"west": {"uv": [8.016, 4.016, 11.984, 7.984], "rotation": 270, "texture": "#tyre"}
			}
		},
		{
			"from": [7, 7.50272, 5.5],
			"to": [9, 8.49728, 6.5],
			"faces": {
				"north": {"uv": [0.016, 8.016, 7.984, 11.984], "rotation": 180, "texture": "#tyre"},
				"east": {"uv": [8.016, 0.016, 11.984, 3.984], "rotation": 90, "texture": "#tyre"},
				"west": {"uv": [8.016, 4.016, 11.984, 7.984], "rotation": 270, "texture": "#tyre"}
			}
		},
		{
			"from": [7, 7.50272, 5.5],
			"to": [9, 8.49728, 6.5],
			"rotation": {"angle": -22.5, "axis": "x", "origin": [8, 8, 8]},
			"faces": {
				"north": {"uv": [0.016, 8.016, 7.984, 11.984], "rotation": 180, "texture": "#tyre"},
				"east": {"uv": [8.016, 0.016, 11.984, 3.984], "rotation": 90, "texture": "#tyre"},
				"west": {"uv": [8.016, 4.016, 11.984, 7.984], "rotation": 270, "texture": "#tyre"}
			}
		},
		{
			"from": [7, 7.50272, 5.5],
			"to": [9, 8.49728, 6.5],
			"rotation": {"angle": -45, "axis": "x", "origin": [8, 8, 8]},
			"faces": {
				"north": {"uv": [0.016, 8.016, 7.984, 11.984], "rotation": 180, "texture": "#tyre"},
				"east": {"uv": [8.016, 0.016, 11.984, 3.984], "rotation": 90, "texture": "#tyre"},
				"west": {"uv": [8.016, 4.016, 11.984, 7.984], "rotation": 270, "texture": "#tyre"}
			}
		},
		{
			"from": [7, 5.5, 7.50272],
			"to": [9, 6.5, 8.49728],
			"rotation": {"angle": 22.5, "axis": "x", "origin": [8, 8, 8]},
			"faces": {
				"east": {"uv": [8.016, 0.016, 11.984, 3.984], "rotation": 180, "texture": "#tyre"},
				"west": {"uv": [8.016, 4.016, 11.984, 7.984], "rotation": 180, "texture": "#tyre"},
				"down": {"uv": [0.016, 8.016, 7.984, 11.984], "texture": "#tyre"}
			}
		},
		{
			"from": [7, 5.5, 7.50272],
			"to": [9, 6.5, 8.49728],
			"faces": {
				"east": {"uv": [8.016, 0.016, 11.984, 3.984], "rotation": 180, "texture": "#tyre"},
				"west": {"uv": [8.016, 4.016, 11.984, 7.984], "rotation": 180, "texture": "#tyre"},
				"down": {"uv": [0.016, 8.016, 7.984, 11.984], "texture": "#tyre"}
			}
		},
		{
			"from": [7, 5.5, 7.50272],
			"to": [9, 6.5, 8.49728],
			"rotation": {"angle": -22.5, "axis": "x", "origin": [8, 8, 8]},
			"faces": {
				"east": {"uv": [8.016, 0.016, 11.984, 3.984], "rotation": 180, "texture": "#tyre"},
				"west": {"uv": [8.016, 4.016, 11.984, 7.984], "rotation": 180, "texture": "#tyre"},
				"down": {"uv": [0.016, 8.016, 7.984, 11.984], "texture": "#tyre"}
			}
		},
		{
			"from": [7, 5.5, 7.50272],
			"to": [9, 6.5, 8.49728],
			"rotation": {"angle": -45, "axis": "x", "origin": [8, 8, 8]},
			"faces": {
				"east": {"uv": [8.016, 0.016, 11.984, 3.984], "rotation": 180, "texture": "#tyre"},
				"west": {"uv": [8.016, 4.016, 11.984, 7.984], "rotation": 180, "texture": "#tyre"},
				"down": {"uv": [0.016, 8.016, 7.984, 11.984], "texture": "#tyre"}
			}
		},
		{
			"from": [7, 7.50272, 9.5],
			"to": [9, 8.49728, 10.5],
			"rotation": {"angle": 22.5, "axis": "x", "origin": [8, 8, 8]},
			"faces": {
				"east": {"uv": [8.016, 0.016, 11.984, 3.984], "rotation": 270, "texture": "#tyre"},
				"south": {"uv": [0.016, 8.016, 7.984, 11.984], "texture": "#tyre"},
				"west": {"uv": [8.016, 4.016, 11.984, 7.984], "rotation": 90, "texture": "#tyre"}
			}
		},
		{
			"from": [7, 7.50272, 9.5],
			"to": [9, 8.49728, 10.5],
			"faces": {
				"east": {"uv": [8.016, 0.016, 11.984, 3.984], "rotation": 270, "texture": "#tyre"},
				"south": {"uv": [0.016, 8.016, 7.984, 11.984], "texture": "#tyre"},
				"west": {"uv": [8.016, 4.016, 11.984, 7.984], "rotation": 90, "texture": "#tyre"}
			}
		},
		{
			"from": [7, 7.50272, 9.5],
			"to": [9, 8.49728, 10.5],
			"rotation": {"angle": -22.5, "axis": "x", "origin": [8, 8, 8]},
			"faces": {
				"east": {"uv": [8.016, 0.016, 11.984, 3.984], "rotation": 270, "texture": "#tyre"},
				"south": {"uv": [0.016, 8.016, 7.984, 11.984], "texture": "#tyre"},
				"west": {"uv": [8.016, 4.016, 11.984, 7.984], "rotation": 90, "texture": "#tyre"}
			}
		},
		{
			"from": [7, 7.50272, 9.5],
			"to": [9, 8.49728, 10.5],
			"rotation": {"angle": -45, "axis": "x", "origin": [8, 8, 8]},
			"faces": {
				"east": {"uv": [8.016, 0.016, 11.984, 3.984], "rotation": 270, "texture": "#tyre"},
				"south": {"uv": [0.016, 8.016, 7.984, 11.984], "texture": "#tyre"},
				"west": {"uv": [8.016, 4.016, 11.984, 7.984], "rotation": 90, "texture": "#tyre"}
			}
		},
		{
			"from": [7, 9.5, 7.50272],
			"to": [9, 10.5, 8.49728],
			"rotation": {"angle": 22.5, "axis": "x", "origin": [8, 8, 8]},
			"faces": {
				"east": {"uv": [8.016, 0.016, 11.984, 3.984], "texture": "#tyre"},
				"west": {"uv": [8.016, 4.016, 11.984, 7.984], "texture": "#tyre"},
				"up": {"uv": [0.016, 8.016, 7.984, 11.984], "texture": "#tyre"}
			}
		},
		{
			"from": [7, 9, 7.70163],
			"to": [9, 9.5, 8.29837],
			"faces": {
				"east": {"uv": [4.016, 4.016, 4.984, 4.984], "texture": "#aluminum", "tintindex": 0},
				"west": {"uv": [0.016, 5.016, 0.984, 5.984], "texture": "#aluminum", "tintindex": 0},
				"down": {"uv": [2.016, 4.016, 3.984, 4.984], "texture": "#aluminum", "tintindex": 0}
			}
		},
		{
			"from": [7, 9, 7.70163],
			"to": [9, 9.5, 8.29837],
			"rotation": {"angle": -22.5, "axis": "x", "origin": [8, 8, 8]},
			"faces": {
				"east": {"uv": [4.016, 4.016, 4.984, 4.984], "texture": "#aluminum", "tintindex": 0},
				"west": {"uv": [0.016, 5.016, 0.984, 5.984], "texture": "#aluminum", "tintindex": 0},
				"down": {"uv": [2.016, 4.016, 3.984, 4.984], "texture": "#aluminum", "tintindex": 0}
			}
		},
		{
			"from": [7, 7.70163, 6.5],
			"to": [9, 8.29837, 7],
			"rotation": {"angle": 45, "axis": "x", "origin": [8, 8, 8]},
			"faces": {
				"east": {"uv": [4.016, 4.016, 4.984, 4.984], "rotation": 90, "texture": "#aluminum", "tintindex": 0},
				"south": {"uv": [2.016, 4.016, 3.984, 4.984], "texture": "#aluminum", "tintindex": 0},
				"west": {"uv": [0.016, 5.016, 0.984, 5.984], "rotation": 270, "texture": "#aluminum", "tintindex": 0}
			}
		},
		{
			"from": [7, 7.70163, 6.5],
			"to": [9, 8.29837, 7],
			"rotation": {"angle": 22.5, "axis": "x", "origin": [8, 8, 8]},
			"faces": {
				"east": {"uv": [4.016, 4.016, 4.984, 4.984], "rotation": 90, "texture": "#aluminum", "tintindex": 0},
				"south": {"uv": [2.016, 4.016, 3.984, 4.984], "texture": "#aluminum", "tintindex": 0},
				"west": {"uv": [0.016, 5.016, 0.984, 5.984], "rotation": 270, "texture": "#aluminum", "tintindex": 0}
			}
		},
		{
			"from": [7, 7.70163, 6.5],
			"to": [9, 8.29837, 7],
			"faces": {
				"east": {"uv": [4.016, 4.016, 4.984, 4.984], "rotation": 90, "texture": "#aluminum", "tintindex": 0},
				"south": {"uv": [2.016, 4.016, 3.984, 4.984], "texture": "#aluminum", "tintindex": 0},
				"west": {"uv": [0.016, 5.016, 0.984, 5.984], "rotation": 270, "texture": "#aluminum", "tintindex": 0}
			}
		},
		{
			"from": [7, 7.70163, 6.5],
			"to": [9, 8.29837, 7],
			"rotation": {"angle": -22.5, "axis": "x", "origin": [8, 8, 8]},
			"faces": {
				"east": {"uv": [4.016, 4.016, 4.984, 4.984], "rotation": 90, "texture": "#aluminum", "tintindex": 0},
				"south": {"uv": [2.016, 4.016, 3.984, 4.984], "texture": "#aluminum", "tintindex": 0},
				"west": {"uv": [0.016, 5.016, 0.984, 5.984], "rotation": 270, "texture": "#aluminum", "tintindex": 0}
			}
		},
		{
			"from": [7, 7.70163, 6.5],
			"to": [9, 8.29837, 7],
			"rotation": {"angle": -45, "axis": "x", "origin": [8, 8, 8]},
			"faces": {
				"east": {"uv": [4.016, 4.016, 4.984, 4.984], "rotation": 90, "texture": "#aluminum", "tintindex": 0},
				"south": {"uv": [2.016, 4.016, 3.984, 4.984], "texture": "#aluminum", "tintindex": 0},
				"west": {"uv": [0.016, 5.016, 0.984, 5.984], "rotation": 270, "texture": "#aluminum", "tintindex": 0}
			}
		},
		{
			"from": [7, 6.5, 7.70163],
			"to": [9, 7, 8.29837],
			"rotation": {"angle": 22.5, "axis": "x", "origin": [8, 8, 8]},
			"faces": {
				"east": {"uv": [4.016, 4.016, 4.984, 4.984], "rotation": 180, "texture": "#aluminum", "tintindex": 0},
				"west": {"uv": [0.016, 5.016, 0.984, 5.984], "rotation": 180, "texture": "#aluminum", "tintindex": 0},
				"up": {"uv": [2.016, 4.016, 3.984, 4.984], "texture": "#aluminum", "tintindex": 0}
			}
		},
		{
			"from": [7, 6.5, 7.70163],
			"to": [9, 7, 8.29837],
			"faces": {
				"east": {"uv": [4.016, 4.016, 4.984, 4.984], "rotation": 180, "texture": "#aluminum", "tintindex": 0},
				"west": {"uv": [0.016, 5.016, 0.984, 5.984], "rotation": 180, "texture": "#aluminum", "tintindex": 0},
				"up": {"uv": [2.016, 4.016, 3.984, 4.984], "texture": "#aluminum", "tintindex": 0}
			}
		},
		{
			"from": [7, 6.5, 7.70163],
			"to": [9, 7, 8.29837],
			"rotation": {"angle": -22.5, "axis": "x", "origin": [8, 8, 8]},
			"faces": {
				"east": {"uv": [4.016, 4.016, 4.984, 4.984], "rotation": 180, "texture": "#aluminum", "tintindex": 0},
				"west": {"uv": [0.016, 5.016, 0.984, 5.984], "rotation": 180, "texture": "#aluminum", "tintindex": 0},
				"up": {"uv": [2.016, 4.016, 3.984, 4.984], "texture": "#aluminum", "tintindex": 0}
			}
		},
		{
			"from": [7, 6.5, 7.70163],
			"to": [9, 7, 8.29837],
			"rotation": {"angle": -45, "axis": "x", "origin": [8, 8, 8]},
			"faces": {
				"east": {"uv": [4.016, 4.016, 4.984, 4.984], "rotation": 180, "texture": "#aluminum", "tintindex": 0},
				"west": {"uv": [0.016, 5.016, 0.984, 5.984], "rotation": 180, "texture": "#aluminum", "tintindex": 0},
				"up": {"uv": [2.016, 4.016, 3.984, 4.984], "texture": "#aluminum", "tintindex": 0}
			}
		},
		{
			"from": [7, 7.70163, 9],
			"to": [9, 8.29837, 9.5],
			"rotation": {"angle": 22.5, "axis": "x", "origin": [8, 8, 8]},
			"faces": {
				"north": {"uv": [2.016, 4.016, 3.984, 4.984], "rotation": 180, "texture": "#aluminum", "tintindex": 0},
				"east": {"uv": [4.016, 4.016, 4.984, 4.984], "rotation": 270, "texture": "#aluminum", "tintindex": 0},
				"west": {"uv": [0.016, 5.016, 0.984, 5.984], "rotation": 90, "texture": "#aluminum", "tintindex": 0}
			}
		},
		{
			"from": [7, 7.70163, 9],
			"to": [9, 8.29837, 9.5],
			"faces": {
				"north": {"uv": [2.016, 4.016, 3.984, 4.984], "rotation": 180, "texture": "#aluminum", "tintindex": 0},
				"east": {"uv": [4.016, 4.016, 4.984, 4.984], "rotation": 270, "texture": "#aluminum", "tintindex": 0},
				"west": {"uv": [0.016, 5.016, 0.984, 5.984], "rotation": 90, "texture": "#aluminum", "tintindex": 0}
			}
		},
		{
			"from": [7, 7.70163, 9],
			"to": [9, 8.29837, 9.5],
			"rotation": {"angle": -22.5, "axis": "x", "origin": [8, 8, 8]},
			"faces": {
				"north": {"uv": [2.016, 4.016, 3.984, 4.984], "rotation": 180, "texture": "#aluminum", "tintindex": 0},
				"east": {"uv": [4.016, 4.016, 4.984, 4.984], "rotation": 270, "texture": "#aluminum", "tintindex": 0},
				"west": {"uv": [0.016, 5.016, 0.984, 5.984], "rotation": 90, "texture": "#aluminum", "tintindex": 0}
			}
		},
		{
			"from": [7, 7.70163, 9],
			"to": [9, 8.29837, 9.5],
			"rotation": {"angle": -45, "axis": "x", "origin": [8, 8, 8]},
			"faces": {
				"north": {"uv": [2.016, 4.016, 3.984, 4.984], "rotation": 180, "texture": "#aluminum", "tintindex": 0},
				"east": {"uv": [4.016, 4.016, 4.984, 4.984], "rotation": 270, "texture": "#aluminum", "tintindex": 0},
				"west": {"uv": [0.016, 5.016, 0.984, 5.984], "rotation": 90, "texture": "#aluminum", "tintindex": 0}
			}
		},
		{
			"from": [7, 9, 7.70163],
			"to": [9, 9.5, 8.29837],
			"rotation": {"angle": 22.5, "axis": "x", "origin": [8, 8, 8]},
			"faces": {
				"east": {"uv": [4.016, 4.016, 4.984, 4.984], "texture": "#aluminum", "tintindex": 0},
				"west": {"uv": [0.016, 5.016, 0.984, 5.984], "texture": "#aluminum", "tintindex": 0},
				"down": {"uv": [2.016, 4.016, 3.984, 4.984], "texture": "#aluminum", "tintindex": 0}
			}
		},
		{
			"from": [7.1, 7, 7],
			"to": [8.9, 9, 9],
			"faces": {
				"east": {"uv": [2.016, 2.016, 2.984, 3.984], "texture": "#aluminum", "tintindex": 0},
				"west": {"uv": [2.016, 0.016, 2.984, 1.984], "texture": "#aluminum", "tintindex": 0}
			}
		}
	]
}