{
    "__comment": "Model generated using MrCrayfish's Model Creator (https://mrcrayfish.com/tools?id=mc)",
    "textures": {
        "bed": "minecraft:block/anvil",
        "detail": "minecraft:block/stone",
        "base": "minecraft:block/light_gray_concrete",
        "shaft": "minecraft:block/white_concrete"
    },
    "display": {
        "gui": {
            "rotation": [ 30, 45, 0 ],
            "translation": [ 0.75, 1, 0 ],
            "scale": [ 0.75, 0.75, 0.75 ]
        },
        "ground": {
            "rotation": [ 0, 0, 0 ],
            "translation": [ 0, 3, 0 ],
            "scale": [ 0.75, 0.75, 0.75 ]
        },
        "fixed": {
            "rotation": [ 270, 0, 0 ],
            "translation": [ 0, 1, -7 ],
            "scale": [ 1, 1, 1 ]
        },
        "firstperson_righthand": {
            "rotation": [ 0, 270, 0 ],
            "translation": [ 0, 2.5, 0 ],
            "scale": [ 0.4, 0.4, 0.4 ]
        },
        "thirdperson_righthand": {
            "rotation": [ 75, 180, 0 ],
            "translation": [ 0, 1.5, 1 ],
            "scale": [ 0.375, 0.375, 0.375 ]
        }
    },
    "elements": [
        {
            "from": [ 4, 0, 0 ], 
            "to": [ 12, 1, 13 ], 
            "faces": {
                "north": { "texture": "#bed", "uv": [ 0, 0, 8, 1 ] },
                "east": { "texture": "#bed", "uv": [ 0, 0, 13, 1 ] },
                "south": { "texture": "#bed", "uv": [ 0, 0, 8, 1 ] },
                "west": { "texture": "#bed", "uv": [ 0, 0, 13, 1 ] },
                "up": { "texture": "#bed", "uv": [ 0, 0, 8, 13 ] },
                "down": { "texture": "#bed", "uv": [ 0, 0, 8, 13 ] }
            }
        },
        {
            "from": [ 5.5, 1, 0 ], 
            "to": [ 10.5, 9, 11 ], 
            "faces": {
                "north": { "texture": "#base", "uv": [ 0, 0, 5, 8 ] },
                "east": { "texture": "#base", "uv": [ 0, 0, 11, 8 ] },
                "west": { "texture": "#base", "uv": [ 0, 0, 11, 8 ] },
                "up": { "texture": "#base", "uv": [ 0, 0, 5, 11 ] }
            }
        },
        {
            "from": [ 10.5, 2.5, 0 ], 
            "to": [ 12, 7.5, 11 ], 
            "faces": {
                "north": { "texture": "#base", "uv": [ 0, 0, 1.5, 5 ] },
                "east": { "texture": "#base", "uv": [ 0, 0, 11, 5 ] }
            }
        },
        {
            "from": [ 4, 2.5, 0 ], 
            "to": [ 5.5, 7.5, 11 ], 
            "faces": {
                "north": { "texture": "#base", "uv": [ 0, 0, 1.5, 5 ] },
                "west": { "texture": "#base", "uv": [ 0, 0, 11, 5 ] }
            }
        },
        {
            "from": [ 4, 7.5, 0 ], 
            "to": [ 5.5, 9.6, 11 ], 
            "rotation": { "origin": [ 4.0, 7.499999992549419, 8.0 ], "axis": "z", "angle": -45.0 },
            "faces": {
                "north": { "texture": "#base", "uv": [ 0, 0, 1.5, 2.1 ] },
                "east": { "texture": "#base", "uv": [ 0, 0, 11, 2.1 ] },
                "south": { "texture": "#base", "uv": [ 0, 0, 1.5, 2.1 ] },
                "west": { "texture": "#base", "uv": [ 0, 0, 11, 2.1 ] },
                "up": { "texture": "#base", "uv": [ 0, 0, 1.5, 11 ] }
            }
        },
        {
            "from": [ 10.5, 7.5, 0 ], 
            "to": [ 12, 9.6, 11 ], 
            "rotation": { "origin": [ 12.0, 7.499999992549419, 8.0 ], "axis": "z", "angle": 45.0 },
            "faces": {
                "north": { "texture": "#base", "uv": [ 0, 0, 1.5, 2.1 ] },
                "east": { "texture": "#base", "uv": [ 0, 0, 11, 2.1 ] },
                "south": { "texture": "#base", "uv": [ 0, 0, 1.5, 2.1 ] },
                "west": { "texture": "#base", "uv": [ 0, 0, 11, 2.1 ] },
                "up": { "texture": "#base", "uv": [ 0, 0, 1.5, 11 ] }
            }
        },
        {
            "from": [ 4, 0.4, 0 ], 
            "to": [ 5.5, 2.5, 11 ], 
            "rotation": { "origin": [ 4.0, 2.5000000074505806, 8.0 ], "axis": "z", "angle": 45.0 },
            "faces": {
                "north": { "texture": "#base", "uv": [ 0, 0, 1.5, 2.1 ] },
                "east": { "texture": "#base", "uv": [ 0, 0, 11, 2.1 ] },
                "south": { "texture": "#base", "uv": [ 0, 0, 1.5, 2.1 ] },
                "west": { "texture": "#base", "uv": [ 0, 0, 11, 2.1 ] },
                "down": { "texture": "#base", "uv": [ 0, 0, 1.5, 11 ] }
            }
        },
        {
            "from": [ 10.5, 0.4, 0 ], 
            "to": [ 12, 2.5, 11 ], 
            "rotation": { "origin": [ 12.0, 2.5000000074505806, 8.0 ], "axis": "z", "angle": -45.0 },
            "faces": {
                "north": { "texture": "#base", "uv": [ 0, 0, 1.5, 2.1 ] },
                "east": { "texture": "#base", "uv": [ 0, 0, 11, 2.1 ] },
                "south": { "texture": "#base", "uv": [ 0, 0, 1.5, 2.1 ] },
                "west": { "texture": "#base", "uv": [ 0, 0, 11, 2.1 ] },
                "down": { "texture": "#base", "uv": [ 0, 0, 1.5, 11 ] }
            }
        },
        {
            "from": [ 4, 2.5, 11 ], 
            "to": [ 5.5, 7.5, 13 ], 
            "faces": {
                "south": { "texture": "#detail", "uv": [ 1, 1, 2.5, 6 ] },
                "west": { "texture": "#detail", "uv": [ 0, 1.5, 2, 6.5 ] }
            }
        },
        {
            "from": [ 5.5, 1, 11 ], 
            "to": [ 10.5, 9, 13 ], 
            "faces": {
                "east": { "texture": "#detail", "uv": [ 0, 0, 2, 8 ] },
                "south": { "texture": "#detail", "uv": [ 1, 1, 6, 9 ] },
                "west": { "texture": "#detail", "uv": [ 0, 0, 2, 8 ] },
                "up": { "texture": "#detail", "uv": [ 7, 0, 12, 2 ] }
            }
        },
        {
            "from": [ 10.5, 2.5, 11 ], 
            "to": [ 12, 7.5, 13 ], 
            "faces": {
                "east": { "texture": "#detail", "uv": [ 14, 1.5, 16, 6.5 ] },
                "south": { "texture": "#detail", "uv": [ 1, 1, 2.5, 6 ] }
            }
        },
        {
            "from": [ 10.5, 7.5, 11 ], 
            "to": [ 12, 9.62, 12.99 ], 
            "rotation": { "origin": [ 12.0, 7.499999992549419, 8.0 ], "axis": "z", "angle": 45.0 },
            "faces": {
                "north": { "texture": "#detail", "uv": [ 0, 0, 1.5, 2.1 ] },
                "east": { "texture": "#detail", "uv": [ 14, 1, 16, 3 ] },
                "south": { "texture": "#detail", "uv": [ 1, 1, 2, 2 ] },
                "west": { "texture": "#detail", "uv": [ 0, 0, 2, 2 ] },
                "up": { "texture": "#detail", "uv": [ 0, 0, 1.5, 2 ] }
            }
        },
        {
            "from": [ 4, 7.5, 11 ], 
            "to": [ 5.5, 9.62, 12.99 ], 
            "rotation": { "origin": [ 4.0, 7.499999992549419, 8.0 ], "axis": "z", "angle": -45.0 },
            "faces": {
                "north": { "texture": "#detail", "uv": [ 0, 0, 1.5, 2.1 ] },
                "east": { "texture": "#detail", "uv": [ 0, 0, 2, 2.1 ] },
                "south": { "texture": "#detail", "uv": [ 1, 1, 2, 2 ] },
                "west": { "texture": "#detail", "uv": [ 0, 4, 2, 6 ] },
                "up": { "texture": "#detail", "uv": [ 0, 0, 1.5, 2 ] }
            }
        },
        {
            "from": [ 4, 0.4, 11 ], 
            "to": [ 5.5, 2.5, 12.99 ], 
            "rotation": { "origin": [ 4.0, 2.5000000074505806, 8.0 ], "axis": "z", "angle": 45.0 },
            "faces": {
                "north": { "texture": "#detail", "uv": [ 0, 0, 1.5, 2.1 ] },
                "east": { "texture": "#detail", "uv": [ 0, 0, 2, 2.1 ] },
                "south": { "texture": "#detail", "uv": [ 1, 1, 2, 2 ] },
                "west": { "texture": "#detail", "uv": [ 0, 1, 2, 3 ] },
                "down": { "texture": "#detail", "uv": [ 0, 0, 1.5, 2 ] }
            }
        },
        {
            "from": [ 10.5, 0.4, 11 ], 
            "to": [ 12, 2.5, 12.99 ], 
            "rotation": { "origin": [ 12.0, 2.5000000074505806, 8.0 ], "axis": "z", "angle": -45.0 },
            "faces": {
                "north": { "texture": "#detail", "uv": [ 0, 0, 1.5, 2.1 ] },
                "east": { "texture": "#detail", "uv": [ 14, 1, 16, 3 ] },
                "south": { "texture": "#detail", "uv": [ 1, 1, 2, 2 ] },
                "west": { "texture": "#detail", "uv": [ 0, 0, 2, 2.1 ] },
                "down": { "texture": "#detail", "uv": [ 0, 0, 1.5, 2 ] }
            }
        },
        {
            "from": [ 7, 4, 13 ], 
            "to": [ 9, 6, 13.5 ], 
            "faces": {
                "east": { "texture": "#base", "uv": [ 0, 3, 0.5, 4 ] },
                "south": { "texture": "#base", "uv": [ 0, 3, 2, 4 ] },
                "west": { "texture": "#base", "uv": [ 0, 3, 0.5, 4 ] },
                "up": { "texture": "#base", "uv": [ 0, 3, 2, 3.5 ] },
                "down": { "texture": "#base", "uv": [ 0, 3, 2, 3.5 ] }
            }
        },
        {
            "from": [ 7.5, 4.5, 13.5 ], 
            "to": [ 8.5, 5.5, 15.5 ], 
            "faces": {
                "east": { "texture": "#shaft", "uv": [ 0, 3, 0.5, 4 ] },
                "south": { "texture": "#shaft", "uv": [ 0, 3, 2, 4 ] },
                "west": { "texture": "#shaft", "uv": [ 0, 3, 0.5, 4 ] },
                "up": { "texture": "#shaft", "uv": [ 0, 3, 1, 5 ] },
                "down": { "texture": "#shaft", "uv": [ 0, 3, 1, 5 ] }
            }
        }
    ]
}