{
    "__comment": "Model generated using MrCrayfish's Model Creator (https://mrcrayfish.com/tools?id=mc)",
    "textures": {
        "handle_guard": "minecraft:block/gray_concrete",
        "metal_tip": "minecraft:block/iron_block",
        "metal_base": "minecraft:block/red_concrete",
        "handle": "minecraft:block/light_gray_concrete"
    },
    "display": {
        "gui": {
            "rotation": [ 30, 225, 0 ],
            "translation": [ 0, 1, 0 ],
            "scale": [ 1, 1, 1 ]
        },
        "ground": {
            "rotation": [ 0, 0, 0 ],
            "translation": [ 0, 3, 0 ],
            "scale": [ 0.75, 0.75, 0.75 ]
        },
        "fixed": {
            "rotation": [ 0, 0, 0 ],
            "translation": [ 0, 1.5, 0 ],
            "scale": [ 1.25, 1.25, 1.25 ]
        },
        "firstperson_righthand": {
            "rotation": [ 0, 90, 0 ],
            "translation": [ 0, 2.5, 0 ],
            "scale": [ 0.625, 0.625, 0.625 ]
        },
        "thirdperson_righthand": {
            "rotation": [ 0, 90, 0 ],
            "translation": [ 0, 2, 1 ],
            "scale": [ 1, 1, 1 ]
        }
    },
    "elements": [
        {
            "from": [ 7.2, 1, 7.3 ], 
            "to": [ 8.8, 7, 8.7 ], 
            "faces": {
                "north": { "texture": "#handle", "uv": [ 0, 0, 1.6, 6 ] },
                "east": { "texture": "#handle", "uv": [ 0, 0, 1.4, 6 ] },
                "south": { "texture": "#handle", "uv": [ 0, 0, 1.6, 6 ] },
                "west": { "texture": "#handle", "uv": [ 0, 0, 1.4, 6 ] }
            }
        },
        {
            "from": [ 6.3, 9, 7.3 ], 
            "to": [ 7.3, 11.7, 8.7 ], 
            "rotation": { "origin": [ 7.299999989569187, 10.0, 8.0 ], "axis": "z", "angle": 45.0 },
            "faces": {
                "north": { "texture": "#metal_base", "uv": [ 0, 0, 1, 2.7 ] },
                "east": { "texture": "#metal_base", "uv": [ 0, 0, 1.4, 2.7 ] },
                "south": { "texture": "#metal_base", "uv": [ 0, 0, 1, 2.7 ] },
                "west": { "texture": "#metal_base", "uv": [ 0, 0, 1.4, 2.7 ] },
                "up": { "texture": "#metal_base", "uv": [ 0, 0, 1, 1.4 ] },
                "down": { "texture": "#metal_base", "uv": [ 0, 0, 1, 1.4 ] }
            }
        },
        {
            "from": [ 5.4, 10.5, 7.3 ], 
            "to": [ 6.4, 11.5, 8.7 ], 
            "faces": {
                "north": { "texture": "#metal_base", "uv": [ 0, 0, 1, 1 ] },
                "east": { "texture": "#metal_base", "uv": [ 0, 0, 1.4, 1 ] },
                "south": { "texture": "#metal_base", "uv": [ 0, 0, 1, 1 ] },
                "west": { "texture": "#metal_base", "uv": [ 0, 0, 1.4, 1 ] },
                "down": { "texture": "#metal_base", "uv": [ 0, 0, 1, 1.4 ] }
            }
        },
        {
            "from": [ 8.7, 9, 7.3 ], 
            "to": [ 9.7, 11.7, 8.7 ], 
            "rotation": { "origin": [ 8.699999995529652, 10.0, 8.0 ], "axis": "z", "angle": -45.0 },
            "faces": {
                "north": { "texture": "#metal_base", "uv": [ 0, 0, 1, 2.7 ] },
                "east": { "texture": "#metal_base", "uv": [ 0, 0, 1.4, 2.7 ] },
                "south": { "texture": "#metal_base", "uv": [ 0, 0, 1, 2.7 ] },
                "west": { "texture": "#metal_base", "uv": [ 0, 0, 1.4, 2.7 ] },
                "up": { "texture": "#metal_base", "uv": [ 0, 0, 1, 1.4 ] },
                "down": { "texture": "#metal_base", "uv": [ 0, 0, 1, 1.4 ] }
            }
        },
        {
            "from": [ 9.6, 10.5, 7.3 ], 
            "to": [ 10.6, 11.5, 8.7 ], 
            "faces": {
                "north": { "texture": "#metal_base", "uv": [ 0, 0, 1, 1 ] },
                "east": { "texture": "#metal_base", "uv": [ 0, 0, 1.4, 1 ] },
                "south": { "texture": "#metal_base", "uv": [ 0, 0, 1, 1 ] },
                "west": { "texture": "#metal_base", "uv": [ 0, 0, 1.4, 1 ] },
                "down": { "texture": "#metal_base", "uv": [ 0, 0, 1, 1.4 ] }
            }
        },
        {
            "from": [ 7.1, 6.4, 7.2 ], 
            "to": [ 8.9, 8, 8.8 ], 
            "faces": {
                "north": { "texture": "#handle_guard", "uv": [ 0, 0, 1.8, 1.6 ] },
                "east": { "texture": "#handle_guard", "uv": [ 0, 0, 1.6, 1.6 ] },
                "south": { "texture": "#handle_guard", "uv": [ 0, 0, 1.8, 1.6 ] },
                "west": { "texture": "#handle_guard", "uv": [ 0, 0, 1.6, 1.6 ] },
                "up": { "texture": "#handle_guard", "uv": [ 0, 0, 1.8, 1.6 ] },
                "down": { "texture": "#handle_guard", "uv": [ 0, 0, 1.8, 1.6 ] }
            }
        },
        {
            "from": [ 7.1, 0, 7.2 ], 
            "to": [ 8.9, 1.6, 8.8 ], 
            "faces": {
                "north": { "texture": "#handle_guard", "uv": [ 0, 0, 1.8, 1.6 ] },
                "east": { "texture": "#handle_guard", "uv": [ 0, 0, 1.6, 1.6 ] },
                "south": { "texture": "#handle_guard", "uv": [ 0, 0, 1.8, 1.6 ] },
                "west": { "texture": "#handle_guard", "uv": [ 0, 0, 1.6, 1.6 ] },
                "up": { "texture": "#handle_guard", "uv": [ 0, 0, 1.8, 1.6 ] },
                "down": { "texture": "#handle_guard", "uv": [ 0, 0, 1.8, 1.6 ] }
            }
        },
        {
            "from": [ 7.3, 8, 7.3 ], 
            "to": [ 8.7, 10, 8.7 ], 
            "faces": {
                "north": { "texture": "#metal_base", "uv": [ 0, 0, 1.4, 2 ] },
                "east": { "texture": "#metal_base", "uv": [ 0, 0, 1.4, 2 ] },
                "south": { "texture": "#metal_base", "uv": [ 0, 0, 1.4, 2 ] },
                "west": { "texture": "#metal_base", "uv": [ 0, 0, 1.4, 2 ] },
                "up": { "texture": "#metal_base", "uv": [ 0, 0, 1.4, 1.4 ] }
            }
        },
        {
            "from": [ 5.4, 11.5, 7.3 ], 
            "to": [ 6.4, 12.5, 8.7 ], 
            "faces": {
                "north": { "texture": "#metal_tip", "uv": [ 1, 1, 2, 2 ] },
                "east": { "texture": "#metal_tip", "uv": [ 1, 1, 2.4, 2 ] },
                "south": { "texture": "#metal_tip", "uv": [ 1, 1, 2, 2 ] },
                "west": { "texture": "#metal_tip", "uv": [ 1, 1, 2.4, 2 ] },
                "up": { "texture": "#metal_tip", "uv": [ 1, 1, 2, 2.4 ] }
            }
        },
        {
            "from": [ 9.6, 11.5, 7.3 ], 
            "to": [ 10.6, 12.5, 8.7 ], 
            "faces": {
                "north": { "texture": "#metal_tip", "uv": [ 1, 1, 2, 2 ] },
                "east": { "texture": "#metal_tip", "uv": [ 1, 1, 2.4, 2 ] },
                "south": { "texture": "#metal_tip", "uv": [ 1, 2, 2, 3 ] },
                "west": { "texture": "#metal_tip", "uv": [ 1, 1, 2.4, 2 ] },
                "up": { "texture": "#metal_tip", "uv": [ 1, 1, 2, 2.4 ] }
            }
        }
    ]
}