{
    "display": {
        "icon": {
            "item": "cfm:computer"
        },
        "title": {
            "translate": "advancements.cfm.moderntechnology"
        },
        "description": {
            "translate": "advancements.cfm.moderntechnology.desc"
        }
    },
	"parent": "cfm:install",
	"criteria": {
		"placed_computer": {
            "trigger": "minecraft:placed_block",
            "conditions": {
                "block": "cfm:computer"
            }
		}
	}
}