{
    "variants": {
        "facing=north": {
            "model": "vehicle:block/industrial_fuel_drum",
            "y": 0
        },
        "facing=east": {
            "model": "vehicle:block/industrial_fuel_drum",
            "y": 90
        },
        "facing=south": {
            "model": "vehicle:block/industrial_fuel_drum",
            "y": 180
        },
        "facing=west": {
            "model": "vehicle:block/industrial_fuel_drum",
            "y": 270
        }
    }
}