{
    "variants": {
        "facing=north": [
            {
                "model": "vehicle:block/workstation",
                "weight": 8,
                "y": 0
            }, {
                "model": "vehicle:block/workstation_paper",
                "weight": 2,
                "y": 0
            }, {
                "model": "vehicle:block/workstation_coffee",
                "weight": 2,
                "y": 0
            }
        ],
        "facing=east": [
            {
                "model": "vehicle:block/workstation",
                "weight": 8,
                "y": 90
            },
            {
                "model": "vehicle:block/workstation_paper",
                "weight": 2,
                "y": 90
            },
            {
                "model": "vehicle:block/workstation_coffee",
                "weight": 2,
                "y": 90
            }
        ],
        "facing=south": [
            {
                "model": "vehicle:block/workstation",
                "weight": 8,
                "y": 180
            },
            {
                "model": "vehicle:block/workstation_paper",
                "weight": 2,
                "y": 180
            },
            {
                "model": "vehicle:block/workstation_coffee",
                "weight": 2,
                "y": 180
            }
        ],
        "facing=west": [
            {
                "model": "vehicle:block/workstation",
                "weight": 8,
                "y": 270
            },
            {
                "model": "vehicle:block/workstation_paper",
                "weight": 2,
                "y": 270
            },
            {
                "model": "vehicle:block/workstation_coffee",
                "weight": 2,
                "y": 270
            }
        ]
    }
}