{
    "__comment": "Model generated using MrCrayfish's Model Creator (https://mrcrayfish.com/tools?id=mc)",
    "textures": {
        "particle": "vehicle:blocks/boost_pad",
        "0": "minecraft:block/gray_concrete"
    },
    "display": {
        "gui": {
            "rotation": [ 30, 225, 0 ],
            "translation": [ 0, 0, 0 ],
            "scale": [ 0.625, 0.625, 0.625 ]
        },
        "ground": {
            "rotation": [ 0, 0, 0 ],
            "translation": [ 0, 3, 0 ],
            "scale": [ 0.25, 0.25, 0.25 ]
        },
        "fixed": {
            "rotation": [ 0, 0, 0 ],
            "translation": [ 0, 0, 0 ],
            "scale": [ 0.5, 0.5, 0.5 ]
        },
        "thirdperson_righthand": {
            "rotation": [ 75, 45, 0 ],
            "translation": [ 0, 2.5, 0 ],
            "scale": [ 0.375, 0.375, 0.375 ]
        },
        "thirdperson_lefthand": {
            "rotation": [ 75, 255, 0 ],
            "translation": [ 0, 2.5, 0 ],
            "scale": [ 0.375, 0.375, 0.375 ]
        },
        "firstperson_righthand": {
            "rotation": [ 0, 45, 0 ],
            "translation": [ 0, 2.5, 0 ],
            "scale": [ 0.4, 0.4, 0.4 ]
        },
        "firstperson_lefthand": {
            "rotation": [ 0, 225, 0 ],
            "translation": [ 0, 2.5, 0 ],
            "scale": [ 0.4, 0.4, 0.4 ]
        }
    },
    "elements": [
        {
            "name": "side_2",
            "from": [ 15.00, 0.00, 0.00 ], 
            "to": [ 16.00, 1.00, 16.00 ], 
            "faces": {
                "north": { "texture": "#0", "uv": [ 0.00, 0.00, 1.00, 1.00 ] },
                "east": { "texture": "#0", "uv": [ 0.00, 0.00, 16.00, 1.00 ] },
                "south": { "texture": "#0", "uv": [ 0.00, 0.00, 1.00, 1.00 ] },
                "west": { "texture": "#0", "uv": [ 0.00, 0.00, 16.00, 1.00 ] },
                "up": { "texture": "#0", "uv": [ 0.00, 0.00, 1.00, 16.00 ] },
                "down": { "texture": "#0", "uv": [ 0.00, 0.00, 1.00, 16.00 ] }
            }
        }
    ]
}