{
    "__comment": "Model generated using MrCrayfish's Model Creator (https://mrcrayfish.com/tools?id=mc)",
    "textures": {
        "particle": "minecraft:block/iron_block",
        "0": "minecraft:block/iron_block",
        "1": "minecraft:block/anvil",
        "2": "minecraft:block/stone"
    },
    "display": {
        "gui": {
            "rotation": [ 30, 225, 0 ],
            "translation": [ 2, -2, 0 ],
            "scale": [ 0.75, 0.75, 0.75 ]
        },
        "ground": {
            "rotation": [ 0, 0, 0 ],
            "translation": [ 0, 3, 0 ],
            "scale": [ 0.25, 0.25, 0.25 ]
        },
        "fixed": {
            "rotation": [ 0, 0, 0 ],
            "translation": [ 0, 0, 0 ],
            "scale": [ 0.5, 0.5, 0.5 ]
        },
        "thirdperson_righthand": {
            "rotation": [ 75, 45, 0 ],
            "translation": [ 0, 2.5, 0 ],
            "scale": [ 0.375, 0.375, 0.375 ]
        },
        "thirdperson_lefthand": {
            "rotation": [ 75, 255, 0 ],
            "translation": [ 0, 2.5, 0 ],
            "scale": [ 0.375, 0.375, 0.375 ]
        },
        "firstperson_righthand": {
            "rotation": [ 0, 45, 0 ],
            "translation": [ 0, 2.5, 0 ],
            "scale": [ 0.4, 0.4, 0.4 ]
        },
        "firstperson_lefthand": {
            "rotation": [ 0, 225, 0 ],
            "translation": [ 0, 2.5, 0 ],
            "scale": [ 0.4, 0.4, 0.4 ]
        }
    },
    "elements": [
        {
            "name": "base",
            "from": [ 6.00, 5.00, 6.00 ], 
            "to": [ 10.00, 11.00, 10.00 ], 
            "faces": {
                "north": { "texture": "#0", "uv": [ 5.00, 1.00, 9.00, 7.00 ] },
                "east": { "texture": "#0", "uv": [ 6.00, 7.00, 10.00, 13.00 ] },
                "south": { "texture": "#0", "uv": [ 6.00, 10.00, 10.00, 16.00 ] },
                "west": { "texture": "#0", "uv": [ 3.00, 6.00, 7.00, 12.00 ] },
                "up": { "texture": "#0", "uv": [ 4.00, 7.00, 8.00, 11.00 ] },
                "down": { "texture": "#0", "uv": [ 2.00, 8.00, 6.00, 12.00 ] }
            }
        },
        {
            "name": "Cube",
            "from": [ 6.00, 6.00, 5.00 ], 
            "to": [ 10.00, 10.00, 11.00 ], 
            "faces": {
                "north": { "texture": "#0", "uv": [ 5.00, 1.00, 9.00, 5.00 ] },
                "east": { "texture": "#0", "uv": [ 6.00, 7.00, 12.00, 11.00 ] },
                "south": { "texture": "#0", "uv": [ 6.00, 10.00, 10.00, 14.00 ] },
                "west": { "texture": "#0", "uv": [ 3.00, 6.00, 9.00, 10.00 ] },
                "up": { "texture": "#0", "uv": [ 4.00, 7.00, 8.00, 13.00 ] },
                "down": { "texture": "#0", "uv": [ 2.00, 8.00, 6.00, 14.00 ] }
            }
        },
        {
            "name": "Cube",
            "from": [ 5.00, 6.00, 6.00 ], 
            "to": [ 11.00, 10.00, 10.00 ], 
            "faces": {
                "north": { "texture": "#0", "uv": [ 5.00, 1.00, 11.00, 5.00 ] },
                "east": { "texture": "#0", "uv": [ 6.00, 7.00, 10.00, 11.00 ] },
                "south": { "texture": "#0", "uv": [ 6.00, 10.00, 12.00, 14.00 ] },
                "west": { "texture": "#0", "uv": [ 3.00, 6.00, 7.00, 10.00 ] },
                "up": { "texture": "#0", "uv": [ 4.00, 7.00, 10.00, 11.00 ] },
                "down": { "texture": "#0", "uv": [ 2.00, 8.00, 8.00, 12.00 ] }
            }
        },
        {
            "name": "Cube",
            "from": [ 4.50, 10.50, 12.00 ], 
            "to": [ 11.50, 11.50, 13.00 ], 
            "faces": {
                "north": { "texture": "#1", "uv": [ 0.00, 0.00, 7.00, 1.00 ] },
                "east": { "texture": "#1", "uv": [ 0.00, 0.00, 1.00, 1.00 ] },
                "south": { "texture": "#1", "uv": [ 0.00, 0.00, 7.00, 1.00 ] },
                "west": { "texture": "#1", "uv": [ 0.00, 0.00, 1.00, 1.00 ] },
                "up": { "texture": "#1", "uv": [ 0.00, 0.00, 7.00, 1.00 ] },
                "down": { "texture": "#1", "uv": [ 0.00, 0.00, 7.00, 1.00 ] }
            }
        },
        {
            "name": "Cube",
            "from": [ 4.50, 4.50, 12.00 ], 
            "to": [ 11.50, 5.50, 13.00 ], 
            "faces": {
                "north": { "texture": "#1", "uv": [ 0.00, 0.00, 7.00, 1.00 ] },
                "east": { "texture": "#1", "uv": [ 0.00, 0.00, 1.00, 1.00 ] },
                "south": { "texture": "#1", "uv": [ 0.00, 0.00, 7.00, 1.00 ] },
                "west": { "texture": "#1", "uv": [ 0.00, 0.00, 1.00, 1.00 ] },
                "up": { "texture": "#1", "uv": [ 0.00, 0.00, 7.00, 1.00 ] },
                "down": { "texture": "#1", "uv": [ 0.00, 0.00, 7.00, 1.00 ] }
            }
        },
        {
            "name": "Cube",
            "from": [ 5.00, 5.00, 10.00 ], 
            "to": [ 11.00, 6.00, 11.00 ], 
            "faces": {
                "north": { "texture": "#0", "uv": [ 0.00, 0.00, 6.00, 1.00 ] },
                "east": { "texture": "#0", "uv": [ 0.00, 0.00, 1.00, 1.00 ] },
                "south": { "texture": "#0", "uv": [ 0.00, 0.00, 6.00, 1.00 ] },
                "west": { "texture": "#0", "uv": [ 0.00, 0.00, 1.00, 1.00 ] },
                "up": { "texture": "#0", "uv": [ 0.00, 0.00, 6.00, 1.00 ] },
                "down": { "texture": "#0", "uv": [ 0.00, 0.00, 6.00, 1.00 ] }
            }
        },
        {
            "name": "Cube",
            "from": [ 5.00, 5.00, 6.00 ], 
            "to": [ 6.00, 6.00, 10.00 ], 
            "faces": {
                "north": { "texture": "#0", "uv": [ 0.00, 0.00, 1.00, 1.00 ] },
                "east": { "texture": "#0", "uv": [ 0.00, 0.00, 4.00, 1.00 ] },
                "south": { "texture": "#0", "uv": [ 0.00, 0.00, 1.00, 1.00 ] },
                "west": { "texture": "#0", "uv": [ 0.00, 0.00, 4.00, 1.00 ] },
                "up": { "texture": "#0", "uv": [ 0.00, 0.00, 1.00, 4.00 ] },
                "down": { "texture": "#0", "uv": [ 0.00, 0.00, 1.00, 4.00 ] }
            }
        },
        {
            "name": "Cube",
            "from": [ 5.00, 10.00, 6.00 ], 
            "to": [ 6.00, 11.00, 10.00 ], 
            "faces": {
                "north": { "texture": "#0", "uv": [ 0.00, 0.00, 1.00, 1.00 ] },
                "east": { "texture": "#0", "uv": [ 0.00, 0.00, 4.00, 1.00 ] },
                "south": { "texture": "#0", "uv": [ 0.00, 0.00, 1.00, 1.00 ] },
                "west": { "texture": "#0", "uv": [ 0.00, 0.00, 4.00, 1.00 ] },
                "up": { "texture": "#0", "uv": [ 0.00, 0.00, 1.00, 4.00 ] },
                "down": { "texture": "#0", "uv": [ 0.00, 0.00, 1.00, 4.00 ] }
            }
        },
        {
            "name": "Cube",
            "from": [ 10.00, 10.00, 6.00 ], 
            "to": [ 11.00, 11.00, 10.00 ], 
            "faces": {
                "north": { "texture": "#0", "uv": [ 0.00, 0.00, 1.00, 1.00 ] },
                "east": { "texture": "#0", "uv": [ 0.00, 0.00, 4.00, 1.00 ] },
                "south": { "texture": "#0", "uv": [ 0.00, 0.00, 1.00, 1.00 ] },
                "west": { "texture": "#0", "uv": [ 0.00, 0.00, 4.00, 1.00 ] },
                "up": { "texture": "#0", "uv": [ 0.00, 0.00, 1.00, 4.00 ] },
                "down": { "texture": "#0", "uv": [ 0.00, 0.00, 1.00, 4.00 ] }
            }
        },
        {
            "name": "Cube",
            "from": [ 10.00, 5.00, 6.00 ], 
            "to": [ 11.00, 6.00, 10.00 ], 
            "faces": {
                "north": { "texture": "#0", "uv": [ 0.00, 0.00, 1.00, 1.00 ] },
                "east": { "texture": "#0", "uv": [ 0.00, 0.00, 4.00, 1.00 ] },
                "south": { "texture": "#0", "uv": [ 0.00, 0.00, 1.00, 1.00 ] },
                "west": { "texture": "#0", "uv": [ 0.00, 0.00, 4.00, 1.00 ] },
                "up": { "texture": "#0", "uv": [ 0.00, 0.00, 1.00, 4.00 ] },
                "down": { "texture": "#0", "uv": [ 0.00, 0.00, 1.00, 4.00 ] }
            }
        },
        {
            "name": "Cube",
            "from": [ 4.50, 5.50, 12.00 ], 
            "to": [ 5.50, 10.50, 13.00 ], 
            "faces": {
                "north": { "texture": "#1", "uv": [ 0.00, 0.00, 1.00, 5.00 ] },
                "east": { "texture": "#1", "uv": [ 0.00, 0.00, 1.00, 5.00 ] },
                "south": { "texture": "#1", "uv": [ 0.00, 0.00, 1.00, 5.00 ] },
                "west": { "texture": "#1", "uv": [ 0.00, 0.00, 1.00, 5.00 ] },
                "up": { "texture": "#1", "uv": [ 0.00, 0.00, 1.00, 1.00 ] },
                "down": { "texture": "#1", "uv": [ 0.00, 0.00, 1.00, 1.00 ] }
            }
        },
        {
            "name": "Cube",
            "from": [ 10.50, 5.50, 12.00 ], 
            "to": [ 11.50, 10.50, 13.00 ], 
            "faces": {
                "north": { "texture": "#1", "uv": [ 0.00, 0.00, 1.00, 5.00 ] },
                "east": { "texture": "#1", "uv": [ 0.00, 0.00, 1.00, 5.00 ] },
                "south": { "texture": "#1", "uv": [ 0.00, 0.00, 1.00, 5.00 ] },
                "west": { "texture": "#1", "uv": [ 0.00, 0.00, 1.00, 5.00 ] },
                "up": { "texture": "#1", "uv": [ 0.00, 0.00, 1.00, 1.00 ] },
                "down": { "texture": "#1", "uv": [ 0.00, 0.00, 1.00, 1.00 ] }
            }
        },
        {
            "name": "Cube",
            "from": [ 5.00, 6.00, 10.00 ], 
            "to": [ 6.00, 10.00, 11.00 ], 
            "faces": {
                "north": { "texture": "#0", "uv": [ 0.00, 0.00, 1.00, 4.00 ] },
                "east": { "texture": "#0", "uv": [ 0.00, 0.00, 1.00, 4.00 ] },
                "south": { "texture": "#0", "uv": [ 0.00, 0.00, 1.00, 4.00 ] },
                "west": { "texture": "#0", "uv": [ 0.00, 0.00, 1.00, 4.00 ] },
                "up": { "texture": "#0", "uv": [ 0.00, 0.00, 1.00, 1.00 ] },
                "down": { "texture": "#0", "uv": [ 0.00, 0.00, 1.00, 1.00 ] }
            }
        },
        {
            "name": "Cube",
            "from": [ 10.00, 6.00, 10.00 ], 
            "to": [ 11.00, 10.00, 11.00 ], 
            "faces": {
                "north": { "texture": "#0", "uv": [ 0.00, 0.00, 1.00, 4.00 ] },
                "east": { "texture": "#0", "uv": [ 0.00, 0.00, 1.00, 4.00 ] },
                "south": { "texture": "#0", "uv": [ 0.00, 0.00, 1.00, 4.00 ] },
                "west": { "texture": "#0", "uv": [ 0.00, 0.00, 1.00, 4.00 ] },
                "up": { "texture": "#0", "uv": [ 0.00, 0.00, 1.00, 1.00 ] },
                "down": { "texture": "#0", "uv": [ 0.00, 0.00, 1.00, 1.00 ] }
            }
        },
        {
            "name": "Cube",
            "from": [ 3.00, 3.00, 13.00 ], 
            "to": [ 13.00, 13.00, 16.00 ], 
            "faces": {
                "north": { "texture": "#1", "uv": [ 0.00, 0.00, 10.00, 10.00 ] },
                "east": { "texture": "#1", "uv": [ 0.00, 0.00, 3.00, 10.00 ] },
                "south": { "texture": "#1", "uv": [ 0.00, 0.00, 10.00, 10.00 ] },
                "west": { "texture": "#1", "uv": [ 0.00, 0.00, 3.00, 10.00 ] },
                "up": { "texture": "#1", "uv": [ 0.00, 0.00, 10.00, 3.00 ] },
                "down": { "texture": "#1", "uv": [ 0.00, 0.00, 10.00, 3.00 ] }
            }
        },
        {
            "name": "Cube",
            "from": [ 6.50, 5.50, 11.00 ], 
            "to": [ 9.50, 10.50, 13.00 ], 
            "faces": {
                "up": { "texture": "#2", "uv": [ 13.00, 0.00, 16.00, 3.00 ] },
                "down": { "texture": "#0", "uv": [ 6.00, 12.00, 9.00, 15.00 ], "rotation": 90 }
            }
        },
        {
            "name": "Cube",
            "from": [ 5.50, 6.50, 11.00 ], 
            "to": [ 10.50, 9.50, 13.00 ], 
            "faces": {
                "east": { "texture": "#2", "uv": [ 1.00, 1.00, 3.00, 4.00 ] },
                "west": { "texture": "#2", "uv": [ 1.00, 1.00, 3.00, 4.00 ] }
            }
        },
        {
            "name": "Cube",
            "from": [ 5.50, 9.50, 11.00 ], 
            "to": [ 6.50, 10.50, 13.00 ], 
            "faces": {
                "north": { "texture": "#1", "uv": [ 0.00, 0.00, 1.00, 1.00 ] },
                "west": { "texture": "#1", "uv": [ 0.00, 0.00, 2.00, 1.00 ] },
                "up": { "texture": "#1", "uv": [ 0.00, 0.00, 1.00, 2.00 ] }
            }
        },
        {
            "name": "Cube",
            "from": [ 9.50, 9.50, 11.00 ], 
            "to": [ 10.50, 10.50, 13.00 ], 
            "faces": {
                "north": { "texture": "#1", "uv": [ 0.00, 0.00, 1.00, 1.00 ] },
                "east": { "texture": "#1", "uv": [ 0.00, 0.00, 2.00, 1.00 ] },
                "up": { "texture": "#1", "uv": [ 0.00, 5.00, 1.00, 7.00 ] }
            }
        },
        {
            "name": "Cube",
            "from": [ 9.50, 5.50, 11.00 ], 
            "to": [ 10.50, 6.50, 13.00 ], 
            "faces": {
                "north": { "texture": "#1", "uv": [ 0.00, 0.00, 1.00, 1.00 ] },
                "east": { "texture": "#1", "uv": [ 0.00, 0.00, 2.00, 1.00 ] },
                "down": { "texture": "#1", "uv": [ 0.00, 0.00, 1.00, 2.00 ] }
            }
        },
        {
            "name": "Cube",
            "from": [ 5.50, 5.50, 11.00 ], 
            "to": [ 6.50, 6.50, 13.00 ], 
            "faces": {
                "north": { "texture": "#1", "uv": [ 0.00, 0.00, 1.00, 1.00 ] },
                "west": { "texture": "#1", "uv": [ 0.00, 0.00, 2.00, 1.00 ] },
                "down": { "texture": "#1", "uv": [ 0.00, 0.00, 1.00, 2.00 ] }
            }
        },
        {
            "name": "Cube",
            "from": [ 10.00, 6.00, 5.00 ], 
            "to": [ 11.00, 10.00, 6.00 ], 
            "faces": {
                "north": { "texture": "#0", "uv": [ 0.00, 0.00, 1.00, 4.00 ] },
                "east": { "texture": "#0", "uv": [ 0.00, 0.00, 1.00, 4.00 ] },
                "south": { "texture": "#0", "uv": [ 0.00, 0.00, 1.00, 4.00 ] },
                "west": { "texture": "#0", "uv": [ 0.00, 0.00, 1.00, 4.00 ] },
                "up": { "texture": "#0", "uv": [ 0.00, 0.00, 1.00, 1.00 ] },
                "down": { "texture": "#0", "uv": [ 0.00, 0.00, 1.00, 1.00 ] }
            }
        },
        {
            "name": "Cube",
            "from": [ 5.00, 10.00, 10.00 ], 
            "to": [ 11.00, 11.00, 11.00 ], 
            "faces": {
                "north": { "texture": "#0", "uv": [ 0.00, 0.00, 6.00, 1.00 ] },
                "east": { "texture": "#0", "uv": [ 0.00, 0.00, 1.00, 1.00 ] },
                "south": { "texture": "#0", "uv": [ 0.00, 0.00, 6.00, 1.00 ] },
                "west": { "texture": "#0", "uv": [ 0.00, 0.00, 1.00, 1.00 ] },
                "up": { "texture": "#0", "uv": [ 0.00, 0.00, 6.00, 1.00 ] },
                "down": { "texture": "#0", "uv": [ 0.00, 0.00, 6.00, 1.00 ] }
            }
        },
        {
            "name": "Cube",
            "from": [ 5.00, 10.00, 5.00 ], 
            "to": [ 11.00, 11.00, 6.00 ], 
            "faces": {
                "north": { "texture": "#0", "uv": [ 0.00, 0.00, 6.00, 1.00 ] },
                "east": { "texture": "#0", "uv": [ 0.00, 0.00, 1.00, 1.00 ] },
                "south": { "texture": "#0", "uv": [ 0.00, 0.00, 6.00, 1.00 ] },
                "west": { "texture": "#0", "uv": [ 0.00, 0.00, 1.00, 1.00 ] },
                "up": { "texture": "#0", "uv": [ 0.00, 0.00, 6.00, 1.00 ] },
                "down": { "texture": "#0", "uv": [ 0.00, 0.00, 6.00, 1.00 ] }
            }
        },
        {
            "name": "Cube",
            "from": [ 5.00, 5.00, 5.00 ], 
            "to": [ 11.00, 6.00, 6.00 ], 
            "faces": {
                "north": { "texture": "#0", "uv": [ 0.00, 0.00, 6.00, 1.00 ] },
                "east": { "texture": "#0", "uv": [ 0.00, 0.00, 1.00, 1.00 ] },
                "south": { "texture": "#0", "uv": [ 0.00, 0.00, 6.00, 1.00 ] },
                "west": { "texture": "#0", "uv": [ 0.00, 0.00, 1.00, 1.00 ] },
                "up": { "texture": "#0", "uv": [ 0.00, 0.00, 6.00, 1.00 ] },
                "down": { "texture": "#0", "uv": [ 0.00, 0.00, 6.00, 1.00 ] }
            }
        },
        {
            "name": "Cube",
            "from": [ 5.00, 6.00, 5.00 ], 
            "to": [ 6.00, 10.00, 6.00 ], 
            "faces": {
                "north": { "texture": "#0", "uv": [ 0.00, 0.00, 1.00, 4.00 ] },
                "east": { "texture": "#0", "uv": [ 0.00, 0.00, 1.00, 4.00 ] },
                "south": { "texture": "#0", "uv": [ 0.00, 0.00, 1.00, 4.00 ] },
                "west": { "texture": "#0", "uv": [ 0.00, 0.00, 1.00, 4.00 ] },
                "up": { "texture": "#0", "uv": [ 0.00, 0.00, 1.00, 1.00 ] },
                "down": { "texture": "#0", "uv": [ 0.00, 0.00, 1.00, 1.00 ] }
            }
        }
    ]
}