{
    "__comment": "Model generated using MrCrayfish's Model Creator (https://mrcrayfish.com/tools?id=mc)",
    "textures": {
        "particle": "minecraft:block/iron_block",
        "1": "minecraft:block/anvil",
        "iron": "minecraft:block/iron_block"
    },
    "display": {
        "gui": {
            "rotation": [ 30, 225, 0 ],
            "translation": [ -1, 0, 0 ],
            "scale": [ 0.75, 0.75, 0.75 ]
        },
        "ground": {
            "rotation": [ 0, 0, 0 ],
            "translation": [ 0, 3, 0 ],
            "scale": [ 0.25, 0.25, 0.25 ]
        },
        "fixed": {
            "rotation": [ 0, 0, 0 ],
            "translation": [ 0, 0, 0 ],
            "scale": [ 0.5, 0.5, 0.5 ]
        },
        "thirdperson_righthand": {
            "rotation": [ 75, 45, 0 ],
            "translation": [ 0, 2.5, 0 ],
            "scale": [ 0.375, 0.375, 0.375 ]
        },
        "thirdperson_lefthand": {
            "rotation": [ 75, 255, 0 ],
            "translation": [ 0, 2.5, 0 ],
            "scale": [ 0.375, 0.375, 0.375 ]
        },
        "firstperson_righthand": {
            "rotation": [ 0, 45, 0 ],
            "translation": [ 0, 2.5, 0 ],
            "scale": [ 0.4, 0.4, 0.4 ]
        },
        "firstperson_lefthand": {
            "rotation": [ 0, 225, 0 ],
            "translation": [ 0, 2.5, 0 ],
            "scale": [ 0.4, 0.4, 0.4 ]
        }
    },
    "elements": [
        {
            "from": [ 6, 5, 6 ], 
            "to": [ 10, 11, 10 ], 
            "faces": {
                "up": { "texture": "#iron", "uv": [ 4, 7, 8, 11 ] },
                "down": { "texture": "#iron", "uv": [ 2, 8, 6, 12 ] }
            }
        },
        {
            "from": [ 6.5, 5.5, 1 ], 
            "to": [ 9.5, 10.5, 5 ], 
            "faces": {
                "up": { "texture": "#iron", "uv": [ 6, 12, 9, 15 ], "rotation": 90 },
                "down": { "texture": "#iron", "uv": [ 6, 12, 9, 15 ], "rotation": 90 }
            }
        },
        {
            "from": [ 5.5, 6.5, 0 ], 
            "to": [ 6.5, 9.5, 5 ], 
            "faces": {
                "north": { "texture": "#iron", "uv": [ 0, 13, 1, 16 ] },
                "west": { "texture": "#iron", "uv": [ 1, 1, 6, 4 ] }
            }
        },
        {
            "from": [ 5.5, 9.5, 0 ], 
            "to": [ 6.5, 10.5, 5 ], 
            "faces": {
                "north": { "texture": "#iron", "uv": [ 0, 0, 1, 1 ] },
                "west": { "texture": "#iron", "uv": [ 0, 0, 5, 1 ] },
                "up": { "texture": "#iron", "uv": [ 0, 0, 1, 5 ] }
            }
        },
        {
            "from": [ 9.5, 9.5, 0 ], 
            "to": [ 10.5, 10.5, 5 ], 
            "faces": {
                "north": { "texture": "#iron", "uv": [ 0, 0, 1, 1 ] },
                "east": { "texture": "#iron", "uv": [ 0, 0, 5, 1 ] },
                "up": { "texture": "#iron", "uv": [ 0, 5, 1, 10 ] }
            }
        },
        {
            "from": [ 9.5, 5.5, 0 ], 
            "to": [ 10.5, 6.5, 5 ], 
            "faces": {
                "north": { "texture": "#iron", "uv": [ 0, 0, 1, 1 ] },
                "east": { "texture": "#iron", "uv": [ 0, 0, 5, 1 ] },
                "down": { "texture": "#iron", "uv": [ 0, 0, 1, 5 ] }
            }
        },
        {
            "from": [ 5.5, 5.5, 0 ], 
            "to": [ 6.5, 6.5, 5 ], 
            "faces": {
                "north": { "texture": "#iron", "uv": [ 0, 0, 1, 1 ] },
                "west": { "texture": "#iron", "uv": [ 0, 0, 5, 1 ] },
                "down": { "texture": "#iron", "uv": [ 0, 0, 1, 5 ] }
            }
        },
        {
            "from": [ 6, 6, 5 ], 
            "to": [ 10, 10, 11 ], 
            "faces": {
                "north": { "texture": "#iron", "uv": [ 5, 1, 9, 5 ] },
                "south": { "texture": "#iron", "uv": [ 6, 10, 10, 14 ] }
            }
        },
        {
            "from": [ 5, 6, 6 ], 
            "to": [ 11, 10, 10 ], 
            "faces": {
                "east": { "texture": "#iron", "uv": [ 6, 7, 10, 11 ] },
                "west": { "texture": "#iron", "uv": [ 3, 6, 7, 10 ] }
            }
        },
        {
            "from": [ 5, 10, 5 ], 
            "to": [ 11, 11, 6 ], 
            "faces": {
                "north": { "texture": "#1", "uv": [ 0, 0, 6, 1 ] },
                "east": { "texture": "#1", "uv": [ 0, 0, 1, 1 ] },
                "west": { "texture": "#1", "uv": [ 0, 0, 1, 1 ] },
                "up": { "texture": "#1", "uv": [ 0, 0, 6, 1 ] }
            }
        },
        {
            "from": [ 5, 5, 5 ], 
            "to": [ 11, 6, 6 ], 
            "faces": {
                "north": { "texture": "#1", "uv": [ 0, 0, 6, 1 ] },
                "east": { "texture": "#1", "uv": [ 0, 0, 1, 1 ] },
                "west": { "texture": "#1", "uv": [ 0, 0, 1, 1 ] },
                "down": { "texture": "#1", "uv": [ 0, 0, 6, 1 ] }
            }
        },
        {
            "from": [ 5, 5, 10 ], 
            "to": [ 11, 6, 11 ], 
            "faces": {
                "east": { "texture": "#iron", "uv": [ 0, 0, 1, 1 ] },
                "south": { "texture": "#iron", "uv": [ 0, 0, 6, 1 ] },
                "west": { "texture": "#iron", "uv": [ 0, 0, 1, 1 ] },
                "down": { "texture": "#iron", "uv": [ 0, 0, 6, 1 ] }
            }
        },
        {
            "from": [ 5, 10, 10 ], 
            "to": [ 11, 11, 11 ], 
            "faces": {
                "east": { "texture": "#iron", "uv": [ 0, 0, 1, 1 ] },
                "south": { "texture": "#iron", "uv": [ 0, 0, 6, 1 ] },
                "west": { "texture": "#iron", "uv": [ 0, 0, 1, 1 ] },
                "up": { "texture": "#iron", "uv": [ 0, 0, 6, 1 ] }
            }
        },
        {
            "from": [ 5, 5, 6 ], 
            "to": [ 6, 6, 10 ], 
            "faces": {
                "west": { "texture": "#iron", "uv": [ 0, 0, 4, 1 ] },
                "down": { "texture": "#iron", "uv": [ 0, 0, 1, 4 ] }
            }
        },
        {
            "from": [ 5, 10, 6 ], 
            "to": [ 6, 11, 10 ], 
            "faces": {
                "west": { "texture": "#iron", "uv": [ 0, 0, 4, 1 ] },
                "up": { "texture": "#iron", "uv": [ 0, 0, 1, 4 ] }
            }
        },
        {
            "from": [ 10, 10, 6 ], 
            "to": [ 11, 11, 10 ], 
            "faces": {
                "east": { "texture": "#iron", "uv": [ 0, 0, 4, 1 ] },
                "up": { "texture": "#iron", "uv": [ 0, 0, 1, 4 ] }
            }
        },
        {
            "from": [ 10, 5, 6 ], 
            "to": [ 11, 6, 10 ], 
            "faces": {
                "east": { "texture": "#iron", "uv": [ 0, 0, 4, 1 ] },
                "down": { "texture": "#iron", "uv": [ 0, 0, 1, 4 ] }
            }
        },
        {
            "from": [ 5, 6, 5 ], 
            "to": [ 6, 10, 6 ], 
            "faces": {
                "north": { "texture": "#1", "uv": [ 0, 0, 1, 4 ] },
                "west": { "texture": "#1", "uv": [ 0, 0, 1, 4 ] }
            }
        },
        {
            "from": [ 10, 6, 5 ], 
            "to": [ 11, 10, 6 ], 
            "faces": {
                "north": { "texture": "#1", "uv": [ 0, 0, 1, 4 ] },
                "east": { "texture": "#1", "uv": [ 0, 0, 1, 4 ] }
            }
        },
        {
            "from": [ 5, 6, 10 ], 
            "to": [ 6, 10, 11 ], 
            "faces": {
                "south": { "texture": "#iron", "uv": [ 0, 0, 1, 4 ] },
                "west": { "texture": "#iron", "uv": [ 0, 0, 1, 4 ] }
            }
        },
        {
            "from": [ 10, 6, 10 ], 
            "to": [ 11, 10, 11 ], 
            "faces": {
                "east": { "texture": "#iron", "uv": [ 0, 0, 1, 4 ] },
                "south": { "texture": "#iron", "uv": [ 0, 0, 1, 4 ] }
            }
        },
        {
            "from": [ 9.5, 6.5, 0 ], 
            "to": [ 10.5, 9.5, 5 ], 
            "faces": {
                "north": { "texture": "#iron", "uv": [ 0, 13, 1, 16 ] },
                "east": { "texture": "#iron", "uv": [ 1, 1, 6, 4 ] }
            }
        },
        {
            "from": [ 6.5, 6.5, 0 ], 
            "to": [ 9.5, 9.5, 4 ], 
            "faces": {
                "north": { "texture": "#iron", "uv": [ 1, 1, 5, 4 ] }
            }
        },
        {
            "from": [ 6.5, 9.5, 0 ], 
            "to": [ 9.5, 10.5, 1 ], 
            "faces": {
                "north": { "texture": "#iron", "uv": [ 0, 15, 3, 16 ] },
                "up": { "texture": "#iron", "uv": [ 1, 12, 2, 15 ], "rotation": 90 }
            }
        },
        {
            "from": [ 6.5, 5.5, 0 ], 
            "to": [ 9.5, 6.5, 1 ], 
            "faces": {
                "north": { "texture": "#iron", "uv": [ 0, 15, 3, 16 ] },
                "down": { "texture": "#iron", "uv": [ 6, 12, 7, 15 ], "rotation": 90 }
            }
        }
    ]
}