{
    "__comment": "Model generated using MrCrayfish's Model Creator (https://mrcrayfish.com/tools?id=mc)",
    "textures": {
        "particle": "minecraft:block/brown_terracotta",
        "0": "minecraft:block/light_gray_concrete",
        "1": "minecraft:block/brown_terracotta",
        "2": "minecraft:block/iron_block",
        "3": "minecraft:block/gray_concrete"
    },
    "display": {
        "gui": {
            "rotation": [ 30, 225, 0 ],
            "translation": [ 0, 0, 0 ],
            "scale": [ 0.625, 0.625, 0.625 ]
        },
        "ground": {
            "rotation": [ 0, 0, 0 ],
            "translation": [ 0, 3, 0 ],
            "scale": [ 0.25, 0.25, 0.25 ]
        },
        "fixed": {
            "rotation": [ 0, 0, 0 ],
            "translation": [ 0, 0, 0 ],
            "scale": [ 0.5, 0.5, 0.5 ]
        },
        "thirdperson_righthand": {
            "rotation": [ 75, 45, 0 ],
            "translation": [ 0, 2.5, 0 ],
            "scale": [ 0.375, 0.375, 0.375 ]
        },
        "thirdperson_lefthand": {
            "rotation": [ 75, 255, 0 ],
            "translation": [ 0, 2.5, 0 ],
            "scale": [ 0.375, 0.375, 0.375 ]
        },
        "firstperson_righthand": {
            "rotation": [ 0, 45, 0 ],
            "translation": [ 0, 2.5, 0 ],
            "scale": [ 0.4, 0.4, 0.4 ]
        },
        "firstperson_lefthand": {
            "rotation": [ 0, 225, 0 ],
            "translation": [ 0, 2.5, 0 ],
            "scale": [ 0.4, 0.4, 0.4 ]
        }
    },
    "elements": [
        {
            "name": "bottom_edge_2",
            "from": [ 4.90, 0.00, 1.00 ], 
            "to": [ 11.10, 1.00, 15.00 ], 
            "faces": {
                "north": { "texture": "#0", "uv": [ 0.00, 0.00, 6.20, 1.00 ] },
                "east": { "texture": "#0", "uv": [ 0.00, 0.00, 14.00, 1.00 ] },
                "south": { "texture": "#0", "uv": [ 0.00, 0.00, 6.20, 1.00 ] },
                "west": { "texture": "#0", "uv": [ 0.00, 0.00, 14.00, 1.00 ] },
                "up": { "texture": "#0", "uv": [ 0.00, 0.00, 6.20, 14.00 ] },
                "down": { "texture": "#0", "uv": [ 0.00, 0.00, 6.20, 14.00 ] }
            }
        },
        {
            "name": "base_1",
            "from": [ 1.50, 1.00, 5.00 ], 
            "to": [ 14.50, 15.00, 11.00 ], 
            "faces": {
                "north": { "texture": "#1", "uv": [ 0.00, 0.00, 13.00, 14.00 ] },
                "east": { "texture": "#1", "uv": [ 0.00, 0.00, 6.00, 14.00 ] },
                "south": { "texture": "#1", "uv": [ 0.00, 0.00, 13.00, 14.00 ] },
                "west": { "texture": "#1", "uv": [ 0.00, 0.00, 6.00, 14.00 ] }
            }
        },
        {
            "name": "base_1",
            "from": [ 5.00, 1.00, 1.50 ], 
            "to": [ 11.00, 15.00, 14.50 ], 
            "faces": {
                "north": { "texture": "#1", "uv": [ 0.00, 0.00, 6.00, 14.00 ] },
                "east": { "texture": "#1", "uv": [ 0.00, 0.00, 13.00, 14.00 ] },
                "south": { "texture": "#1", "uv": [ 0.00, 0.00, 6.00, 14.00 ] },
                "west": { "texture": "#1", "uv": [ 0.00, 0.00, 13.00, 14.00 ] }
            }
        },
        {
            "name": "base_angle_1",
            "from": [ 5.50, 1.00, 1.30 ], 
            "to": [ 10.50, 15.00, 14.70 ], 
            "rotation": { "origin": [ 8.0, 8.0, 8.0 ], "axis": "y", "angle": -45.0 },
            "faces": {
                "north": { "texture": "#1", "uv": [ 0.00, 0.00, 5.00, 14.00 ] },
                "east": { "texture": "#1", "uv": [ 0.00, 0.00, 13.40, 14.00 ] },
                "south": { "texture": "#1", "uv": [ 0.00, 0.00, 5.00, 14.00 ] },
                "west": { "texture": "#1", "uv": [ 0.00, 0.00, 13.40, 14.00 ] }
            }
        },
        {
            "name": "base_angle_2",
            "from": [ 5.50, 1.00, 1.30 ], 
            "to": [ 10.50, 15.00, 14.70 ], 
            "rotation": { "origin": [ 8.0, 8.0, 8.0 ], "axis": "y", "angle": 45.0 },
            "faces": {
                "north": { "texture": "#1", "uv": [ 0.00, 0.00, 5.00, 14.00 ] },
                "east": { "texture": "#1", "uv": [ 0.00, 0.00, 13.40, 14.00 ] },
                "south": { "texture": "#1", "uv": [ 0.00, 0.00, 5.00, 14.00 ] },
                "west": { "texture": "#1", "uv": [ 0.00, 0.00, 13.40, 14.00 ] }
            }
        },
        {
            "name": "bottom_edge_angle_2",
            "from": [ 11.10, 0.00, 1.00 ], 
            "to": [ 16.60, 1.00, 15.30 ], 
            "rotation": { "origin": [ 11.100000001490116, 1.0, 1.0 ], "axis": "y", "angle": -45.0 },
            "faces": {
                "north": { "texture": "#0", "uv": [ 0.00, 0.00, 5.50, 1.00 ] },
                "east": { "texture": "#0", "uv": [ 0.00, 0.00, 14.30, 1.00 ] },
                "south": { "texture": "#0", "uv": [ 0.00, 0.00, 5.50, 1.00 ] },
                "west": { "texture": "#0", "uv": [ 0.00, 0.00, 14.30, 1.00 ] },
                "up": { "texture": "#0", "uv": [ 0.00, 0.00, 5.50, 14.30 ] },
                "down": { "texture": "#0", "uv": [ 0.00, 0.00, 5.50, 14.30 ] }
            }
        },
        {
            "name": "bottom_edge_1",
            "from": [ 1.00, 0.00, 4.90 ], 
            "to": [ 15.00, 1.00, 11.10 ], 
            "faces": {
                "north": { "texture": "#0", "uv": [ 0.00, 0.00, 14.00, 1.00 ] },
                "east": { "texture": "#0", "uv": [ 0.00, 0.00, 6.20, 1.00 ] },
                "south": { "texture": "#0", "uv": [ 0.00, 0.00, 14.00, 1.00 ] },
                "west": { "texture": "#0", "uv": [ 0.00, 0.00, 6.20, 1.00 ] },
                "up": { "texture": "#0", "uv": [ 0.00, 0.00, 14.00, 6.20 ] },
                "down": { "texture": "#0", "uv": [ 0.00, 0.00, 14.00, 6.20 ] }
            }
        },
        {
            "name": "bottom_edge_angle_1",
            "from": [ 1.00, 0.00, 4.90 ], 
            "to": [ 6.50, 1.00, 19.20 ], 
            "rotation": { "origin": [ 1.0, 1.0, 4.899999998509884 ], "axis": "y", "angle": 45.0 },
            "faces": {
                "north": { "texture": "#0", "uv": [ 0.00, 0.00, 5.50, 1.00 ] },
                "east": { "texture": "#0", "uv": [ 0.00, 0.00, 14.30, 1.00 ] },
                "south": { "texture": "#0", "uv": [ 0.00, 0.00, 5.50, 1.00 ] },
                "west": { "texture": "#0", "uv": [ 0.00, 0.00, 14.30, 1.00 ] },
                "up": { "texture": "#0", "uv": [ 0.00, 0.00, 5.50, 14.30 ] },
                "down": { "texture": "#0", "uv": [ 0.00, 0.00, 5.50, 14.30 ] }
            }
        },
        {
            "name": "top_edge_1",
            "from": [ 4.90, 15.00, 1.00 ], 
            "to": [ 11.10, 16.00, 15.00 ], 
            "faces": {
                "north": { "texture": "#0", "uv": [ 0.00, 0.00, 6.20, 1.00 ] },
                "east": { "texture": "#0", "uv": [ 0.00, 0.00, 14.00, 1.00 ] },
                "south": { "texture": "#0", "uv": [ 0.00, 0.00, 6.20, 1.00 ] },
                "west": { "texture": "#0", "uv": [ 0.00, 0.00, 14.00, 1.00 ] },
                "up": { "texture": "#0", "uv": [ 0.00, 0.00, 6.20, 14.00 ] },
                "down": { "texture": "#0", "uv": [ 0.00, 0.00, 6.20, 14.00 ] }
            }
        },
        {
            "name": "top_edge_2",
            "from": [ 1.00, 15.00, 4.90 ], 
            "to": [ 15.00, 16.00, 11.10 ], 
            "faces": {
                "north": { "texture": "#0", "uv": [ 0.00, 0.00, 14.00, 1.00 ] },
                "east": { "texture": "#0", "uv": [ 0.00, 0.00, 6.20, 1.00 ] },
                "south": { "texture": "#0", "uv": [ 0.00, 0.00, 14.00, 1.00 ] },
                "west": { "texture": "#0", "uv": [ 0.00, 0.00, 6.20, 1.00 ] },
                "up": { "texture": "#0", "uv": [ 0.00, 0.00, 14.00, 6.20 ] },
                "down": { "texture": "#0", "uv": [ 0.00, 0.00, 14.00, 6.20 ] }
            }
        },
        {
            "name": "top_edge_angle_1",
            "from": [ 1.00, 15.00, 4.90 ], 
            "to": [ 6.50, 16.00, 19.20 ], 
            "rotation": { "origin": [ 1.0, 1.0, 4.899999998509884 ], "axis": "y", "angle": 45.0 },
            "faces": {
                "north": { "texture": "#0", "uv": [ 0.00, 0.00, 5.50, 1.00 ] },
                "east": { "texture": "#0", "uv": [ 0.00, 0.00, 14.30, 1.00 ] },
                "south": { "texture": "#0", "uv": [ 0.00, 0.00, 5.50, 1.00 ] },
                "west": { "texture": "#0", "uv": [ 0.00, 0.00, 14.30, 1.00 ] },
                "up": { "texture": "#0", "uv": [ 0.00, 0.00, 5.50, 14.30 ] },
                "down": { "texture": "#0", "uv": [ 0.00, 0.00, 5.50, 14.30 ] }
            }
        },
        {
            "name": "top_edge_angle_2",
            "from": [ 11.10, 15.00, 1.00 ], 
            "to": [ 16.60, 16.00, 15.30 ], 
            "rotation": { "origin": [ 11.100000001490116, 1.0, 1.0 ], "axis": "y", "angle": -45.0 },
            "faces": {
                "north": { "texture": "#0", "uv": [ 0.00, 0.00, 5.50, 1.00 ] },
                "east": { "texture": "#0", "uv": [ 0.00, 0.00, 14.30, 1.00 ] },
                "south": { "texture": "#0", "uv": [ 0.00, 0.00, 5.50, 1.00 ] },
                "west": { "texture": "#0", "uv": [ 0.00, 0.00, 14.30, 1.00 ] },
                "up": { "texture": "#0", "uv": [ 0.00, 0.00, 5.50, 14.30 ] },
                "down": { "texture": "#0", "uv": [ 0.00, 0.00, 5.50, 14.30 ] }
            }
        },
        {
            "name": "middle_edge_1",
            "from": [ 4.90, 7.50, 1.00 ], 
            "to": [ 11.10, 8.50, 15.00 ], 
            "faces": {
                "north": { "texture": "#0", "uv": [ 0.00, 0.00, 6.20, 1.00 ] },
                "east": { "texture": "#0", "uv": [ 0.00, 0.00, 14.00, 1.00 ] },
                "south": { "texture": "#0", "uv": [ 0.00, 0.00, 6.20, 1.00 ] },
                "west": { "texture": "#0", "uv": [ 0.00, 0.00, 14.00, 1.00 ] },
                "up": { "texture": "#0", "uv": [ 0.00, 0.00, 6.20, 14.00 ] },
                "down": { "texture": "#0", "uv": [ 0.00, 0.00, 6.20, 14.00 ] }
            }
        },
        {
            "name": "middle_edge_2",
            "from": [ 1.00, 7.50, 4.90 ], 
            "to": [ 15.00, 8.50, 11.10 ], 
            "faces": {
                "north": { "texture": "#0", "uv": [ 0.00, 0.00, 14.00, 1.00 ] },
                "east": { "texture": "#0", "uv": [ 0.00, 0.00, 6.20, 1.00 ] },
                "south": { "texture": "#0", "uv": [ 0.00, 0.00, 14.00, 1.00 ] },
                "west": { "texture": "#0", "uv": [ 0.00, 0.00, 6.20, 1.00 ] },
                "up": { "texture": "#0", "uv": [ 0.00, 0.00, 14.00, 6.20 ] },
                "down": { "texture": "#0", "uv": [ 0.00, 0.00, 14.00, 6.20 ] }
            }
        },
        {
            "name": "middle_edge_angle_1",
            "from": [ 1.00, 7.50, 4.90 ], 
            "to": [ 6.50, 8.50, 19.20 ], 
            "rotation": { "origin": [ 1.0, 1.0, 4.899999998509884 ], "axis": "y", "angle": 45.0 },
            "faces": {
                "north": { "texture": "#0", "uv": [ 0.00, 0.00, 5.50, 1.00 ] },
                "east": { "texture": "#0", "uv": [ 0.00, 0.00, 14.30, 1.00 ] },
                "south": { "texture": "#0", "uv": [ 0.00, 0.00, 5.50, 1.00 ] },
                "west": { "texture": "#0", "uv": [ 0.00, 0.00, 14.30, 1.00 ] },
                "up": { "texture": "#0", "uv": [ 0.00, 0.00, 5.50, 14.30 ] },
                "down": { "texture": "#0", "uv": [ 0.00, 0.00, 5.50, 14.30 ] }
            }
        },
        {
            "name": "middle_edge_angle_2",
            "from": [ 11.10, 7.50, 1.00 ], 
            "to": [ 16.60, 8.50, 15.30 ], 
            "rotation": { "origin": [ 11.100000001490116, 1.0, 1.0 ], "axis": "y", "angle": -45.0 },
            "faces": {
                "north": { "texture": "#0", "uv": [ 0.00, 0.00, 5.50, 1.00 ] },
                "east": { "texture": "#0", "uv": [ 0.00, 0.00, 14.30, 1.00 ] },
                "south": { "texture": "#0", "uv": [ 0.00, 0.00, 5.50, 1.00 ] },
                "west": { "texture": "#0", "uv": [ 0.00, 0.00, 14.30, 1.00 ] },
                "up": { "texture": "#0", "uv": [ 0.00, 0.00, 5.50, 14.30 ] },
                "down": { "texture": "#0", "uv": [ 0.00, 0.00, 5.50, 14.30 ] }
            }
        },
        {
            "name": "cap_1",
            "from": [ 7.50, 16.10, 11.50 ], 
            "to": [ 8.50, 16.80, 13.50 ], 
            "faces": {
                "north": { "texture": "#2", "uv": [ 0.00, 0.00, 1.00, 0.70 ] },
                "east": { "texture": "#2", "uv": [ 0.00, 0.00, 2.00, 0.70 ] },
                "south": { "texture": "#2", "uv": [ 0.00, 0.00, 1.00, 0.70 ] },
                "west": { "texture": "#2", "uv": [ 0.00, 0.00, 2.00, 0.70 ] },
                "up": { "texture": "#2", "uv": [ 1.00, 1.00, 2.00, 3.00 ] },
                "down": { "texture": "#2", "uv": [ 0.00, 0.00, 1.00, 2.00 ] }
            }
        },
        {
            "name": "air_cap",
            "from": [ 7.50, 16.00, 2.50 ], 
            "to": [ 8.50, 16.50, 3.50 ], 
            "faces": {
                "north": { "texture": "#2", "uv": [ 0.00, 0.00, 1.00, 0.50 ] },
                "east": { "texture": "#2", "uv": [ 0.00, 0.00, 1.00, 0.50 ] },
                "south": { "texture": "#2", "uv": [ 0.00, 0.00, 1.00, 0.50 ] },
                "west": { "texture": "#2", "uv": [ 0.00, 0.00, 1.00, 0.50 ] },
                "up": { "texture": "#2", "uv": [ 1.00, 1.00, 2.00, 2.00 ] },
                "down": { "texture": "#2", "uv": [ 0.00, 0.00, 1.00, 1.00 ] }
            }
        },
        {
            "name": "cap_2",
            "from": [ 7.00, 16.10, 12.00 ], 
            "to": [ 9.00, 16.80, 13.00 ], 
            "faces": {
                "north": { "texture": "#2", "uv": [ 0.00, 0.00, 2.00, 0.70 ] },
                "east": { "texture": "#2", "uv": [ 0.00, 0.00, 1.00, 0.70 ] },
                "south": { "texture": "#2", "uv": [ 0.00, 0.00, 2.00, 0.70 ] },
                "west": { "texture": "#2", "uv": [ 0.00, 0.00, 1.00, 0.70 ] },
                "up": { "texture": "#2", "uv": [ 1.00, 1.00, 3.00, 2.00 ] },
                "down": { "texture": "#2", "uv": [ 0.00, 0.00, 2.00, 1.00 ] }
            }
        },
        {
            "name": "cap_3",
            "from": [ 7.00, 16.10, 13.00 ], 
            "to": [ 7.40, 16.80, 13.70 ], 
            "rotation": { "origin": [ 6.999999985098839, 17.0, 13.0 ], "axis": "y", "angle": 45.0 },
            "faces": {
                "north": { "texture": "#2", "uv": [ 0.00, 0.00, 0.40, 0.70 ] },
                "east": { "texture": "#2", "uv": [ 0.00, 0.00, 0.70, 0.70 ] },
                "south": { "texture": "#2", "uv": [ 0.00, 0.00, 0.40, 0.70 ] },
                "west": { "texture": "#2", "uv": [ 0.00, 0.00, 0.70, 0.70 ] },
                "up": { "texture": "#2", "uv": [ 1.00, 1.00, 1.40, 1.70 ] },
                "down": { "texture": "#2", "uv": [ 0.00, 0.00, 0.40, 0.70 ] }
            }
        },
        {
            "name": "cap_4",
            "from": [ 8.30, 16.10, 12.60 ], 
            "to": [ 9.00, 16.80, 13.00 ], 
            "rotation": { "origin": [ 8.999999985098839, 17.0, 13.0 ], "axis": "y", "angle": 45.0 },
            "faces": {
                "north": { "texture": "#2", "uv": [ 0.00, 0.00, 0.70, 0.70 ] },
                "east": { "texture": "#2", "uv": [ 0.00, 0.00, 0.40, 0.70 ] },
                "south": { "texture": "#2", "uv": [ 0.00, 0.00, 0.70, 0.70 ] },
                "west": { "texture": "#2", "uv": [ 0.00, 0.00, 0.40, 0.70 ] },
                "up": { "texture": "#2", "uv": [ 1.00, 1.00, 1.70, 1.40 ] },
                "down": { "texture": "#2", "uv": [ 0.00, 0.00, 0.70, 0.40 ] }
            }
        },
        {
            "name": "cap_5",
            "from": [ 8.10, 16.10, 11.50 ], 
            "to": [ 8.50, 16.80, 12.20 ], 
            "rotation": { "origin": [ 8.49999999254942, 17.0, 11.50000000745058 ], "axis": "y", "angle": 45.0 },
            "faces": {
                "north": { "texture": "#2", "uv": [ 0.00, 0.00, 0.40, 0.70 ] },
                "east": { "texture": "#2", "uv": [ 0.00, 0.00, 0.70, 0.70 ] },
                "south": { "texture": "#2", "uv": [ 0.00, 0.00, 0.40, 0.70 ] },
                "west": { "texture": "#2", "uv": [ 0.00, 0.00, 0.70, 0.70 ] },
                "up": { "texture": "#2", "uv": [ 1.00, 1.00, 1.40, 1.70 ] },
                "down": { "texture": "#2", "uv": [ 0.00, 0.00, 0.40, 0.70 ] }
            }
        },
        {
            "name": "cap_6",
            "from": [ 6.80, 16.10, 11.50 ], 
            "to": [ 7.50, 16.80, 11.90 ], 
            "rotation": { "origin": [ 7.499999977648258, 17.0, 11.49999999254942 ], "axis": "y", "angle": 45.0 },
            "faces": {
                "north": { "texture": "#2", "uv": [ 0.00, 0.00, 0.70, 0.70 ] },
                "east": { "texture": "#2", "uv": [ 0.00, 0.00, 0.40, 0.70 ] },
                "south": { "texture": "#2", "uv": [ 0.00, 0.00, 0.70, 0.70 ] },
                "west": { "texture": "#2", "uv": [ 0.00, 0.00, 0.40, 0.70 ] },
                "up": { "texture": "#2", "uv": [ 1.00, 1.00, 1.70, 1.40 ] },
                "down": { "texture": "#2", "uv": [ 0.00, 0.00, 0.70, 0.40 ] }
            }
        },
        {
            "name": "Cube",
            "from": [ 7.30, 16.00, 11.80 ], 
            "to": [ 8.70, 16.10, 13.20 ], 
            "faces": {
                "north": { "texture": "#3", "uv": [ 0.00, 0.00, 1.40, 0.10 ] },
                "east": { "texture": "#3", "uv": [ 0.00, 0.00, 1.40, 0.10 ] },
                "south": { "texture": "#3", "uv": [ 0.00, 0.00, 1.40, 0.10 ] },
                "west": { "texture": "#3", "uv": [ 0.00, 0.00, 1.40, 0.10 ] },
                "up": { "texture": "#3", "uv": [ 1.00, 1.00, 2.40, 2.40 ] },
                "down": { "texture": "#3", "uv": [ 0.00, 0.00, 1.40, 1.40 ] }
            }
        }
    ]
}