{
    "__comment": "Model generated using MrCrayfish's Model Creator (https://mrcrayfish.com/tools?id=mc)",
    "textures": {
        "particle": "minecraft:block/red_concrete",
        "0": "minecraft:block/iron_block",
        "1": "minecraft:block/red_concrete",
        "2": "vehicle:model/cray_industries",
        "3": "minecraft:block/anvil",
        "4": "minecraft:block/black_concrete"
    },
    "display": {
        "gui": {
            "rotation": [ 30, 225, 0 ],
            "translation": [ 0, 0, 0 ],
            "scale": [ 0.625, 0.625, 0.625 ]
        },
        "ground": {
            "rotation": [ 0, 0, 0 ],
            "translation": [ 0, 3, 0 ],
            "scale": [ 0.25, 0.25, 0.25 ]
        },
        "fixed": {
            "rotation": [ 0, 0, 0 ],
            "translation": [ 0, 0, 0 ],
            "scale": [ 0.5, 0.5, 0.5 ]
        },
        "firstperson_righthand": {
            "rotation": [ 0, 45, 0 ],
            "translation": [ 0, 2.5, 0 ],
            "scale": [ 0.4, 0.4, 0.4 ]
        },
        "thirdperson_righthand": {
            "rotation": [ 75, 45, 0 ],
            "translation": [ 0, 2.5, 0 ],
            "scale": [ 0.375, 0.375, 0.375 ]
        }
    },
    "elements": [
        {
            "name": "base_2",
            "from": [ 0, 0, 4 ], 
            "to": [ 16, 13, 12 ], 
            "faces": {
                "north": { "texture": "#0", "uv": [ 1, 1, 15, 13 ] },
                "east": { "texture": "#0", "uv": [ 1, 1, 9, 13 ] },
                "south": { "texture": "#0", "uv": [ 1, 1, 15, 13 ] },
                "west": { "texture": "#0", "uv": [ 1, 1, 9, 13 ] },
                "up": { "texture": "#0", "uv": [ 1, 1, 15, 9 ] }
            }
        },
        {
            "name": "base_4",
            "from": [ 2, 0, 3 ], 
            "to": [ 14, 15, 13 ], 
            "faces": {
                "north": { "texture": "#1", "uv": [ 0, 0, 12, 15 ] },
                "east": { "texture": "#1", "uv": [ 0, 0, 10, 15 ] },
                "south": { "texture": "#1", "uv": [ 0, 0, 12, 15 ] },
                "west": { "texture": "#1", "uv": [ 0, 0, 10, 15 ] },
                "up": { "texture": "#1", "uv": [ 0, 0, 12, 10 ] }
            }
        },
        {
            "name": "logo_1",
            "from": [ 4, 13, 13 ], 
            "to": [ 8, 14, 13.1 ], 
            "faces": {
                "south": { "texture": "#2", "uv": [ 0, 0, 14, 4 ] }
            }
        },
        {
            "name": "logo_2",
            "from": [ 8.6, 13, 13 ], 
            "to": [ 12.6, 14, 13.1 ], 
            "faces": {
                "south": { "texture": "#2", "uv": [ 0, 4, 14, 8 ] }
            }
        },
        {
            "name": "screen_border_1",
            "from": [ 3, 11, 13 ], 
            "to": [ 13, 12, 13.3 ], 
            "faces": {
                "east": { "texture": "#3", "uv": [ 0, 0, 0.3, 1 ] },
                "south": { "texture": "#3", "uv": [ 0, 0, 10, 1 ] },
                "west": { "texture": "#3", "uv": [ 0, 0, 0.3, 1 ] },
                "up": { "texture": "#3", "uv": [ 0, 0, 10, 0.3 ] },
                "down": { "texture": "#3", "uv": [ 0, 0, 10, 0.3 ] }
            }
        },
        {
            "name": "screen_border_2",
            "from": [ 3, 5, 13 ], 
            "to": [ 13, 6, 13.3 ], 
            "faces": {
                "east": { "texture": "#3", "uv": [ 0, 0, 0.3, 1 ] },
                "south": { "texture": "#3", "uv": [ 0, 0, 10, 1 ] },
                "west": { "texture": "#3", "uv": [ 0, 0, 0.3, 1 ] },
                "up": { "texture": "#3", "uv": [ 0, 0, 10, 0.3 ] },
                "down": { "texture": "#3", "uv": [ 0, 0, 10, 0.3 ] }
            }
        },
        {
            "name": "screen_border_3",
            "from": [ 3, 6, 13 ], 
            "to": [ 4, 11, 13.3 ], 
            "faces": {
                "east": { "texture": "#3", "uv": [ 0, 0, 0.3, 5 ] },
                "south": { "texture": "#3", "uv": [ 1, 0, 2, 5 ] },
                "west": { "texture": "#3", "uv": [ 0, 0, 0.3, 5 ] }
            }
        },
        {
            "name": "screen_border_4",
            "from": [ 12, 6, 13 ], 
            "to": [ 13, 11, 13.3 ], 
            "faces": {
                "east": { "texture": "#3", "uv": [ 0, 0, 0.3, 5 ] },
                "south": { "texture": "#3", "uv": [ 11, 1, 12, 6 ] },
                "west": { "texture": "#3", "uv": [ 0, 0, 0.3, 5 ] }
            }
        },
        {
            "name": "screen",
            "from": [ 4, 6, 13 ], 
            "to": [ 12, 11, 13.1 ], 
            "faces": {
                "south": { "texture": "#4", "uv": [ 0, 0, 8, 5 ] }
            }
        },
        {
            "name": "valve_1",
            "from": [ 16, 10.5, 5 ], 
            "to": [ 18, 12, 6.5 ], 
            "faces": {
                "north": { "texture": "#3", "uv": [ 0, 0, 2, 1.5 ] },
                "east": { "texture": "#3", "uv": [ 0, 0, 1.5, 1.5 ] },
                "south": { "texture": "#3", "uv": [ 0, 0, 2, 1.5 ] },
                "up": { "texture": "#3", "uv": [ 0, 0, 2, 1.5 ] },
                "down": { "texture": "#3", "uv": [ 0, 0, 2, 1.5 ] }
            }
        },
        {
            "name": "valve_2",
            "from": [ 16.5, 9.5, 5 ], 
            "to": [ 18, 10.5, 6.5 ], 
            "faces": {
                "north": { "texture": "#3", "uv": [ 0, 0, 1.5, 1 ] },
                "east": { "texture": "#3", "uv": [ 0, 0, 1.5, 1 ] },
                "south": { "texture": "#3", "uv": [ 0, 0, 1.5, 1 ] },
                "west": { "texture": "#3", "uv": [ 0, 0, 1.5, 1 ] },
                "down": { "texture": "#3", "uv": [ 0, 0, 1.5, 1.5 ] }
            }
        },
        {
            "name": "nozzle_mount_1",
            "from": [ 16, 5.4, 7.6 ], 
            "to": [ 18, 6.4, 9.6 ], 
            "faces": {
                "north": { "texture": "#3", "uv": [ 0, 0, 2, 1 ] },
                "east": { "texture": "#3", "uv": [ 0, 0, 2, 1 ] },
                "south": { "texture": "#3", "uv": [ 0, 0, 2, 1 ] },
                "up": { "texture": "#3", "uv": [ 0, 0, 2, 2 ] },
                "down": { "texture": "#3", "uv": [ 0, 0, 2, 2 ] }
            }
        },
        {
            "name": "nozzle_mount_2",
            "from": [ 18, 6.4, 7.6 ], 
            "to": [ 19, 7.4, 9.6 ], 
            "faces": {
                "north": { "texture": "#3", "uv": [ 0, 0, 1, 1 ] },
                "east": { "texture": "#3", "uv": [ 0, 0, 2, 1 ] },
                "south": { "texture": "#3", "uv": [ 0, 0, 1, 1 ] },
                "west": { "texture": "#3", "uv": [ 0, 0, 2, 1 ] },
                "up": { "texture": "#3", "uv": [ 0, 0, 1, 2 ] }
            }
        },
        {
            "name": "nozzle_mount_3",
            "from": [ 18, 5.4, 7.6 ], 
            "to": [ 19.415, 6.4, 9.6 ], 
            "rotation": { "origin": [ 18, 5.4, 8 ], "axis": "z", "angle": 45.0 },
            "faces": {
                "north": { "texture": "#3", "uv": [ 0, 0, 1.415, 1 ] },
                "south": { "texture": "#3", "uv": [ 0, 0, 1.415, 1 ] },
                "up": { "texture": "#3", "uv": [ 0, 0, 1.415, 2 ] },
                "down": { "texture": "#3", "uv": [ 0, 0, 1.415, 2 ] }
            }
        }
    ]
}