{
    "__comment": "Model generated using MrCrayfish's Model Creator (https://mrcrayfish.com/tools?id=mc)",
    "textures": {
        "particle": "minecraft:block/red_concrete",
        "base": "minecraft:block/red_concrete",
        "1": "minecraft:block/light_gray_concrete",
        "2": "minecraft:block/anvil"
    },
    "display": {
        "gui": {
            "rotation": [ 30, 225, 0 ],
            "translation": [ 0, 0, 0 ],
            "scale": [ 0.625, 0.625, 0.625 ]
        },
        "ground": {
            "rotation": [ 0, 0, 0 ],
            "translation": [ 0, 3, 0 ],
            "scale": [ 0.25, 0.25, 0.25 ]
        },
        "fixed": {
            "rotation": [ 0, 0, 0 ],
            "translation": [ 0, 0, 0 ],
            "scale": [ 0.5, 0.5, 0.5 ]
        },
        "thirdperson_righthand": {
            "rotation": [ 75, 45, 0 ],
            "translation": [ 0, 2.5, 0 ],
            "scale": [ 0.375, 0.375, 0.375 ]
        },
        "thirdperson_lefthand": {
            "rotation": [ 75, 255, 0 ],
            "translation": [ 0, 2.5, 0 ],
            "scale": [ 0.375, 0.375, 0.375 ]
        },
        "firstperson_righthand": {
            "rotation": [ 0, 45, 0 ],
            "translation": [ 0, 2.5, 0 ],
            "scale": [ 0.4, 0.4, 0.4 ]
        },
        "firstperson_lefthand": {
            "rotation": [ 0, 225, 0 ],
            "translation": [ 0, 2.5, 0 ],
            "scale": [ 0.4, 0.4, 0.4 ]
        }
    },
    "elements": [
        {
            "name": "base_1",
            "from": [ 4.00, 0.00, 2.00 ], 
            "to": [ 12.00, 6.00, 4.00 ], 
            "faces": {
                "north": { "texture": "#base", "uv": [ 0.00, 0.00, 8.00, 6.00 ] },
                "east": { "texture": "#base", "uv": [ 0.00, 0.00, 2.00, 6.00 ] },
                "south": { "texture": "#base", "uv": [ 0.00, 0.00, 8.00, 6.00 ] },
                "west": { "texture": "#base", "uv": [ 0.00, 0.00, 2.00, 6.00 ] },
                "up": { "texture": "#base", "uv": [ 0.00, 0.00, 8.00, 2.00 ] },
                "down": { "texture": "#base", "uv": [ 0.00, 0.00, 8.00, 2.00 ] }
            }
        },
        {
            "name": "base_2",
            "from": [ 2.00, 0.00, 4.00 ], 
            "to": [ 4.00, 6.00, 12.00 ], 
            "faces": {
                "north": { "texture": "#base", "uv": [ 0.00, 0.00, 2.00, 6.00 ] },
                "east": { "texture": "#base", "uv": [ 0.00, 0.00, 8.00, 6.00 ] },
                "south": { "texture": "#base", "uv": [ 0.00, 0.00, 2.00, 6.00 ] },
                "west": { "texture": "#base", "uv": [ 0.00, 0.00, 8.00, 6.00 ] },
                "up": { "texture": "#base", "uv": [ 0.00, 0.00, 2.00, 8.00 ] },
                "down": { "texture": "#base", "uv": [ 0.00, 0.00, 2.00, 8.00 ] }
            }
        },
        {
            "name": "base_3",
            "from": [ 12.00, 0.00, 4.00 ], 
            "to": [ 14.00, 6.00, 12.00 ], 
            "faces": {
                "north": { "texture": "#base", "uv": [ 0.00, 0.00, 2.00, 6.00 ] },
                "east": { "texture": "#base", "uv": [ 0.00, 0.00, 8.00, 6.00 ] },
                "south": { "texture": "#base", "uv": [ 0.00, 0.00, 2.00, 6.00 ] },
                "west": { "texture": "#base", "uv": [ 0.00, 0.00, 8.00, 6.00 ] },
                "up": { "texture": "#base", "uv": [ 0.00, 0.00, 2.00, 8.00 ] },
                "down": { "texture": "#base", "uv": [ 0.00, 0.00, 2.00, 8.00 ] }
            }
        },
        {
            "name": "base_4",
            "from": [ 2.00, 0.00, 1.20 ], 
            "to": [ 4.00, 6.00, 4.00 ], 
            "rotation": { "origin": [ 2.0, 8.0, 4.0 ], "axis": "y", "angle": -45.0 },
            "faces": {
                "north": { "texture": "#base", "uv": [ 0.00, 0.00, 2.00, 6.00 ] },
                "east": { "texture": "#base", "uv": [ 0.00, 0.00, 2.80, 6.00 ] },
                "south": { "texture": "#base", "uv": [ 0.00, 0.00, 2.00, 6.00 ] },
                "west": { "texture": "#base", "uv": [ 0.00, 0.00, 2.80, 6.00 ] },
                "up": { "texture": "#base", "uv": [ 0.00, 0.00, 2.00, 2.80 ] },
                "down": { "texture": "#base", "uv": [ 0.00, 0.00, 2.00, 2.80 ] }
            }
        },
        {
            "name": "base_5",
            "from": [ 12.00, 0.00, 1.20 ], 
            "to": [ 14.00, 6.00, 4.00 ], 
            "rotation": { "origin": [ 14.0, 8.0, 4.0 ], "axis": "y", "angle": 45.0 },
            "faces": {
                "north": { "texture": "#base", "uv": [ 0.00, 0.00, 2.00, 6.00 ] },
                "east": { "texture": "#base", "uv": [ 0.00, 0.00, 2.80, 6.00 ] },
                "south": { "texture": "#base", "uv": [ 0.00, 0.00, 2.00, 6.00 ] },
                "west": { "texture": "#base", "uv": [ 0.00, 0.00, 2.80, 6.00 ] },
                "up": { "texture": "#base", "uv": [ 0.00, 0.00, 2.00, 2.80 ] },
                "down": { "texture": "#base", "uv": [ 0.00, 0.00, 2.00, 2.80 ] }
            }
        },
        {
            "name": "base_6",
            "from": [ 12.00, 0.00, 12.00 ], 
            "to": [ 14.00, 6.00, 14.80 ], 
            "rotation": { "origin": [ 14.0, 8.0, 12.0 ], "axis": "y", "angle": -45.0 },
            "faces": {
                "north": { "texture": "#base", "uv": [ 0.00, 0.00, 2.00, 6.00 ] },
                "east": { "texture": "#base", "uv": [ 0.00, 0.00, 2.80, 6.00 ] },
                "south": { "texture": "#base", "uv": [ 0.00, 0.00, 2.00, 6.00 ] },
                "west": { "texture": "#base", "uv": [ 0.00, 0.00, 2.80, 6.00 ] },
                "up": { "texture": "#base", "uv": [ 0.00, 0.00, 2.00, 2.80 ] },
                "down": { "texture": "#base", "uv": [ 0.00, 0.00, 2.00, 2.80 ] }
            }
        },
        {
            "name": "base_7",
            "from": [ 2.00, 0.00, 12.00 ], 
            "to": [ 4.00, 6.00, 14.80 ], 
            "rotation": { "origin": [ 2.0, 8.0, 12.0 ], "axis": "y", "angle": 45.0 },
            "faces": {
                "north": { "texture": "#base", "uv": [ 0.00, 0.00, 2.00, 6.00 ] },
                "east": { "texture": "#base", "uv": [ 0.00, 0.00, 2.80, 6.00 ] },
                "south": { "texture": "#base", "uv": [ 0.00, 0.00, 2.00, 6.00 ] },
                "west": { "texture": "#base", "uv": [ 0.00, 0.00, 2.80, 6.00 ] },
                "up": { "texture": "#base", "uv": [ 0.00, 0.00, 2.00, 2.80 ] },
                "down": { "texture": "#base", "uv": [ 0.00, 0.00, 2.00, 2.80 ] }
            }
        },
        {
            "name": "Cube",
            "from": [ -1.00, 0.90, 5.00 ], 
            "to": [ 2.00, 2.00, 11.00 ], 
            "faces": {
                "north": { "texture": "#1", "uv": [ 0.00, 0.00, 3.00, 1.10 ] },
                "east": { "texture": "#1", "uv": [ 0.00, 0.00, 6.00, 1.10 ] },
                "south": { "texture": "#1", "uv": [ 0.00, 0.00, 3.00, 1.10 ] },
                "west": { "texture": "#1", "uv": [ 0.00, 0.00, 6.00, 1.10 ] },
                "up": { "texture": "#1", "uv": [ 0.00, 0.00, 3.00, 6.00 ] },
                "down": { "texture": "#1", "uv": [ 0.00, 0.00, 3.00, 6.00 ] }
            }
        },
        {
            "name": "Cube",
            "from": [ -1.00, 0.80, 5.00 ], 
            "to": [ 3.00, 2.00, 11.00 ], 
            "rotation": { "origin": [ -1.0, 2.0, 8.0 ], "axis": "z", "angle": 22.5 },
            "faces": {
                "north": { "texture": "#1", "uv": [ 0.00, 0.00, 4.00, 1.20 ] },
                "east": { "texture": "#1", "uv": [ 0.00, 0.00, 6.00, 1.20 ] },
                "south": { "texture": "#1", "uv": [ 0.00, 0.00, 4.00, 1.20 ] },
                "west": { "texture": "#1", "uv": [ 0.00, 0.00, 6.00, 1.20 ] },
                "up": { "texture": "#1", "uv": [ 0.00, 0.00, 4.00, 6.00 ] },
                "down": { "texture": "#1", "uv": [ 0.00, 0.00, 4.00, 6.00 ] }
            }
        },
        {
            "name": "Cube",
            "from": [ 5.00, 0.00, -1.00 ], 
            "to": [ 11.00, 0.90, 2.00 ], 
            "faces": {
                "north": { "texture": "#2", "uv": [ 0.00, 0.00, 6.00, 0.90 ] },
                "east": { "texture": "#2", "uv": [ 0.00, 0.00, 3.00, 0.90 ] },
                "south": { "texture": "#2", "uv": [ 0.00, 0.00, 6.00, 0.90 ] },
                "west": { "texture": "#2", "uv": [ 0.00, 0.00, 3.00, 0.90 ] },
                "up": { "texture": "#2", "uv": [ 0.00, 0.00, 6.00, 3.00 ] },
                "down": { "texture": "#2", "uv": [ 0.00, 0.00, 6.00, 3.00 ] }
            }
        },
        {
            "name": "Cube",
            "from": [ 14.00, 0.00, 5.00 ], 
            "to": [ 17.00, 0.90, 11.00 ], 
            "faces": {
                "north": { "texture": "#2", "uv": [ 0.00, 0.00, 3.00, 0.90 ] },
                "east": { "texture": "#2", "uv": [ 0.00, 0.00, 6.00, 0.90 ] },
                "south": { "texture": "#2", "uv": [ 0.00, 0.00, 3.00, 0.90 ] },
                "west": { "texture": "#2", "uv": [ 0.00, 0.00, 6.00, 0.90 ] },
                "up": { "texture": "#2", "uv": [ 0.00, 0.00, 3.00, 6.00 ] },
                "down": { "texture": "#2", "uv": [ 0.00, 0.00, 3.00, 6.00 ] }
            }
        },
        {
            "name": "Cube",
            "from": [ 14.00, 0.90, 5.00 ], 
            "to": [ 17.00, 2.00, 11.00 ], 
            "faces": {
                "north": { "texture": "#1", "uv": [ 0.00, 0.00, 3.00, 1.10 ] },
                "east": { "texture": "#1", "uv": [ 0.00, 0.00, 6.00, 1.10 ] },
                "south": { "texture": "#1", "uv": [ 0.00, 0.00, 3.00, 1.10 ] },
                "west": { "texture": "#1", "uv": [ 0.00, 0.00, 6.00, 1.10 ] },
                "up": { "texture": "#1", "uv": [ 0.00, 0.00, 3.00, 6.00 ] },
                "down": { "texture": "#1", "uv": [ 0.00, 0.00, 3.00, 6.00 ] }
            }
        },
        {
            "name": "Cube",
            "from": [ 13.00, 0.80, 5.00 ], 
            "to": [ 17.00, 2.00, 11.00 ], 
            "rotation": { "origin": [ 17.0, 2.0, 8.0 ], "axis": "z", "angle": -22.5 },
            "faces": {
                "north": { "texture": "#1", "uv": [ 0.00, 0.00, 4.00, 1.20 ] },
                "east": { "texture": "#1", "uv": [ 0.00, 0.00, 6.00, 1.20 ] },
                "south": { "texture": "#1", "uv": [ 0.00, 0.00, 4.00, 1.20 ] },
                "west": { "texture": "#1", "uv": [ 0.00, 0.00, 6.00, 1.20 ] },
                "up": { "texture": "#1", "uv": [ 0.00, 0.00, 4.00, 6.00 ] },
                "down": { "texture": "#1", "uv": [ 0.00, 0.00, 4.00, 6.00 ] }
            }
        },
        {
            "name": "Cube",
            "from": [ -1.00, 0.00, 5.00 ], 
            "to": [ 2.00, 0.90, 11.00 ], 
            "faces": {
                "north": { "texture": "#2", "uv": [ 0.00, 0.00, 3.00, 0.90 ] },
                "east": { "texture": "#2", "uv": [ 0.00, 0.00, 6.00, 0.90 ] },
                "south": { "texture": "#2", "uv": [ 0.00, 0.00, 3.00, 0.90 ] },
                "west": { "texture": "#2", "uv": [ 0.00, 0.00, 6.00, 0.90 ] },
                "up": { "texture": "#2", "uv": [ 0.00, 0.00, 3.00, 6.00 ] },
                "down": { "texture": "#2", "uv": [ 0.00, 0.00, 3.00, 6.00 ] }
            }
        },
        {
            "name": "Cube",
            "from": [ 5.00, 0.90, -1.00 ], 
            "to": [ 11.00, 2.00, 2.00 ], 
            "faces": {
                "north": { "texture": "#1", "uv": [ 0.00, 0.00, 6.00, 1.10 ] },
                "east": { "texture": "#1", "uv": [ 0.00, 0.00, 3.00, 1.10 ] },
                "south": { "texture": "#1", "uv": [ 0.00, 0.00, 6.00, 1.10 ] },
                "west": { "texture": "#1", "uv": [ 0.00, 0.00, 3.00, 1.10 ] },
                "up": { "texture": "#1", "uv": [ 0.00, 0.00, 6.00, 3.00 ] },
                "down": { "texture": "#1", "uv": [ 0.00, 0.00, 6.00, 3.00 ] }
            }
        },
        {
            "name": "Cube",
            "from": [ 5.00, 0.80, -1.00 ], 
            "to": [ 11.00, 2.00, 3.00 ], 
            "rotation": { "origin": [ 8.0, 2.0, -1.0 ], "axis": "x", "angle": -22.5 },
            "faces": {
                "north": { "texture": "#1", "uv": [ 0.00, 0.00, 6.00, 1.20 ] },
                "east": { "texture": "#1", "uv": [ 0.00, 0.00, 4.00, 1.20 ] },
                "south": { "texture": "#1", "uv": [ 0.00, 0.00, 6.00, 1.20 ] },
                "west": { "texture": "#1", "uv": [ 0.00, 0.00, 4.00, 1.20 ] },
                "up": { "texture": "#1", "uv": [ 0.00, 0.00, 6.00, 4.00 ] },
                "down": { "texture": "#1", "uv": [ 0.00, 0.00, 6.00, 4.00 ] }
            }
        },
        {
            "name": "Cube",
            "from": [ 5.00, 0.90, 14.00 ], 
            "to": [ 11.00, 2.00, 17.00 ], 
            "faces": {
                "north": { "texture": "#1", "uv": [ 0.00, 0.00, 6.00, 1.10 ] },
                "east": { "texture": "#1", "uv": [ 0.00, 0.00, 3.00, 1.10 ] },
                "south": { "texture": "#1", "uv": [ 0.00, 0.00, 6.00, 1.10 ] },
                "west": { "texture": "#1", "uv": [ 0.00, 0.00, 3.00, 1.10 ] },
                "up": { "texture": "#1", "uv": [ 0.00, 0.00, 6.00, 3.00 ] },
                "down": { "texture": "#1", "uv": [ 0.00, 0.00, 6.00, 3.00 ] }
            }
        },
        {
            "name": "Cube",
            "from": [ 5.00, 0.00, 14.00 ], 
            "to": [ 11.00, 0.90, 17.00 ], 
            "faces": {
                "north": { "texture": "#2", "uv": [ 0.00, 0.00, 6.00, 0.90 ] },
                "east": { "texture": "#2", "uv": [ 0.00, 0.00, 3.00, 0.90 ] },
                "south": { "texture": "#2", "uv": [ 0.00, 0.00, 6.00, 0.90 ] },
                "west": { "texture": "#2", "uv": [ 0.00, 0.00, 3.00, 0.90 ] },
                "up": { "texture": "#2", "uv": [ 0.00, 0.00, 6.00, 3.00 ] },
                "down": { "texture": "#2", "uv": [ 0.00, 0.00, 6.00, 3.00 ] }
            }
        },
        {
            "name": "Cube",
            "from": [ 5.00, 0.80, 13.00 ], 
            "to": [ 11.00, 2.00, 17.00 ], 
            "rotation": { "origin": [ 8.0, 2.0, 17.0 ], "axis": "x", "angle": 22.5 },
            "faces": {
                "north": { "texture": "#1", "uv": [ 0.00, 0.00, 6.00, 1.20 ] },
                "east": { "texture": "#1", "uv": [ 0.00, 0.00, 4.00, 1.20 ] },
                "south": { "texture": "#1", "uv": [ 0.00, 0.00, 6.00, 1.20 ] },
                "west": { "texture": "#1", "uv": [ 0.00, 0.00, 4.00, 1.20 ] },
                "up": { "texture": "#1", "uv": [ 0.00, 0.00, 6.00, 4.00 ] },
                "down": { "texture": "#1", "uv": [ 0.00, 0.00, 6.00, 4.00 ] }
            }
        },
        {
            "name": "Cube",
            "from": [ 4.00, 0.00, 12.00 ], 
            "to": [ 12.00, 6.00, 14.00 ], 
            "faces": {
                "north": { "texture": "#base", "uv": [ 0.00, 0.00, 8.00, 6.00 ] },
                "east": { "texture": "#base", "uv": [ 0.00, 0.00, 2.00, 6.00 ] },
                "south": { "texture": "#base", "uv": [ 0.00, 0.00, 8.00, 6.00 ] },
                "west": { "texture": "#base", "uv": [ 0.00, 0.00, 2.00, 6.00 ] },
                "up": { "texture": "#base", "uv": [ 0.00, 0.00, 8.00, 2.00 ] },
                "down": { "texture": "#base", "uv": [ 0.00, 0.00, 8.00, 2.00 ] }
            }
        },
        {
            "name": "Cube",
            "from": [ 4.00, 0.50, 4.00 ], 
            "to": [ 12.00, 5.50, 5.50 ], 
            "faces": {
                "south": { "texture": "#2", "uv": [ 0.00, 0.00, 8.00, 5.00 ] },
                "up": { "texture": "#2", "uv": [ 4.00, 4.00, 12.00, 5.50 ] },
                "down": { "texture": "#2", "uv": [ 4.00, 4.00, 12.00, 5.50 ] }
            }
        },
        {
            "name": "Cube",
            "from": [ 5.50, 0.00, 6.50 ], 
            "to": [ 6.50, 6.00, 9.50 ], 
            "faces": {
                "north": { "texture": "#1", "uv": [ 0.00, 0.00, 1.00, 6.00 ] },
                "east": { "texture": "#1", "uv": [ 0.00, 0.00, 3.00, 6.00 ] },
                "south": { "texture": "#1", "uv": [ 0.00, 0.00, 1.00, 6.00 ] },
                "west": { "texture": "#1", "uv": [ 0.00, 0.00, 3.00, 6.00 ] },
                "up": { "texture": "#1", "uv": [ 4.00, 4.00, 5.00, 7.00 ] },
                "down": { "texture": "#1", "uv": [ 4.00, 4.00, 5.00, 7.00 ] }
            }
        },
        {
            "name": "Cube",
            "from": [ 9.50, 0.00, 6.50 ], 
            "to": [ 10.50, 6.00, 9.50 ], 
            "faces": {
                "north": { "texture": "#1", "uv": [ 0.00, 0.00, 1.00, 6.00 ] },
                "east": { "texture": "#1", "uv": [ 0.00, 0.00, 3.00, 6.00 ] },
                "south": { "texture": "#1", "uv": [ 0.00, 0.00, 1.00, 6.00 ] },
                "west": { "texture": "#1", "uv": [ 0.00, 0.00, 3.00, 6.00 ] },
                "up": { "texture": "#1", "uv": [ 4.00, 4.00, 5.00, 7.00 ] },
                "down": { "texture": "#1", "uv": [ 4.00, 4.00, 5.00, 7.00 ] }
            }
        },
        {
            "name": "Cube",
            "from": [ 5.50, 0.00, 5.50 ], 
            "to": [ 10.50, 6.00, 6.50 ], 
            "faces": {
                "north": { "texture": "#1", "uv": [ 0.00, 0.00, 5.00, 6.00 ] },
                "east": { "texture": "#1", "uv": [ 0.00, 0.00, 1.00, 6.00 ] },
                "south": { "texture": "#1", "uv": [ 0.00, 0.00, 5.00, 6.00 ] },
                "west": { "texture": "#1", "uv": [ 0.00, 0.00, 1.00, 6.00 ] },
                "up": { "texture": "#1", "uv": [ 4.00, 4.00, 9.00, 5.00 ] },
                "down": { "texture": "#1", "uv": [ 4.00, 4.00, 9.00, 5.00 ] }
            }
        },
        {
            "name": "Cube",
            "from": [ 5.50, 0.00, 9.50 ], 
            "to": [ 10.50, 6.00, 10.50 ], 
            "faces": {
                "north": { "texture": "#1", "uv": [ 0.00, 0.00, 5.00, 6.00 ] },
                "east": { "texture": "#1", "uv": [ 0.00, 0.00, 1.00, 6.00 ] },
                "south": { "texture": "#1", "uv": [ 0.00, 0.00, 5.00, 6.00 ] },
                "west": { "texture": "#1", "uv": [ 0.00, 0.00, 1.00, 6.00 ] },
                "up": { "texture": "#1", "uv": [ 4.00, 4.00, 9.00, 5.00 ] },
                "down": { "texture": "#1", "uv": [ 4.00, 4.00, 9.00, 5.00 ] }
            }
        },
        {
            "name": "Cube",
            "from": [ 4.00, 0.50, 10.50 ], 
            "to": [ 12.00, 5.50, 12.00 ], 
            "faces": {
                "north": { "texture": "#2", "uv": [ 0.00, 0.00, 8.00, 5.00 ] },
                "up": { "texture": "#2", "uv": [ 4.00, 4.00, 12.00, 5.50 ] },
                "down": { "texture": "#2", "uv": [ 4.00, 4.00, 12.00, 5.50 ] }
            }
        },
        {
            "name": "Cube",
            "from": [ 4.00, 0.50, 5.50 ], 
            "to": [ 5.50, 5.50, 10.50 ], 
            "faces": {
                "east": { "texture": "#2", "uv": [ 0.00, 0.00, 5.00, 5.00 ] },
                "up": { "texture": "#2", "uv": [ 4.00, 4.00, 5.50, 9.00 ] },
                "down": { "texture": "#2", "uv": [ 4.00, 4.00, 5.50, 9.00 ] }
            }
        },
        {
            "name": "Cube",
            "from": [ 10.50, 0.50, 5.50 ], 
            "to": [ 12.00, 5.50, 10.50 ], 
            "faces": {
                "east": { "texture": "#2", "uv": [ 0.00, 0.00, 5.00, 5.00 ] },
                "west": { "texture": "#2", "uv": [ 0.00, 0.00, 5.00, 5.00 ] },
                "up": { "texture": "#2", "uv": [ 4.00, 4.00, 5.50, 9.00 ] },
                "down": { "texture": "#2", "uv": [ 4.00, 4.00, 5.50, 9.00 ] }
            }
        }
    ]
}