{
    "__comment": "Model generated using MrCrayfish's Model Creator (https://mrcrayfish.com/tools?id=mc)",
    "textures": {
        "particle": "minecraft:block/orange_concrete",
        "base": "minecraft:block/orange_concrete",
        "stripe": "minecraft:block/white_concrete"
    },
    "display": {
        "gui": {
            "rotation": [ 30, 225, 0 ],
            "translation": [ 0, 0, 0 ],
            "scale": [ 0.625, 0.625, 0.625 ]
        },
        "ground": {
            "rotation": [ 0, 0, 0 ],
            "translation": [ 0, 3, 0 ],
            "scale": [ 0.25, 0.25, 0.25 ]
        },
        "fixed": {
            "rotation": [ 0, 0, 0 ],
            "translation": [ 0, 0, 0 ],
            "scale": [ 0.5, 0.5, 0.5 ]
        },
        "thirdperson_righthand": {
            "rotation": [ 75, 45, 0 ],
            "translation": [ 0, 2.5, 0 ],
            "scale": [ 0.375, 0.375, 0.375 ]
        },
        "thirdperson_lefthand": {
            "rotation": [ 75, 255, 0 ],
            "translation": [ 0, 2.5, 0 ],
            "scale": [ 0.375, 0.375, 0.375 ]
        },
        "firstperson_righthand": {
            "rotation": [ 0, 45, 0 ],
            "translation": [ 0, 2.5, 0 ],
            "scale": [ 0.4, 0.4, 0.4 ]
        },
        "firstperson_lefthand": {
            "rotation": [ 0, 225, 0 ],
            "translation": [ 0, 2.5, 0 ],
            "scale": [ 0.4, 0.4, 0.4 ]
        },
        "head": {
            "rotation": [ 15, 0, 0 ],
            "translation": [ 0, 14, 3 ],
            "scale": [ 1.625, 1.625, 1.625 ]
        }
    },
    "elements": [
        {
            "name": "base_1",
            "from": [ 2.00, 0.00, 3.00 ], 
            "to": [ 14.00, 2.00, 13.00 ], 
            "faces": {
                "north": { "texture": "#base", "uv": [ 0.00, 0.00, 12.00, 2.00 ] },
                "east": { "texture": "#base", "uv": [ 0.00, 0.00, 10.00, 2.00 ] },
                "south": { "texture": "#base", "uv": [ 0.00, 0.00, 12.00, 2.00 ] },
                "west": { "texture": "#base", "uv": [ 0.00, 0.00, 10.00, 2.00 ] },
                "up": { "texture": "#base", "uv": [ 0.00, 0.00, 12.00, 10.00 ] },
                "down": { "texture": "#base", "uv": [ 0.00, 0.00, 12.00, 10.00 ] }
            }
        },
        {
            "name": "orange_1",
            "from": [ 4.00, 1.00, 4.00 ], 
            "to": [ 12.00, 4.00, 12.00 ], 
            "faces": {
                "north": { "texture": "#base", "uv": [ 0.00, 0.00, 8.00, 3.00 ] },
                "east": { "texture": "#base", "uv": [ 0.00, 0.00, 8.00, 3.00 ] },
                "south": { "texture": "#base", "uv": [ 0.00, 0.00, 8.00, 3.00 ] },
                "west": { "texture": "#base", "uv": [ 0.00, 0.00, 8.00, 3.00 ] },
                "up": { "texture": "#base", "uv": [ 0.00, 0.00, 8.00, 8.00 ] },
                "down": { "texture": "#base", "uv": [ 0.00, 0.00, 8.00, 8.00 ] }
            }
        },
        {
            "name": "orange_2",
            "from": [ 6.00, 10.00, 6.00 ], 
            "to": [ 10.00, 12.00, 10.00 ], 
            "faces": {
                "north": { "texture": "#base", "uv": [ 0.00, 0.00, 4.00, 2.00 ] },
                "east": { "texture": "#base", "uv": [ 0.00, 0.00, 4.00, 2.00 ] },
                "south": { "texture": "#base", "uv": [ 0.00, 0.00, 4.00, 2.00 ] },
                "west": { "texture": "#base", "uv": [ 0.00, 0.00, 4.00, 2.00 ] },
                "up": { "texture": "#base", "uv": [ 0.00, 0.00, 4.00, 4.00 ] },
                "down": { "texture": "#base", "uv": [ 0.00, 0.00, 4.00, 4.00 ] }
            }
        },
        {
            "name": "white_1",
            "from": [ 4.50, 4.00, 4.50 ], 
            "to": [ 11.50, 6.00, 11.50 ], 
            "faces": {
                "north": { "texture": "#stripe", "uv": [ 0.00, 0.00, 7.00, 2.00 ] },
                "east": { "texture": "#stripe", "uv": [ 0.00, 0.00, 7.00, 2.00 ] },
                "south": { "texture": "#stripe", "uv": [ 0.00, 0.00, 7.00, 2.00 ] },
                "west": { "texture": "#stripe", "uv": [ 0.00, 0.00, 7.00, 2.00 ] },
                "up": { "texture": "#stripe", "uv": [ 0.00, 0.00, 7.00, 7.00 ] },
                "down": { "texture": "#stripe", "uv": [ 0.00, 0.00, 7.00, 7.00 ] }
            }
        },
        {
            "name": "orange_3",
            "from": [ 5.00, 6.00, 5.00 ], 
            "to": [ 11.00, 8.00, 11.00 ], 
            "faces": {
                "north": { "texture": "#base", "uv": [ 0.00, 0.00, 6.00, 2.00 ] },
                "east": { "texture": "#base", "uv": [ 0.00, 0.00, 6.00, 2.00 ] },
                "south": { "texture": "#base", "uv": [ 0.00, 0.00, 6.00, 2.00 ] },
                "west": { "texture": "#base", "uv": [ 0.00, 0.00, 6.00, 2.00 ] },
                "up": { "texture": "#base", "uv": [ 0.00, 0.00, 6.00, 6.00 ] },
                "down": { "texture": "#base", "uv": [ 0.00, 0.00, 6.00, 6.00 ] }
            }
        },
        {
            "name": "white_2",
            "from": [ 5.50, 8.00, 5.50 ], 
            "to": [ 10.50, 10.00, 10.50 ], 
            "faces": {
                "north": { "texture": "#stripe", "uv": [ 0.00, 0.00, 5.00, 2.00 ] },
                "east": { "texture": "#stripe", "uv": [ 0.00, 0.00, 5.00, 2.00 ] },
                "south": { "texture": "#stripe", "uv": [ 0.00, 0.00, 5.00, 2.00 ] },
                "west": { "texture": "#stripe", "uv": [ 0.00, 0.00, 5.00, 2.00 ] },
                "up": { "texture": "#stripe", "uv": [ 0.00, 0.00, 5.00, 5.00 ] },
                "down": { "texture": "#stripe", "uv": [ 0.00, 0.00, 5.00, 5.00 ] }
            }
        },
        {
            "name": "orange_4",
            "from": [ 6.50, 12.00, 6.50 ], 
            "to": [ 9.50, 14.00, 9.50 ], 
            "faces": {
                "north": { "texture": "#base", "uv": [ 0.00, 0.00, 3.00, 2.00 ] },
                "east": { "texture": "#base", "uv": [ 0.00, 0.00, 3.00, 2.00 ] },
                "south": { "texture": "#base", "uv": [ 0.00, 0.00, 3.00, 2.00 ] },
                "west": { "texture": "#base", "uv": [ 0.00, 0.00, 3.00, 2.00 ] },
                "up": { "texture": "#base", "uv": [ 0.00, 0.00, 3.00, 3.00 ] },
                "down": { "texture": "#base", "uv": [ 0.00, 0.00, 3.00, 3.00 ] }
            }
        },
        {
            "name": "base_2",
            "from": [ 3.00, 0.00, 2.00 ], 
            "to": [ 13.00, 2.00, 14.00 ], 
            "faces": {
                "north": { "texture": "#base", "uv": [ 0.00, 0.00, 10.00, 2.00 ] },
                "east": { "texture": "#base", "uv": [ 0.00, 0.00, 12.00, 2.00 ] },
                "south": { "texture": "#base", "uv": [ 0.00, 0.00, 10.00, 2.00 ] },
                "west": { "texture": "#base", "uv": [ 0.00, 0.00, 12.00, 2.00 ] },
                "up": { "texture": "#base", "uv": [ 0.00, 0.00, 10.00, 12.00 ] },
                "down": { "texture": "#base", "uv": [ 0.00, 0.00, 10.00, 12.00 ] }
            }
        }
    ]
}