{
    "__comment": "Model generated using MrCrayfish's Model Creator (https://mrcrayfish.com/tools?id=mc)",
    "textures": {
        "particle": "minecraft:block/red_concrete",
        "0": "minecraft:block/red_concrete",
        "1": "minecraft:block/anvil",
        "2": "minecraft:block/iron_block",
        "3": "minecraft:block/light_gray_concrete",
        "4": "minecraft:block/bone_block_side",
        "5": "minecraft:block/yellow_concrete",
        "6": "minecraft:block/white_concrete",
        "7": "minecraft:block/pink_concrete",
        "8": "minecraft:block/white_terracotta"
    },
    "display": {
        "gui": {
            "rotation": [ 30, 45, 0 ],
            "translation": [ 0, 0, 0 ],
            "scale": [ 0.575, 0.575, 0.575 ]
        },
        "ground": {
            "rotation": [ 0, 0, 0 ],
            "translation": [ 0, 3, 0 ],
            "scale": [ 0.25, 0.25, 0.25 ]
        },
        "fixed": {
            "rotation": [ 0, 0, 0 ],
            "translation": [ 0, 0, 0 ],
            "scale": [ 0.5, 0.5, 0.5 ]
        },
        "thirdperson_righthand": {
            "rotation": [ 75, 315, 0 ],
            "translation": [ 0, 2.5, 0 ],
            "scale": [ 0.375, 0.375, 0.375 ]
        },
        "firstperson_righthand": {
            "rotation": [ 0, 315, 0 ],
            "translation": [ 0, 2.5, 0 ],
            "scale": [ 0.4, 0.4, 0.4 ]
        }
    },
    "elements": [
        {
            "name": "base_1",
            "from": [ 0.00, 1.00, 0.00 ], 
            "to": [ 1.00, 13.50, 16.00 ], 
            "faces": {
                "north": { "texture": "#0", "uv": [ 0.00, 0.00, 1.00, 12.50 ], "cullface": "north" },
                "east": { "texture": "#0", "uv": [ 0.00, 0.00, 16.00, 12.50 ] },
                "south": { "texture": "#0", "uv": [ 0.00, 0.00, 1.00, 12.50 ], "cullface": "south" },
                "west": { "texture": "#0", "uv": [ 0.00, 0.00, 16.00, 12.50 ], "cullface": "west" },
                "down": { "texture": "#0", "uv": [ 0.00, 0.00, 1.00, 16.00 ] }
            }
        },
        {
            "name": "leg_1",
            "from": [ 0.50, 0.00, 0.50 ], 
            "to": [ 2.50, 1.00, 2.50 ], 
            "faces": {
                "north": { "texture": "#1", "uv": [ 0.00, 0.00, 2.00, 1.00 ] },
                "east": { "texture": "#1", "uv": [ 0.00, 0.00, 2.00, 1.00 ] },
                "south": { "texture": "#1", "uv": [ 0.00, 0.00, 2.00, 1.00 ] },
                "west": { "texture": "#1", "uv": [ 0.00, 0.00, 2.00, 1.00 ] },
                "down": { "texture": "#1", "uv": [ 0.00, 0.00, 2.00, 2.00 ], "cullface": "down" }
            }
        },
        {
            "name": "leg_2",
            "from": [ 0.50, 0.00, 13.50 ], 
            "to": [ 2.50, 1.00, 15.50 ], 
            "faces": {
                "north": { "texture": "#1", "uv": [ 0.00, 0.00, 2.00, 1.00 ] },
                "east": { "texture": "#1", "uv": [ 0.00, 0.00, 2.00, 1.00 ] },
                "south": { "texture": "#1", "uv": [ 0.00, 0.00, 2.00, 1.00 ] },
                "west": { "texture": "#1", "uv": [ 0.00, 0.00, 2.00, 1.00 ] },
                "down": { "texture": "#1", "uv": [ 0.00, 0.00, 2.00, 2.00 ], "cullface": "down" }
            }
        },
        {
            "name": "leg_3",
            "from": [ 13.50, 0.00, 13.50 ], 
            "to": [ 15.50, 1.00, 15.50 ], 
            "faces": {
                "north": { "texture": "#1", "uv": [ 0.00, 0.00, 2.00, 1.00 ] },
                "east": { "texture": "#1", "uv": [ 0.00, 0.00, 2.00, 1.00 ] },
                "south": { "texture": "#1", "uv": [ 0.00, 0.00, 2.00, 1.00 ] },
                "west": { "texture": "#1", "uv": [ 0.00, 0.00, 2.00, 1.00 ] },
                "down": { "texture": "#1", "uv": [ 0.00, 0.00, 2.00, 2.00 ], "cullface": "down" }
            }
        },
        {
            "name": "leg_4",
            "from": [ 13.50, 0.00, 0.50 ], 
            "to": [ 15.50, 1.00, 2.50 ], 
            "faces": {
                "north": { "texture": "#1", "uv": [ 0.00, 0.00, 2.00, 1.00 ] },
                "east": { "texture": "#1", "uv": [ 0.00, 0.00, 2.00, 1.00 ] },
                "south": { "texture": "#1", "uv": [ 0.00, 0.00, 2.00, 1.00 ] },
                "west": { "texture": "#1", "uv": [ 0.00, 0.00, 2.00, 1.00 ] },
                "down": { "texture": "#1", "uv": [ 0.00, 0.00, 2.00, 2.00 ], "cullface": "down" }
            }
        },
        {
            "name": "handle_1",
            "from": [ 1.00, 12.00, 15.50 ], 
            "to": [ 15.00, 12.50, 16.00 ], 
            "faces": {
                "south": { "texture": "#2", "uv": [ 0.00, 0.00, 14.00, 0.50 ] },
                "up": { "texture": "#2", "uv": [ 0.00, 0.00, 14.00, 0.50 ] },
                "down": { "texture": "#2", "uv": [ 0.00, 0.00, 14.00, 0.50 ] }
            }
        },
        {
            "name": "handle_1",
            "from": [ 1.00, 10.00, 15.50 ], 
            "to": [ 15.00, 10.50, 16.00 ], 
            "faces": {
                "south": { "texture": "#2", "uv": [ 0.00, 0.00, 14.00, 0.50 ] },
                "up": { "texture": "#2", "uv": [ 0.00, 0.00, 14.00, 0.50 ] },
                "down": { "texture": "#2", "uv": [ 0.00, 0.00, 14.00, 0.50 ] }
            }
        },
        {
            "name": "base_2",
            "from": [ 15.00, 1.00, 0.00 ], 
            "to": [ 16.00, 13.50, 16.00 ], 
            "faces": {
                "north": { "texture": "#0", "uv": [ 0.00, 0.00, 1.00, 12.50 ], "cullface": "north" },
                "east": { "texture": "#0", "uv": [ 0.00, 0.00, 16.00, 12.50 ], "cullface": "east" },
                "south": { "texture": "#0", "uv": [ 0.00, 0.00, 1.00, 12.50 ], "cullface": "south" },
                "west": { "texture": "#0", "uv": [ 0.00, 0.00, 16.00, 12.50 ] },
                "down": { "texture": "#0", "uv": [ 0.00, 0.00, 1.00, 16.00 ] }
            }
        },
        {
            "name": "handle_1",
            "from": [ 1.00, 8.00, 15.50 ], 
            "to": [ 15.00, 8.50, 16.00 ], 
            "faces": {
                "south": { "texture": "#2", "uv": [ 0.00, 0.00, 14.00, 0.50 ] },
                "up": { "texture": "#2", "uv": [ 0.00, 0.00, 14.00, 0.50 ] },
                "down": { "texture": "#2", "uv": [ 0.00, 0.00, 14.00, 0.50 ] }
            }
        },
        {
            "name": "handle_1",
            "from": [ 1.00, 6.00, 15.50 ], 
            "to": [ 15.00, 6.50, 16.00 ], 
            "faces": {
                "south": { "texture": "#2", "uv": [ 0.00, 0.00, 14.00, 0.50 ] },
                "up": { "texture": "#2", "uv": [ 0.00, 0.00, 14.00, 0.50 ] },
                "down": { "texture": "#2", "uv": [ 0.00, 0.00, 14.00, 0.50 ] }
            }
        },
        {
            "name": "handle_1",
            "from": [ 1.00, 4.00, 15.50 ], 
            "to": [ 15.00, 4.50, 16.00 ], 
            "faces": {
                "south": { "texture": "#2", "uv": [ 0.00, 0.00, 14.00, 0.50 ] },
                "up": { "texture": "#2", "uv": [ 0.00, 0.00, 14.00, 0.50 ] },
                "down": { "texture": "#2", "uv": [ 0.00, 0.00, 14.00, 0.50 ] }
            }
        },
        {
            "name": "draws_cover",
            "from": [ 1.00, 2.50, 0.00 ], 
            "to": [ 15.00, 13.50, 15.50 ], 
            "faces": {
                "north": { "texture": "#0", "uv": [ 0.00, 0.00, 14.00, 11.00 ], "cullface": "north" },
                "south": { "texture": "#1", "uv": [ 0.00, 0.00, 14.00, 11.00 ] }
            }
        },
        {
            "name": "base_3",
            "from": [ 1.00, 1.00, 0.00 ], 
            "to": [ 15.00, 2.50, 16.00 ], 
            "faces": {
                "north": { "texture": "#0", "uv": [ 0.00, 0.00, 14.00, 1.50 ], "cullface": "north" },
                "south": { "texture": "#0", "uv": [ 0.00, 0.00, 14.00, 1.50 ], "cullface": "south" },
                "up": { "texture": "#0", "uv": [ 0.00, 0.00, 14.00, 16.00 ] },
                "down": { "texture": "#0", "uv": [ 0.00, 0.00, 14.00, 16.00 ] }
            }
        },
        {
            "name": "base_4",
            "from": [ 0.00, 13.50, 0.00 ], 
            "to": [ 16.00, 14.50, 16.00 ], 
            "faces": {
                "north": { "texture": "#0", "uv": [ 0.00, 0.00, 16.00, 1.00 ], "cullface": "north" },
                "east": { "texture": "#0", "uv": [ 0.00, 0.00, 16.00, 1.00 ] },
                "south": { "texture": "#0", "uv": [ 0.00, 0.00, 16.00, 1.00 ], "cullface": "south" },
                "west": { "texture": "#0", "uv": [ 0.00, 0.00, 16.00, 1.00 ] },
                "down": { "texture": "#0", "uv": [ 0.00, 0.00, 16.00, 16.00 ] }
            }
        },
        {
            "name": "top_1",
            "from": [ 0.00, 14.50, 0.00 ], 
            "to": [ 16.00, 16.00, 16.00 ], 
            "faces": {
                "north": { "texture": "#3", "uv": [ 0.00, 0.00, 16.00, 1.50 ], "cullface": "north" },
                "east": { "texture": "#3", "uv": [ 0.00, 0.00, 16.00, 1.50 ], "cullface": "east" },
                "south": { "texture": "#3", "uv": [ 0.00, 0.00, 16.00, 1.50 ], "cullface": "south" },
                "west": { "texture": "#3", "uv": [ 0.00, 0.00, 16.00, 1.50 ], "cullface": "west" },
                "up": { "texture": "#3", "uv": [ 0.00, 0.00, 16.00, 16.00 ] }
            }
        },
        {
            "name": "top_2",
            "from": [ 0.00, 16.00, 0.00 ], 
            "to": [ 16.00, 17.50, 2.00 ], 
            "faces": {
                "north": { "texture": "#3", "uv": [ 0.00, 0.00, 16.00, 1.50 ] },
                "east": { "texture": "#3", "uv": [ 0.00, 0.00, 2.00, 1.50 ] },
                "south": { "texture": "#3", "uv": [ 0.00, 0.00, 16.00, 1.50 ] },
                "west": { "texture": "#3", "uv": [ 0.00, 0.00, 2.00, 1.50 ] },
                "up": { "texture": "#3", "uv": [ 0.00, 0.00, 16.00, 2.00 ] }
            }
        },
        {
            "name": "paper",
            "from": [ 2.00, 16.00, 4.00 ], 
            "to": [ 9.00, 16.10, 13.00 ], 
            "rotation": { "origin": [ 8.0, 16.0, 8.0 ], "axis": "y", "angle": 22.5 },
            "faces": {
                "north": { "texture": "#4", "uv": [ 0.00, 0.00, 7.00, 0.10 ] },
                "east": { "texture": "#4", "uv": [ 0.00, 0.00, 9.00, 0.10 ] },
                "south": { "texture": "#4", "uv": [ 0.00, 0.00, 7.00, 0.10 ] },
                "west": { "texture": "#4", "uv": [ 0.00, 0.00, 9.00, 0.10 ] },
                "up": { "texture": "#4", "uv": [ 4.00, 3.00, 11.00, 12.00 ] }
            }
        },
        {
            "name": "pencil_base",
            "from": [ 13.00, 16.00, 7.00 ], 
            "to": [ 13.50, 16.50, 12.00 ], 
            "rotation": { "origin": [ 8.0, 8.0, 8.0 ], "axis": "y", "angle": -22.5 },
            "faces": {
                "north": { "texture": "#5", "uv": [ 0.00, 0.00, 0.50, 0.50 ] },
                "east": { "texture": "#5", "uv": [ 0.00, 0.00, 5.00, 0.50 ] },
                "south": { "texture": "#5", "uv": [ 0.00, 0.00, 0.50, 0.50 ] },
                "west": { "texture": "#5", "uv": [ 0.00, 0.00, 5.00, 0.50 ] },
                "up": { "texture": "#5", "uv": [ 0.00, 0.00, 0.50, 5.00 ] }
            }
        },
        {
            "name": "pencil_metal",
            "from": [ 13.00, 16.00, 12.00 ], 
            "to": [ 13.50, 16.50, 12.40 ], 
            "rotation": { "origin": [ 8.0, 8.0, 8.0 ], "axis": "y", "angle": -22.5 },
            "faces": {
                "north": { "texture": "#6", "uv": [ 0.00, 0.00, 0.50, 0.50 ] },
                "east": { "texture": "#6", "uv": [ 0.00, 0.00, 0.40, 0.50 ] },
                "south": { "texture": "#6", "uv": [ 0.00, 0.00, 0.50, 0.50 ] },
                "west": { "texture": "#6", "uv": [ 0.00, 0.00, 0.40, 0.50 ] },
                "up": { "texture": "#6", "uv": [ 0.00, 0.00, 0.50, 0.40 ] }
            }
        },
        {
            "name": "pencil_eraser",
            "from": [ 13.00, 16.00, 12.40 ], 
            "to": [ 13.50, 16.50, 13.00 ], 
            "rotation": { "origin": [ 8.0, 8.0, 8.0 ], "axis": "y", "angle": -22.5 },
            "faces": {
                "north": { "texture": "#7", "uv": [ 0.00, 0.00, 0.50, 0.50 ] },
                "east": { "texture": "#7", "uv": [ 0.00, 0.00, 0.60, 0.50 ] },
                "south": { "texture": "#7", "uv": [ 0.00, 0.00, 0.50, 0.50 ] },
                "west": { "texture": "#7", "uv": [ 0.00, 0.00, 0.60, 0.50 ] },
                "up": { "texture": "#7", "uv": [ 0.00, 0.00, 0.50, 0.60 ] }
            }
        },
        {
            "name": "Cube",
            "from": [ 13.00, 16.00, 6.50 ], 
            "to": [ 13.50, 16.50, 7.00 ], 
            "rotation": { "origin": [ 8.0, 8.0, 8.0 ], "axis": "y", "angle": -22.5 },
            "faces": {
                "north": { "texture": "#8", "uv": [ 6.00, 8.00, 6.50, 8.50 ] },
                "east": { "texture": "#8", "uv": [ 8.00, 6.00, 8.50, 6.50 ] },
                "south": { "texture": "#8", "uv": [ 8.00, 7.00, 8.50, 7.50 ] },
                "west": { "texture": "#8", "uv": [ 7.00, 6.00, 7.50, 6.50 ] },
                "up": { "texture": "#8", "uv": [ 7.00, 4.00, 7.50, 4.50 ] }
            }
        },
        {
            "name": "Cube",
            "from": [ 13.10, 16.10, 6.20 ], 
            "to": [ 13.40, 16.40, 6.50 ], 
            "rotation": { "origin": [ 8.0, 8.0, 8.0 ], "axis": "y", "angle": -22.5 },
            "faces": {
                "north": { "texture": "#1", "uv": [ 6.00, 8.00, 6.30, 8.30 ] },
                "east": { "texture": "#1", "uv": [ 8.00, 6.00, 8.30, 6.30 ] },
                "south": { "texture": "#1", "uv": [ 8.00, 7.00, 8.30, 7.30 ] },
                "west": { "texture": "#1", "uv": [ 7.00, 6.00, 7.30, 6.30 ] },
                "up": { "texture": "#1", "uv": [ 7.00, 4.00, 7.30, 4.30 ] },
                "down": { "texture": "#1", "uv": [ 9.00, 5.00, 9.30, 5.30 ] }
            }
        }
    ]
}