{
    "__comment": "Model generated using MrCrayfish's Model Creator (https://mrcrayfish.com/tools?id=mc)",
    "textures": {
        "seat": "minecraft:block/anvil",
        "logo": "vehicle:model/cray_industries",
        "body": "minecraft:block/white_concrete"
    },
    "elements": [
        {
            "from": [ 8, 0, -11.2 ], 
            "to": [ 21, 2, 1 ], 
            "faces": {
                "north": { "texture": "#body", "uv": [ 0, 0, 13, 2 ] },
                "east": { "texture": "#body", "uv": [ 0, 0, 12.2, 2 ] },
                "up": { "texture": "#body", "uv": [ 0, 0, 13, 12.2 ] },
                "down": { "texture": "#body", "uv": [ 0, 0, 13, 12.2 ] }
            }
        },
        {
            "from": [ -5, 0, -11.2 ], 
            "to": [ 8, 2, 1 ], 
            "faces": {
                "north": { "texture": "#body", "uv": [ 0, 0, 13, 2 ] },
                "west": { "texture": "#body", "uv": [ 0, 0, 12.2, 2 ] },
                "up": { "texture": "#body", "uv": [ 0, 0, 13, 12.2 ] },
                "down": { "texture": "#body", "uv": [ 0, 0, 13, 12.2 ] }
            }
        },
        {
            "from": [ -5, 0, 1 ], 
            "to": [ 8, 2, 13 ], 
            "faces": {
                "west": { "texture": "#body", "uv": [ 0, 0, 12, 2 ] },
                "up": { "texture": "#body", "uv": [ 0, 0, 13, 12 ] },
                "down": { "texture": "#body", "uv": [ 0, 0, 13, 12 ] }
            }
        },
        {
            "from": [ 8, 0, 1 ], 
            "to": [ 21, 2, 13 ], 
            "faces": {
                "east": { "texture": "#body", "uv": [ 0, 0, 12, 2 ] },
                "south": { "texture": "#body", "uv": [ 0, 0, 13, 2 ] },
                "up": { "texture": "#body", "uv": [ 0, 0, 13, 12 ] },
                "down": { "texture": "#body", "uv": [ 0, 0, 13, 12 ] }
            }
        },
        {
            "from": [ -5, 0, 16 ], 
            "to": [ 5, 2, 24 ], 
            "rotation": { "origin": [ 8.0, 0.0, 16.0 ], "axis": "x", "angle": -22.5 },
            "faces": {
                "north": { "texture": "#body", "uv": [ 0, 0, 10, 2 ] },
                "east": { "texture": "#body", "uv": [ 0, 0, 8, 2 ] },
                "south": { "texture": "#body", "uv": [ 0, 0, 10, 2 ] },
                "west": { "texture": "#body", "uv": [ 0, 0, 8, 2 ] },
                "up": { "texture": "#body", "uv": [ 0, 0, 10, 8 ] },
                "down": { "texture": "#body", "uv": [ 0, 0, 10, 8 ] }
            }
        },
        {
            "from": [ 5, 0, 16 ], 
            "to": [ 21, 2, 24 ], 
            "rotation": { "origin": [ 8.0, 0.0, 16.0 ], "axis": "x", "angle": -22.5 },
            "faces": {
                "north": { "texture": "#body", "uv": [ 0, 0, 16, 2 ] },
                "east": { "texture": "#body", "uv": [ 0, 0, 8, 2 ] },
                "south": { "texture": "#body", "uv": [ 0, 0, 16, 2 ] },
                "west": { "texture": "#body", "uv": [ 0, 0, 8, 2 ] },
                "up": { "texture": "#body", "uv": [ 0, 0, 16, 8 ] },
                "down": { "texture": "#body", "uv": [ 0, 0, 16, 8 ] }
            }
        },
        {
            "from": [ -5, 3.1, 23.3 ], 
            "to": [ 5, 5.1, 31.3 ], 
            "rotation": { "origin": [ 8.0, 3.1, 23.4 ], "axis": "x", "angle": -45.0 },
            "faces": {
                "north": { "texture": "#body", "uv": [ 0, 0, 10, 2 ] },
                "east": { "texture": "#body", "uv": [ 0, 0, 8, 2 ] },
                "south": { "texture": "#body", "uv": [ 0, 0, 10, 2 ] },
                "west": { "texture": "#body", "uv": [ 0, 0, 8, 2 ] },
                "up": { "texture": "#body", "uv": [ 0, 0, 10, 8 ] },
                "down": { "texture": "#body", "uv": [ 0, 0, 10, 8 ] }
            }
        },
        {
            "from": [ 5, 3.1, 23.3 ], 
            "to": [ 21, 5.1, 31.3 ], 
            "rotation": { "origin": [ 8.0, 3.1, 23.4 ], "axis": "x", "angle": -45.0 },
            "faces": {
                "north": { "texture": "#body", "uv": [ 0, 0, 16, 2 ] },
                "east": { "texture": "#body", "uv": [ 0, 0, 8, 2 ] },
                "south": { "texture": "#body", "uv": [ 0, 0, 16, 2 ] },
                "west": { "texture": "#body", "uv": [ 0, 0, 8, 2 ] },
                "up": { "texture": "#body", "uv": [ 0, 0, 16, 8 ] },
                "down": { "texture": "#body", "uv": [ 0, 0, 16, 8 ] }
            }
        },
        {
            "from": [ -5, 0, 13 ], 
            "to": [ 11, 2, 16 ], 
            "faces": {
                "north": { "texture": "#body", "uv": [ 0, 0, 16, 2 ] },
                "south": { "texture": "#body", "uv": [ 0, 0, 16, 2 ] },
                "west": { "texture": "#body", "uv": [ 0, 0, 3, 2 ] },
                "up": { "texture": "#body", "uv": [ 0, 0, 16, 3 ] },
                "down": { "texture": "#body", "uv": [ 0, 0, 16, 3 ] }
            }
        },
        {
            "from": [ 11, 0, 13 ], 
            "to": [ 21, 2, 16 ], 
            "faces": {
                "east": { "texture": "#body", "uv": [ 0, 0, 3, 2 ] },
                "south": { "texture": "#body", "uv": [ 0, 0, 10, 2 ] },
                "up": { "texture": "#body", "uv": [ 0, 0, 10, 3 ] },
                "down": { "texture": "#body", "uv": [ 0, 0, 10, 3 ] }
            }
        },
        {
            "from": [ -8, 1, 14.8 ], 
            "to": [ -5, 3, 21.7 ], 
            "rotation": { "origin": [ -8.0, 1.0, 14.8 ], "axis": "x", "angle": -22.5 },
            "faces": {
                "north": { "texture": "#body", "uv": [ 0, 0, 3, 2 ] },
                "east": { "texture": "#body", "uv": [ 0, 0, 6.9, 2 ] },
                "south": { "texture": "#body", "uv": [ 0, 0, 3, 2 ] },
                "west": { "texture": "#body", "uv": [ 0, 0, 6.9, 2 ] },
                "up": { "texture": "#body", "uv": [ 0, 0, 3, 6.9 ] },
                "down": { "texture": "#body", "uv": [ 0, 0, 3, 6.9 ] }
            }
        },
        {
            "from": [ -8, 3.7, 21.1 ], 
            "to": [ -5, 5.7, 30.1 ], 
            "rotation": { "origin": [ -7.0, 3.70, 21.2 ], "axis": "x", "angle": -45.0 },
            "faces": {
                "north": { "texture": "#body", "uv": [ 0, 0, 3, 2 ] },
                "east": { "texture": "#body", "uv": [ 0, 0, 9, 2 ] },
                "south": { "texture": "#body", "uv": [ 0, 0, 3, 2 ] },
                "west": { "texture": "#body", "uv": [ 0, 0, 9, 2 ] },
                "up": { "texture": "#body", "uv": [ 0, 0, 3, 9 ] },
                "down": { "texture": "#body", "uv": [ 0, 0, 3, 9 ] }
            }
        },
        {
            "from": [ -8, 1, -1.2 ], 
            "to": [ -5, 3, 14.8 ], 
            "faces": {
                "east": { "texture": "#body", "uv": [ 0, 0, 16, 2 ] },
                "south": { "texture": "#body", "uv": [ 0, 0, 3, 2 ] },
                "west": { "texture": "#body", "uv": [ 0, 0, 16, 2 ] },
                "up": { "texture": "#body", "uv": [ 0, 0, 3, 16 ] },
                "down": { "texture": "#body", "uv": [ 0, 0, 3, 16 ] }
            }
        },
        {
            "from": [ -8, 1, -12.2 ], 
            "to": [ -5, 3, -1.2 ], 
            "faces": {
                "north": { "texture": "#body", "uv": [ 0, 0, 3, 2 ] },
                "east": { "texture": "#body", "uv": [ 0, 0, 11, 2 ] },
                "west": { "texture": "#body", "uv": [ 0, 0, 11, 2 ] },
                "up": { "texture": "#body", "uv": [ 0, 0, 3, 11 ] },
                "down": { "texture": "#body", "uv": [ 0, 0, 3, 11 ] }
            }
        },
        {
            "from": [ 21, 1, 14.8 ], 
            "to": [ 24, 3, 21.7 ], 
            "rotation": { "origin": [ -8.0, 1.0, 14.8 ], "axis": "x", "angle": -22.5 },
            "faces": {
                "north": { "texture": "#body", "uv": [ 0, 0, 3, 2 ] },
                "east": { "texture": "#body", "uv": [ 0, 0, 6.9, 2 ] },
                "south": { "texture": "#body", "uv": [ 0, 0, 3, 2 ] },
                "west": { "texture": "#body", "uv": [ 0, 0, 6.9, 2 ] },
                "up": { "texture": "#body", "uv": [ 0, 0, 3, 6.9 ] },
                "down": { "texture": "#body", "uv": [ 0, 0, 3, 6.9 ] }
            }
        },
        {
            "from": [ 21, 3.7, 21.1 ], 
            "to": [ 24, 5.7, 30.1 ], 
            "rotation": { "origin": [ -7.0, 3.7, 21.2 ], "axis": "x", "angle": -45.0 },
            "faces": {
                "north": { "texture": "#body", "uv": [ 0, 0, 3, 2 ] },
                "east": { "texture": "#body", "uv": [ 0, 0, 9, 2 ] },
                "south": { "texture": "#body", "uv": [ 0, 0, 3, 2 ] },
                "west": { "texture": "#body", "uv": [ 0, 0, 9, 2 ] },
                "up": { "texture": "#body", "uv": [ 0, 0, 3, 9 ] },
                "down": { "texture": "#body", "uv": [ 0, 0, 3, 9 ] }
            }
        },
        {
            "from": [ -6, 1, -14.2 ], 
            "to": [ 10, 3, -12.2 ], 
            "faces": {
                "north": { "texture": "#body", "uv": [ 0, 0, 16, 2 ] },
                "south": { "texture": "#body", "uv": [ 0, 0, 16, 2 ] },
                "west": { "texture": "#body", "uv": [ 0, 0, 2, 2 ] },
                "up": { "texture": "#body", "uv": [ 0, 0, 16, 2 ] },
                "down": { "texture": "#body", "uv": [ 0, 0, 16, 2 ] }
            }
        },
        {
            "from": [ 10, 1, -14.2 ], 
            "to": [ 22, 3, -12.2 ], 
            "faces": {
                "north": { "texture": "#body", "uv": [ 0, 0, 12, 2 ] },
                "east": { "texture": "#body", "uv": [ 0, 0, 2, 2 ] },
                "south": { "texture": "#body", "uv": [ 0, 0, 12, 2 ] },
                "up": { "texture": "#body", "uv": [ 0, 0, 12, 2 ] },
                "down": { "texture": "#body", "uv": [ 0, 0, 12, 2 ] }
            }
        },
        {
            "from": [ 21, 1, -1.2 ], 
            "to": [ 24, 3, 14.8 ], 
            "faces": {
                "east": { "texture": "#body", "uv": [ 0, 0, 16, 2 ] },
                "south": { "texture": "#body", "uv": [ 0, 0, 3, 2 ] },
                "west": { "texture": "#body", "uv": [ 0, 0, 16, 2 ] },
                "up": { "texture": "#body", "uv": [ 0, 0, 3, 16 ] },
                "down": { "texture": "#body", "uv": [ 0, 0, 3, 16 ] }
            }
        },
        {
            "from": [ 21, 1, -12.2 ], 
            "to": [ 24, 3, -1.2 ], 
            "faces": {
                "north": { "texture": "#body", "uv": [ 0, 0, 3, 2 ] },
                "east": { "texture": "#body", "uv": [ 0, 0, 11, 2 ] },
                "west": { "texture": "#body", "uv": [ 0, 0, 11, 2 ] },
                "up": { "texture": "#body", "uv": [ 0, 0, 3, 11 ] },
                "down": { "texture": "#body", "uv": [ 0, 0, 3, 11 ] }
            }
        },
        {
            "from": [ 8, 0, -14.2 ], 
            "to": [ 21, 2, -11.2 ], 
            "rotation": { "origin": [ 9.0, 0.0, -11.2 ], "axis": "x", "angle": 22.5 },
            "faces": {
                "north": { "texture": "#body", "uv": [ 0, 0, 13, 2 ] },
                "east": { "texture": "#body", "uv": [ 0, 0, 3, 2 ] },
                "south": { "texture": "#body", "uv": [ 0, 0, 13, 2 ] },
                "west": { "texture": "#body", "uv": [ 0, 0, 3, 2 ] },
                "up": { "texture": "#body", "uv": [ 0, 0, 13, 3 ] },
                "down": { "texture": "#body", "uv": [ 0, 0, 13, 3 ] }
            }
        },
        {
            "from": [ -5, 0, -14.2 ], 
            "to": [ 8, 2, -11.2 ], 
            "rotation": { "origin": [ 9.0, 0.0, -11.2 ], "axis": "x", "angle": 22.5 },
            "faces": {
                "north": { "texture": "#body", "uv": [ 0, 0, 13, 2 ] },
                "east": { "texture": "#body", "uv": [ 0, 0, 3, 2 ] },
                "south": { "texture": "#body", "uv": [ 0, 0, 13, 2 ] },
                "west": { "texture": "#body", "uv": [ 0, 0, 3, 2 ] },
                "up": { "texture": "#body", "uv": [ 0, 0, 13, 3 ] },
                "down": { "texture": "#body", "uv": [ 0, 0, 13, 3 ] }
            }
        },
        {
            "from": [ -8, 3, -12.2 ], 
            "to": [ -7, 12, 2.8 ], 
            "faces": {
                "north": { "texture": "#body", "uv": [ 0, 0, 1, 9 ] },
                "east": { "texture": "#body", "uv": [ 0, 0, 15, 9 ] },
                "west": { "texture": "#body", "uv": [ 0, 0, 15, 9 ] },
                "up": { "texture": "#body", "uv": [ 0, 0, 1, 15 ] },
                "down": { "texture": "#body", "uv": [ 0, 0, 1, 15 ] }
            }
        },
        {
            "from": [ -8, 3, 1.8 ], 
            "to": [ -7, 12, 17.8 ], 
            "faces": {
                "east": { "texture": "#body", "uv": [ 0, 0, 16, 9 ] },
                "west": { "texture": "#body", "uv": [ 1, 1, 15, 9 ] },
                "up": { "texture": "#body", "uv": [ 0, 0, 1, 16 ] },
                "down": { "texture": "#body", "uv": [ 0, 0, 1, 16 ] }
            }
        },
        {
            "from": [ 23, 3, 1.8 ], 
            "to": [ 24, 12, 17.8 ], 
            "faces": {
                "east": { "texture": "#body", "uv": [ 0, 0, 16, 9 ] },
                "west": { "texture": "#body", "uv": [ 0, 0, 16, 9 ] },
                "up": { "texture": "#body", "uv": [ 0, 0, 1, 16 ] },
                "down": { "texture": "#body", "uv": [ 0, 0, 1, 16 ] }
            }
        },
        {
            "from": [ 23, 3, -12.2 ], 
            "to": [ 24, 12, 1.8 ], 
            "faces": {
                "north": { "texture": "#body", "uv": [ 0, 0, 1, 9 ] },
                "east": { "texture": "#body", "uv": [ 0, 0, 14, 9 ] },
                "west": { "texture": "#body", "uv": [ 0, 0, 14, 9 ] },
                "up": { "texture": "#body", "uv": [ 0, 0, 1, 14 ] },
                "down": { "texture": "#body", "uv": [ 0, 0, 1, 14 ] }
            }
        },
        {
            "from": [ -6, 3, -14.2 ], 
            "to": [ 9, 12, -13.2 ], 
            "faces": {
                "north": { "texture": "#body", "uv": [ 0, 0, 15, 9 ] },
                "south": { "texture": "#body", "uv": [ 0, 0, 15, 9 ] },
                "west": { "texture": "#body", "uv": [ 0, 0, 1, 9 ] }
            }
        },
        {
            "from": [ 9, 3, -14.2 ], 
            "to": [ 22, 12, -13.2 ], 
            "faces": {
                "north": { "texture": "#body", "uv": [ 0, 0, 13, 9 ] },
                "east": { "texture": "#body", "uv": [ 0, 0, 1, 9 ] },
                "south": { "texture": "#body", "uv": [ 0, 0, 13, 9 ] },
                "up": { "texture": "#body", "uv": [ 0, 0, 13, 1 ] },
                "down": { "texture": "#body", "uv": [ 0, 0, 13, 1 ] }
            }
        },
        {
            "from": [ -8, 3, 17.8 ], 
            "to": [ -7, 12, 18.8 ], 
            "faces": {
                "east": { "texture": "#body", "uv": [ 0, 0, 1, 9 ] },
                "south": { "texture": "#body", "uv": [ 0, 0, 1, 9 ] },
                "west": { "texture": "#body", "uv": [ 0, 0, 1, 9 ] },
                "down": { "texture": "#body", "uv": [ 0, 0, 1, 1 ] }
            }
        },
        {
            "from": [ -8, 4, 18.8 ], 
            "to": [ -7, 12, 20.8 ], 
            "faces": {
                "east": { "texture": "#body", "uv": [ 0, 0, 2, 8 ] },
                "south": { "texture": "#body", "uv": [ 0, 0, 1, 8 ] },
                "west": { "texture": "#body", "uv": [ 0, 0, 2, 8 ] },
                "down": { "texture": "#body", "uv": [ 0, 0, 1, 2 ] }
            }
        },
        {
            "from": [ -8, 6, 20.8 ], 
            "to": [ -7, 12, 23.5 ], 
            "faces": {
                "east": { "texture": "#body", "uv": [ 0, 0, 2.7, 6 ] },
                "south": { "texture": "#body", "uv": [ 0, 0, 1, 6 ] },
                "west": { "texture": "#body", "uv": [ 0, 0, 2.7, 6 ] },
                "up": { "texture": "#body", "uv": [ 0, 0, 1, 2.7 ] },
                "down": { "texture": "#body", "uv": [ 0, 0, 1, 2.7 ] }
            }
        },
        {
            "from": [ -8, 8.8, 23.5 ], 
            "to": [ -7, 12, 26.2 ], 
            "faces": {
                "east": { "texture": "#body", "uv": [ 0, 0, 2.7, 3.2 ] },
                "south": { "texture": "#body", "uv": [ 0, 0, 1, 3.2 ] },
                "west": { "texture": "#body", "uv": [ 0, 0, 2.7, 3.2 ] },
                "down": { "texture": "#body", "uv": [ 0, 0, 1, 2.7 ] }
            }
        },
        {
            "from": [ 23, 3, 17.8 ], 
            "to": [ 24, 12, 18.8 ], 
            "faces": {
                "east": { "texture": "#body", "uv": [ 0, 0, 1, 9 ] },
                "south": { "texture": "#body", "uv": [ 0, 0, 1, 9 ] },
                "west": { "texture": "#body", "uv": [ 0, 0, 1, 9 ] },
                "down": { "texture": "#body", "uv": [ 0, 0, 1, 1 ] }
            }
        },
        {
            "from": [ 23, 4, 18.8 ], 
            "to": [ 24, 12, 20.8 ], 
            "faces": {
                "east": { "texture": "#body", "uv": [ 0, 0, 2, 8 ] },
                "south": { "texture": "#body", "uv": [ 0, 0, 1, 8 ] },
                "west": { "texture": "#body", "uv": [ 0, 0, 2, 8 ] },
                "down": { "texture": "#body", "uv": [ 0, 0, 1, 2 ] }
            }
        },
        {
            "from": [ 23, 6, 20.8 ], 
            "to": [ 24, 12, 23.5 ], 
            "faces": {
                "east": { "texture": "#body", "uv": [ 0, 0, 2.7, 6 ] },
                "south": { "texture": "#body", "uv": [ 0, 0, 1, 6 ] },
                "west": { "texture": "#body", "uv": [ 0, 0, 2.7, 6 ] },
                "up": { "texture": "#body", "uv": [ 0, 0, 1, 2.7 ] },
                "down": { "texture": "#body", "uv": [ 0, 0, 1, 2.7 ] }
            }
        },
        {
            "from": [ 23, 8.8, 23.5 ], 
            "to": [ 24, 12, 26.2 ], 
            "faces": {
                "east": { "texture": "#body", "uv": [ 0, 0, 2.7, 3.2 ] },
                "south": { "texture": "#body", "uv": [ 0, 0, 1, 3.2 ] },
                "west": { "texture": "#body", "uv": [ 0, 0, 2.7, 3.2 ] },
                "up": { "texture": "#body", "uv": [ 0, 0, 1, 2.7 ] },
                "down": { "texture": "#body", "uv": [ 0, 0, 1, 2.7 ] }
            }
        },
        {
            "from": [ -5, 8.7, 27.5 ], 
            "to": [ 11, 12, 29 ], 
            "faces": {
                "north": { "texture": "#body", "uv": [ 0, 0, 16, 3.3 ] },
                "south": { "texture": "#body", "uv": [ 0, 0, 16, 3.3 ] },
                "west": { "texture": "#body", "uv": [ 0, 0, 1.5, 3.3 ] },
                "up": { "texture": "#body", "uv": [ 0, 0, 16, 1.5 ] },
                "down": { "texture": "#body", "uv": [ 0, 0, 16, 1.5 ] }
            }
        },
        {
            "from": [ 11, 8.7, 27.5 ], 
            "to": [ 21, 12, 29 ], 
            "faces": {
                "north": { "texture": "#body", "uv": [ 0, 0, 10, 3.3 ] },
                "east": { "texture": "#body", "uv": [ 0, 0, 1.5, 3.3 ] },
                "south": { "texture": "#body", "uv": [ 0, 0, 10, 3.3 ] },
                "up": { "texture": "#body", "uv": [ 0, 0, 10, 1.5 ] },
                "down": { "texture": "#body", "uv": [ 0, 0, 10, 1.5 ] }
            }
        },
        {
            "from": [ -8, 10, 26 ], 
            "to": [ -5, 12, 27.8 ], 
            "faces": {
                "north": { "texture": "#body", "uv": [ 0, 0, 3, 2 ] },
                "east": { "texture": "#body", "uv": [ 0, 0, 1.8, 2 ] },
                "south": { "texture": "#body", "uv": [ 0, 0, 3, 2 ] },
                "west": { "texture": "#body", "uv": [ 0, 0, 1.8, 2 ] },
                "down": { "texture": "#body", "uv": [ 0, 0, 3, 1.8 ] }
            }
        },
        {
            "from": [ 21, 10, 26 ], 
            "to": [ 24, 12, 27.8 ], 
            "faces": {
                "north": { "texture": "#body", "uv": [ 0, 0, 3, 2 ] },
                "east": { "texture": "#body", "uv": [ 0, 0, 1.8, 2 ] },
                "south": { "texture": "#body", "uv": [ 0, 0, 3, 2 ] },
                "west": { "texture": "#body", "uv": [ 0, 0, 1.8, 2 ] },
                "up": { "texture": "#body", "uv": [ 0, 0, 3, 1.8 ] },
                "down": { "texture": "#body", "uv": [ 0, 0, 3, 1.8 ] }
            }
        },
        {
            "from": [ -7, 4, -11 ], 
            "to": [ 9, 8, -5 ], 
            "faces": {
                "north": { "texture": "#seat", "uv": [ 0, 0, 16, 4 ] },
                "south": { "texture": "#seat", "uv": [ 0, 0, 16, 4 ] },
                "up": { "texture": "#seat", "uv": [ 0, 0, 16, 6 ] },
                "down": { "texture": "#seat", "uv": [ 0, 0, 16, 6 ] }
            }
        },
        {
            "from": [ 9, 4, -11 ], 
            "to": [ 23, 8, -5 ], 
            "faces": {
                "north": { "texture": "#seat", "uv": [ 0, 0, 14, 4 ] },
                "south": { "texture": "#seat", "uv": [ 0, 0, 14, 4 ] },
                "up": { "texture": "#seat", "uv": [ 0, 0, 14, 6 ] },
                "down": { "texture": "#seat", "uv": [ 0, 0, 14, 6 ] }
            }
        },
        {
            "from": [ -7, 4, 6 ], 
            "to": [ 9, 8, 12 ], 
            "faces": {
                "north": { "texture": "#seat", "uv": [ 0, 0, 16, 4 ] },
                "south": { "texture": "#seat", "uv": [ 0, 0, 16, 4 ] },
                "up": { "texture": "#seat", "uv": [ 0, 0, 16, 6 ] },
                "down": { "texture": "#seat", "uv": [ 0, 0, 16, 6 ] }
            }
        },
        {
            "from": [ 9, 4, 6 ], 
            "to": [ 23, 8, 12 ], 
            "faces": {
                "north": { "texture": "#seat", "uv": [ 0, 0, 14, 4 ] },
                "south": { "texture": "#seat", "uv": [ 0, 0, 14, 4 ] },
                "up": { "texture": "#seat", "uv": [ 0, 0, 14, 6 ] },
                "down": { "texture": "#seat", "uv": [ 0, 0, 14, 6 ] }
            }
        },
        {
            "from": [ -8.3, 11.2, -12.7 ], 
            "to": [ -6.7, 12.8, 1.3 ], 
            "faces": {
                "north": { "texture": "#body", "uv": [ 0, 0, 1.6, 1.6 ], "tintindex": 0 },
                "east": { "texture": "#body", "uv": [ 0, 0, 16, 1.6 ], "tintindex": 0 },
                "west": { "texture": "#body", "uv": [ 0, 0, 16, 1.6 ], "tintindex": 0 },
                "up": { "texture": "#body", "uv": [ 0, 0, 1.6, 16 ], "tintindex": 0 },
                "down": { "texture": "#body", "uv": [ 0, 0, 1.6, 16 ], "tintindex": 0 }
            }
        },
        {
            "from": [ -8.3, 11.2, 1.3 ], 
            "to": [ -6.7, 12.8, 17.3 ], 
            "faces": {
                "east": { "texture": "#body", "uv": [ 0, 0, 16, 1.6 ], "tintindex": 0 },
                "west": { "texture": "#body", "uv": [ 0, 0, 16, 1.6 ], "tintindex": 0 },
                "up": { "texture": "#body", "uv": [ 0, 0, 1.6, 16 ], "tintindex": 0 },
                "down": { "texture": "#body", "uv": [ 0, 0, 1.6, 16 ], "tintindex": 0 }
            }
        },
        {
            "from": [ 22.7, 11.2, -12.7 ], 
            "to": [ 24.3, 12.8, 1.3 ], 
            "faces": {
                "north": { "texture": "#body", "uv": [ 0, 0, 1.6, 1.6 ], "tintindex": 0 },
                "east": { "texture": "#body", "uv": [ 0, 0, 16, 1.6 ], "tintindex": 0 },
                "west": { "texture": "#body", "uv": [ 0, 0, 16, 1.6 ], "tintindex": 0 },
                "up": { "texture": "#body", "uv": [ 0, 0, 1.6, 16 ], "tintindex": 0 },
                "down": { "texture": "#body", "uv": [ 0, 0, 1.6, 16 ], "tintindex": 0 }
            }
        },
        {
            "from": [ 22.7, 11.2, 1.3 ], 
            "to": [ 24.3, 12.8, 17.3 ], 
            "faces": {
                "east": { "texture": "#body", "uv": [ 0, 0, 16, 1.6 ], "tintindex": 0 },
                "west": { "texture": "#body", "uv": [ 0, 0, 16, 1.6 ], "tintindex": 0 },
                "up": { "texture": "#body", "uv": [ 0, 0, 1.6, 16 ], "tintindex": 0 },
                "down": { "texture": "#body", "uv": [ 0, 0, 1.6, 16 ], "tintindex": 0 }
            }
        },
        {
            "from": [ -8.3, 11.2, 17.3 ], 
            "to": [ -6.7, 12.8, 21.3 ], 
            "faces": {
                "east": { "texture": "#body", "uv": [ 0, 0, 4, 1.6 ], "tintindex": 0 },
                "west": { "texture": "#body", "uv": [ 0, 0, 4, 1.6 ], "tintindex": 0 },
                "up": { "texture": "#body", "uv": [ 0, 0, 1.6, 4 ], "tintindex": 0 },
                "down": { "texture": "#body", "uv": [ 0, 0, 1.6, 4 ], "tintindex": 0 }
            }
        },
        {
            "from": [ 22.7, 11.2, 17.3 ], 
            "to": [ 24.3, 12.8, 21.3 ], 
            "faces": {
                "east": { "texture": "#body", "uv": [ 0, 0, 4, 1.6 ], "tintindex": 0 },
                "south": { "texture": "#body", "uv": [ 0, 0, 1.6, 1.6 ], "tintindex": 0 },
                "west": { "texture": "#body", "uv": [ 0, 0, 4, 1.6 ], "tintindex": 0 },
                "up": { "texture": "#body", "uv": [ 0, 0, 1.6, 4 ], "tintindex": 0 },
                "down": { "texture": "#body", "uv": [ 0, 0, 1.6, 4 ], "tintindex": 0 }
            }
        },
        {
            "from": [ -8.3, 11.2, 21.3 ], 
            "to": [ 7.7, 12.8, 28.1 ], 
            "faces": {
                "north": { "texture": "#body", "uv": [ 0, 0, 16, 1.6 ], "tintindex": 0 },
                "east": { "texture": "#body", "uv": [ 0, 0, 6.8, 1.6 ], "tintindex": 0 },
                "south": { "texture": "#body", "uv": [ 0, 0, 16, 1.6 ], "tintindex": 0 },
                "west": { "texture": "#body", "uv": [ 0, 0, 6.8, 1.6 ], "tintindex": 0 },
                "up": { "texture": "#body", "uv": [ 0, 0, 16, 6.8 ], "tintindex": 0 },
                "down": { "texture": "#body", "uv": [ 0, 0, 16, 6.8 ], "tintindex": 0 }
            }
        },
        {
            "from": [ 7.7, 11.2, 21.3 ], 
            "to": [ 23.7, 12.8, 28.1 ], 
            "faces": {
                "north": { "texture": "#body", "uv": [ 0, 0, 16, 1.6 ], "tintindex": 0 },
                "south": { "texture": "#body", "uv": [ 0, 0, 16, 1.6 ], "tintindex": 0 },
                "west": { "texture": "#body", "uv": [ 0, 0, 6.8, 1.6 ], "tintindex": 0 },
                "up": { "texture": "#body", "uv": [ 0, 0, 16, 6.8 ], "tintindex": 0 },
                "down": { "texture": "#body", "uv": [ 0, 0, 16, 6.8 ], "tintindex": 0 }
            }
        },
        {
            "from": [ 23.7, 11.2, 21.3 ], 
            "to": [ 24.3, 12.8, 28.1 ], 
            "faces": {
                "east": { "texture": "#body", "uv": [ 0, 0, 6.8, 1.6 ], "tintindex": 0 },
                "south": { "texture": "#body", "uv": [ 0, 0, 0.6, 1.6 ], "tintindex": 0 },
                "up": { "texture": "#body", "uv": [ 0, 0, 0.6, 6.8 ], "tintindex": 0 },
                "down": { "texture": "#body", "uv": [ 0, 0, 0.6, 6.8 ], "tintindex": 0 }
            }
        },
        {
            "from": [ -5.3, 11.2, 28.1 ], 
            "to": [ 10.7, 12.8, 29.3 ], 
            "faces": {
                "north": { "texture": "#body", "uv": [ 0, 0, 16, 1.6 ], "tintindex": 0 },
                "south": { "texture": "#body", "uv": [ 0, 0, 16, 1.6 ], "tintindex": 0 },
                "west": { "texture": "#body", "uv": [ 0, 0, 1.2, 1.6 ], "tintindex": 0 },
                "up": { "texture": "#body", "uv": [ 0, 0, 16, 1.2 ], "tintindex": 0 },
                "down": { "texture": "#body", "uv": [ 0, 0, 16, 1.2 ], "tintindex": 0 }
            }
        },
        {
            "from": [ 10.7, 11.2, 28.1 ], 
            "to": [ 21.3, 12.8, 29.3 ], 
            "faces": {
                "east": { "texture": "#body", "uv": [ 0, 0, 1.2, 1.6 ], "tintindex": 0 },
                "south": { "texture": "#body", "uv": [ 0, 0, 10.6, 1.6 ], "tintindex": 0 },
                "up": { "texture": "#body", "uv": [ 0, 0, 10.6, 1.2 ], "tintindex": 0 },
                "down": { "texture": "#body", "uv": [ 0, 0, 10.6, 1.2 ], "tintindex": 0 }
            }
        },
        {
            "from": [ -8.5, 11.2, 27.8 ], 
            "to": [ -5.3, 12.8, 29.3 ], 
            "rotation": { "origin": [ -5.3, 12.8, 29.3 ], "axis": "y", "angle": -22.5 },
            "faces": {
                "north": { "texture": "#body", "uv": [ 0, 0, 3.2, 1.6 ], "tintindex": 0 },
                "east": { "texture": "#body", "uv": [ 0, 0, 1.5, 1.6 ], "tintindex": 0 },
                "south": { "texture": "#body", "uv": [ 0, 0, 3.2, 1.6 ], "tintindex": 0 },
                "west": { "texture": "#body", "uv": [ 0, 0, 1.5, 1.6 ], "tintindex": 0 },
                "up": { "texture": "#body", "uv": [ 0, 0, 3.2, 1.5 ], "tintindex": 0 },
                "down": { "texture": "#body", "uv": [ 0, 0, 3.2, 1.5 ], "tintindex": 0 }
            }
        },
        {
            "from": [ 21.3, 11.2, 27.8 ], 
            "to": [ 24.5, 12.8, 29.3 ], 
            "rotation": { "origin": [ 21.3, 12.8, 29.3 ], "axis": "y", "angle": 22.5 },
            "faces": {
                "north": { "texture": "#body", "uv": [ 0, 0, 3.2, 1.6 ], "tintindex": 0 },
                "east": { "texture": "#body", "uv": [ 0, 0, 1.5, 1.6 ], "tintindex": 0 },
                "south": { "texture": "#body", "uv": [ 0, 0, 3.2, 1.6 ], "tintindex": 0 },
                "west": { "texture": "#body", "uv": [ 0, 0, 1.5, 1.6 ], "tintindex": 0 },
                "up": { "texture": "#body", "uv": [ 0, 0, 3.2, 1.5 ], "tintindex": 0 },
                "down": { "texture": "#body", "uv": [ 0, 0, 3.2, 1.5 ], "tintindex": 0 }
            }
        },
        {
            "from": [ -6.3, 11.2, -14.7 ], 
            "to": [ 9.7, 12.8, -13.1 ], 
            "faces": {
                "north": { "texture": "#body", "uv": [ 0, 0, 16, 1.6 ], "tintindex": 0 },
                "south": { "texture": "#body", "uv": [ 0, 0, 16, 1.6 ], "tintindex": 0 },
                "west": { "texture": "#body", "uv": [ 0, 0, 1.6, 1.6 ], "tintindex": 0 },
                "up": { "texture": "#body", "uv": [ 0, 0, 16, 1.6 ], "tintindex": 0 },
                "down": { "texture": "#body", "uv": [ 0, 0, 16, 1.6 ], "tintindex": 0 }
            }
        },
        {
            "from": [ 9.7, 11.2, -14.7 ], 
            "to": [ 22.3, 12.8, -13.1 ], 
            "faces": {
                "north": { "texture": "#body", "uv": [ 0, 0, 13.4, 1.6 ], "tintindex": 0 },
                "east": { "texture": "#body", "uv": [ 0, 0, 1.6, 1.6 ], "tintindex": 0 },
                "south": { "texture": "#body", "uv": [ 0, 0, 13.4, 1.6 ], "tintindex": 0 },
                "up": { "texture": "#body", "uv": [ 0, 0, 13.4, 1.6 ], "tintindex": 0 },
                "down": { "texture": "#body", "uv": [ 0, 0, 13.4, 1.6 ], "tintindex": 0 }
            }
        },
        {
            "from": [ -6, 1, -14.2 ], 
            "to": [ -4.6, 11.2, -11.4 ], 
            "rotation": { "origin": [ -6.0, 1.0, -14.2 ], "axis": "y", "angle": -45.0 },
            "faces": {
                "north": { "texture": "#body", "uv": [ 0, 0, 1.4, 10.2 ] },
                "east": { "texture": "#body", "uv": [ 0, 0, 2.8, 10.2 ] },
                "south": { "texture": "#body", "uv": [ 0, 0, 1.4, 10.2 ] },
                "west": { "texture": "#body", "uv": [ 0, 0, 2.8, 10.2 ] },
                "up": { "texture": "#body", "uv": [ 0, 0, 1.4, 2.8 ] },
                "down": { "texture": "#body", "uv": [ 0, 0, 1.4, 2.8 ] }
            }
        },
        {
            "from": [ 20.6, 1, -14.2 ], 
            "to": [ 22, 11.2, -11.4 ], 
            "rotation": { "origin": [ 22.0, 1.0, -14.2 ], "axis": "y", "angle": 45.0 },
            "faces": {
                "north": { "texture": "#body", "uv": [ 0, 0, 1.4, 10.2 ] },
                "east": { "texture": "#body", "uv": [ 0, 0, 2.8, 10.2 ] },
                "south": { "texture": "#body", "uv": [ 0, 0, 1.4, 10.2 ] },
                "west": { "texture": "#body", "uv": [ 0, 0, 2.8, 10.2 ] },
                "up": { "texture": "#body", "uv": [ 0, 0, 1.4, 2.8 ] },
                "down": { "texture": "#body", "uv": [ 0, 0, 1.4, 2.8 ] }
            }
        },
        {
            "from": [ -9.1, 11.2, -14.7 ], 
            "to": [ -6.3, 12.8, -12.5 ], 
            "rotation": { "origin": [ -6.3, 12.8, -14.7 ], "axis": "y", "angle": 45.0 },
            "faces": {
                "north": { "texture": "#body", "uv": [ 0, 0, 2.8, 1.6 ], "tintindex": 0 },
                "east": { "texture": "#body", "uv": [ 0, 0, 2.2, 1.6 ], "tintindex": 0 },
                "south": { "texture": "#body", "uv": [ 0, 0, 2.8, 1.6 ], "tintindex": 0 },
                "west": { "texture": "#body", "uv": [ 0, 0, 2.2, 1.6 ], "tintindex": 0 },
                "up": { "texture": "#body", "uv": [ 0, 0, 2.8, 2.2 ], "tintindex": 0 },
                "down": { "texture": "#body", "uv": [ 0, 0, 2.8, 2.2 ], "tintindex": 0 }
            }
        },
        {
            "from": [ 22.3, 11.2, -14.7 ], 
            "to": [ 25.1, 12.8, -12.5 ], 
            "rotation": { "origin": [ 22.3, 12.8, -14.7 ], "axis": "y", "angle": -45.0 },
            "faces": {
                "north": { "texture": "#body", "uv": [ 0, 0, 2.8, 1.6 ], "tintindex": 0 },
                "east": { "texture": "#body", "uv": [ 0, 0, 2.2, 1.6 ], "tintindex": 0 },
                "south": { "texture": "#body", "uv": [ 0, 0, 2.8, 1.6 ], "tintindex": 0 },
                "west": { "texture": "#body", "uv": [ 0, 0, 2.2, 1.6 ], "tintindex": 0 },
                "up": { "texture": "#body", "uv": [ 0, 0, 2.8, 2.2 ], "tintindex": 0 },
                "down": { "texture": "#body", "uv": [ 0, 0, 2.8, 2.2 ], "tintindex": 0 }
            }
        },
        {
            "from": [ -6.7, 11.1, 19 ], 
            "to": [ -3.4, 12.8, 20.6 ], 
            "rotation": { "origin": [ -6.7, 12.0, 19.0 ], "axis": "y", "angle": -45.0 },
            "faces": {
                "north": { "texture": "#body", "uv": [ 0, 0, 3.3, 1.7 ], "tintindex": 0 },
                "east": { "texture": "#body", "uv": [ 0, 0, 1.6, 1.7 ], "tintindex": 0 },
                "south": { "texture": "#body", "uv": [ 0, 0, 3.3, 1.7 ], "tintindex": 0 },
                "west": { "texture": "#body", "uv": [ 0, 0, 1.6, 1.7 ], "tintindex": 0 },
                "up": { "texture": "#body", "uv": [ 0, 0, 3.3, 1.6 ], "tintindex": 0 },
                "down": { "texture": "#body", "uv": [ 0, 0, 3.3, 1.6 ], "tintindex": 0 }
            }
        },
        {
            "from": [ 19.4, 11.1, 19 ], 
            "to": [ 22.7, 12.8, 20.6 ], 
            "rotation": { "origin": [ 22.7, 12.0, 19.0 ], "axis": "y", "angle": 45.0 },
            "faces": {
                "north": { "texture": "#body", "uv": [ 0, 0, 3.3, 1.7 ], "tintindex": 0 },
                "east": { "texture": "#body", "uv": [ 0, 0, 1.6, 1.7 ], "tintindex": 0 },
                "south": { "texture": "#body", "uv": [ 0, 0, 3.3, 1.7 ], "tintindex": 0 },
                "west": { "texture": "#body", "uv": [ 0, 0, 1.6, 1.7 ], "tintindex": 0 },
                "up": { "texture": "#body", "uv": [ 0, 0, 3.3, 1.6 ], "tintindex": 0 },
                "down": { "texture": "#body", "uv": [ 0, 0, 3.3, 1.6 ], "tintindex": 0 }
            }
        },
        {
            "from": [ -8.1, 8, -9 ], 
            "to": [ -7.1, 10, -2 ], 
            "faces": {
                "west": { "texture": "#logo", "uv": [ 0, 0, 14, 4 ] }
            }
        },
        {
            "from": [ -8.1, 8, -1 ], 
            "to": [ -7.1, 10, 6 ], 
            "faces": {
                "west": { "texture": "#logo", "uv": [ 0, 4, 14, 8 ] }
            }
        },
        {
            "from": [ 23.1, 8, -9.5 ], 
            "to": [ 24.1, 10, -2.5 ], 
            "faces": {
                "east": { "texture": "#logo", "uv": [ 0, 4, 14, 8 ] }
            }
        },
        {
            "from": [ 23.1, 8, -1.5 ], 
            "to": [ 24.1, 10, 5.5 ], 
            "faces": {
                "east": { "texture": "#logo", "uv": [ 0, 0, 14, 4 ] }
            }
        },
        {
            "from": [ 21, 10, 27.5 ], 
            "to": [ 24.2, 11.2, 29 ], 
            "rotation": { "origin": [ 21.0, 10.0, 29.0 ], "axis": "y", "angle": 22.5 },
            "faces": {
                "north": { "texture": "#body", "uv": [ 0, 0, 10, 3.3 ] },
                "east": { "texture": "#body", "uv": [ 0, 0, 1.5, 3.3 ] },
                "south": { "texture": "#body", "uv": [ 0, 0, 10, 3.3 ] },
                "west": { "texture": "#body", "uv": [ 0, 0, 1.5, 3.3 ] },
                "up": { "texture": "#body", "uv": [ 0, 0, 3.2, 1.5 ] },
                "down": { "texture": "#body", "uv": [ 0, 0, 3.2, 1.5 ] }
            }
        },
        {
            "from": [ -8.2, 10, 27.5 ], 
            "to": [ -5, 11.2, 29 ], 
            "rotation": { "origin": [ -5.0, 9.0, 29.0 ], "axis": "y", "angle": -22.5 },
            "faces": {
                "north": { "texture": "#body", "uv": [ 0, 0, 10, 3.3 ] },
                "east": { "texture": "#body", "uv": [ 0, 0, 1.5, 3.3 ] },
                "south": { "texture": "#body", "uv": [ 0, 0, 10, 3.3 ] },
                "west": { "texture": "#body", "uv": [ 0, 0, 1.5, 3.3 ] },
                "up": { "texture": "#body", "uv": [ 0, 0, 3.2, 1.5 ] },
                "down": { "texture": "#body", "uv": [ 0, 0, 3.2, 1.5 ] }
            }
        },
        {
            "from": [ -8.1, 8.5, -12 ], 
            "to": [ -7.1, 9.5, -9.5 ], 
            "faces": {
                "north": { "texture": "#body", "uv": [ 0, 0, 1, 1 ], "tintindex": 0 },
                "south": { "texture": "#body", "uv": [ 0, 0, 1, 1 ], "tintindex": 0 },
                "west": { "texture": "#body", "uv": [ 0, 0, 2.5, 1 ], "tintindex": 0 },
                "up": { "texture": "#body", "uv": [ 0, 0, 1, 2.5 ], "tintindex": 0 },
                "down": { "texture": "#body", "uv": [ 0, 0, 1, 2.5 ], "tintindex": 0 }
            }
        },
        {
            "from": [ -8.1, 8.5, 6 ], 
            "to": [ -7.1, 9.5, 22 ], 
            "faces": {
                "east": { "texture": "#body", "uv": [ 0, 0, 16, 1 ], "tintindex": 0 },
                "west": { "texture": "#body", "uv": [ 0, 0, 16, 1 ], "tintindex": 0 },
                "up": { "texture": "#body", "uv": [ 0, 0, 1, 16 ], "tintindex": 0 },
                "down": { "texture": "#body", "uv": [ 0, 0, 1, 16 ], "tintindex": 0 }
            }
        },
        {
            "from": [ -8.1, 8.5, 22 ], 
            "to": [ -7.1, 9.5, 25 ], 
            "faces": {
                "east": { "texture": "#body", "uv": [ 0, 0, 3, 1 ], "tintindex": 0 },
                "south": { "texture": "#body", "uv": [ 0, 0, 1, 1 ], "tintindex": 0 },
                "west": { "texture": "#body", "uv": [ 0, 0, 3, 1 ], "tintindex": 0 },
                "up": { "texture": "#body", "uv": [ 0, 0, 1, 3 ], "tintindex": 0 },
                "down": { "texture": "#body", "uv": [ 0, 0, 1, 3 ], "tintindex": 0 }
            }
        },
        {
            "from": [ 23.1, 8.5, -12 ], 
            "to": [ 24.1, 9.5, -9.5 ], 
            "faces": {
                "north": { "texture": "#body", "uv": [ 0, 0, 1, 1 ], "tintindex": 0 },
                "east": { "texture": "#body", "uv": [ 0, 0, 2.5, 1 ], "tintindex": 0 },
                "up": { "texture": "#body", "uv": [ 0, 0, 1, 2.5 ], "tintindex": 0 },
                "down": { "texture": "#body", "uv": [ 0, 0, 1, 2.5 ], "tintindex": 0 }
            }
        },
        {
            "from": [ 23.1, 8.5, 6 ], 
            "to": [ 24.1, 9.5, 22 ], 
            "faces": {
                "north": { "texture": "#body", "uv": [ 0, 0, 1, 1 ], "tintindex": 0 },
                "east": { "texture": "#body", "uv": [ 0, 0, 16, 1 ], "tintindex": 0 },
                "west": { "texture": "#body", "uv": [ 0, 0, 16, 1 ], "tintindex": 0 },
                "up": { "texture": "#body", "uv": [ 0, 0, 1, 16 ], "tintindex": 0 },
                "down": { "texture": "#body", "uv": [ 0, 0, 1, 16 ], "tintindex": 0 }
            }
        },
        {
            "from": [ 23.1, 8.5, 22 ], 
            "to": [ 24.1, 9.5, 25 ], 
            "faces": {
                "east": { "texture": "#body", "uv": [ 0, 0, 3, 1 ], "tintindex": 0 },
                "south": { "texture": "#body", "uv": [ 0, 0, 1, 1 ], "tintindex": 0 },
                "west": { "texture": "#body", "uv": [ 0, 0, 3, 1 ], "tintindex": 0 },
                "up": { "texture": "#body", "uv": [ 0, 0, 1, 3 ], "tintindex": 0 },
                "down": { "texture": "#body", "uv": [ 0, 0, 1, 3 ], "tintindex": 0 }
            }
        }
    ]
}