{
    "__comment": "Model generated using MrCrayfish's Model Creator (https://mrcrayfish.com/tools?id=mc)",
    "textures": {
        "seat": "minecraft:block/black_wool",
        "axel": "minecraft:block/light_gray_concrete",
        "body": "minecraft:block/white_concrete",
        "frame": "minecraft:block/anvil"
    },
    "elements": [
        {
            "name": "body_1",
            "from": [ 5, 1, 2 ], 
            "to": [ 11, 7, 14 ], 
            "faces": {
                "north": { "texture": "#frame", "uv": [ 0, 0, 6, 6 ] },
                "east": { "texture": "#frame", "uv": [ 2, 0, 14, 6 ] },
                "south": { "texture": "#frame", "uv": [ 0, 0, 6, 6 ] },
                "west": { "texture": "#frame", "uv": [ 3, 0, 15, 6 ] },
                "up": { "texture": "#frame", "uv": [ 0, 0, 6, 12 ] },
                "down": { "texture": "#frame", "uv": [ 0, 0, 6, 12 ] }
            }
        },
        {
            "name": "body_2",
            "from": [ 5, 2, 14 ], 
            "to": [ 11, 8, 22 ], 
            "faces": {
                "north": { "texture": "#frame", "uv": [ 0, 0, 6, 6 ] },
                "east": { "texture": "#frame", "uv": [ 3, 1, 11, 7 ] },
                "south": { "texture": "#frame", "uv": [ 4, 0, 10, 6 ] },
                "west": { "texture": "#frame", "uv": [ 5, 2, 13, 8 ] },
                "up": { "texture": "#frame", "uv": [ 0, 0, 6, 8 ] },
                "down": { "texture": "#frame", "uv": [ 0, 0, 6, 8 ] }
            }
        },
        {
            "name": "detail_1",
            "from": [ 1, 7.5, -7 ], 
            "to": [ 15, 9, 1 ], 
            "faces": {
                "north": { "texture": "#body", "uv": [ 0, 0, 14, 1.5 ], "tintindex": 0 },
                "east": { "texture": "#body", "uv": [ 0, 0, 8, 1.5 ], "tintindex": 0 },
                "south": { "texture": "#body", "uv": [ 0, 0, 14, 1.5 ], "tintindex": 0 },
                "west": { "texture": "#body", "uv": [ 0, 0, 8, 1.5 ], "tintindex": 0 },
                "up": { "texture": "#body", "uv": [ 0, 0, 14, 8 ], "tintindex": 0 },
                "down": { "texture": "#body", "uv": [ 0, 0, 14, 8 ], "tintindex": 0 }
            }
        },
        {
            "name": "detail_2",
            "from": [ 1, 9, 16.5 ], 
            "to": [ 15, 10.5, 21 ], 
            "faces": {
                "north": { "texture": "#body", "uv": [ 0, 0, 14, 1.5 ], "tintindex": 0 },
                "east": { "texture": "#body", "uv": [ 0, 0, 4.5, 1.5 ], "tintindex": 0 },
                "south": { "texture": "#body", "uv": [ 0, 0, 14, 1.5 ], "tintindex": 0 },
                "west": { "texture": "#body", "uv": [ 0, 0, 4.5, 1.5 ], "tintindex": 0 },
                "up": { "texture": "#body", "uv": [ 0, 0, 14, 4.5 ], "tintindex": 0 },
                "down": { "texture": "#body", "uv": [ 0, 0, 14, 4.5 ], "tintindex": 0 }
            }
        },
        {
            "name": "detail_3",
            "from": [ 1, 7.5, 1 ], 
            "to": [ 15, 9, 4 ], 
            "rotation": { "origin": [ 8.0, 9.0, 1.0 ], "axis": "x", "angle": 45.0 },
            "faces": {
                "north": { "texture": "#body", "uv": [ 0, 0, 14, 1.5 ], "tintindex": 0 },
                "east": { "texture": "#body", "uv": [ 0, 0, 3, 1.5 ], "tintindex": 0 },
                "south": { "texture": "#body", "uv": [ 0, 0, 14, 1.5 ], "tintindex": 0 },
                "west": { "texture": "#body", "uv": [ 0, 0, 3, 1.5 ], "tintindex": 0 },
                "up": { "texture": "#body", "uv": [ 0, 0, 14, 3 ], "tintindex": 0 },
                "down": { "texture": "#body", "uv": [ 0, 0, 14, 3 ], "tintindex": 0 }
            }
        },
        {
            "name": "detail_5",
            "from": [ 1, 7.5, 12 ], 
            "to": [ 15, 9, 17.12 ], 
            "rotation": { "origin": [ 8.0, 9.0, 15.0 ], "axis": "x", "angle": -45.0 },
            "faces": {
                "north": { "texture": "#body", "uv": [ 0, 0, 14, 1.5 ], "tintindex": 0 },
                "east": { "texture": "#body", "uv": [ 0, 0, 3.7, 1.5 ], "tintindex": 0 },
                "south": { "texture": "#body", "uv": [ 0, 0, 14, 1.5 ], "tintindex": 0 },
                "west": { "texture": "#body", "uv": [ 0, 0, 3.7, 1.5 ], "tintindex": 0 },
                "up": { "texture": "#body", "uv": [ 0, 0, 14, 3.7 ], "tintindex": 0 },
                "down": { "texture": "#body", "uv": [ 0, 0, 14, 3.7 ], "tintindex": 0 }
            }
        },
        {
            "name": "detail_6",
            "from": [ 1, 9, 21 ], 
            "to": [ 15, 10.5, 23.8 ], 
            "rotation": { "origin": [ 8.0, 10.500000022351742, 21.00000001490116 ], "axis": "x", "angle": 45.0 },
            "faces": {
                "north": { "texture": "#body", "uv": [ 0, 0, 14, 1.5 ], "tintindex": 0 },
                "east": { "texture": "#body", "uv": [ 0, 0, 2.8, 1.5 ], "tintindex": 0 },
                "south": { "texture": "#body", "uv": [ 0, 0, 14, 1.5 ], "tintindex": 0 },
                "west": { "texture": "#body", "uv": [ 0, 0, 2.8, 1.5 ], "tintindex": 0 },
                "up": { "texture": "#body", "uv": [ 0, 0, 14, 2.8 ], "tintindex": 0 },
                "down": { "texture": "#body", "uv": [ 0, 0, 14, 2.8 ], "tintindex": 0 }
            }
        },
        {
            "name": "detail_7",
            "from": [ 1, 3.1, 12.9 ], 
            "to": [ 15, 6.9, 14.4 ], 
            "rotation": { "origin": [ 8.0, 6.899999998509884, 12.899999998509884 ], "axis": "x", "angle": 22.5 },
            "faces": {
                "north": { "texture": "#body", "uv": [ 0, 0, 14, 3.8 ], "tintindex": 0 },
                "east": { "texture": "#body", "uv": [ 0, 0, 1, 3.8 ], "tintindex": 0 },
                "south": { "texture": "#body", "uv": [ 0, 0, 14, 3.8 ], "tintindex": 0 },
                "west": { "texture": "#body", "uv": [ 0, 0, 1, 3.8 ], "tintindex": 0 },
                "up": { "texture": "#body", "uv": [ 0, 0, 14, 1.5 ], "tintindex": 0 },
                "down": { "texture": "#body", "uv": [ 0, 0, 14, 1.5 ], "tintindex": 0 }
            }
        },
        {
            "name": "detail_8",
            "from": [ 1, 3.1, 1.6 ], 
            "to": [ 15, 6.9, 3.1 ], 
            "rotation": { "origin": [ 8.0, 6.899999998509884, 3.100000001490116 ], "axis": "x", "angle": -22.5 },
            "faces": {
                "north": { "texture": "#body", "uv": [ 0, 0, 14, 3.8 ], "tintindex": 0 },
                "east": { "texture": "#body", "uv": [ 0, 0, 1, 3.8 ], "tintindex": 0 },
                "south": { "texture": "#body", "uv": [ 0, 0, 14, 3.8 ], "tintindex": 0 },
                "west": { "texture": "#body", "uv": [ 0, 0, 1, 3.8 ], "tintindex": 0 },
                "up": { "texture": "#body", "uv": [ 0, 0, 14, 1.5 ], "tintindex": 0 },
                "down": { "texture": "#body", "uv": [ 0, 0, 14, 1.5 ], "tintindex": 0 }
            }
        },
        {
            "name": "axel_1",
            "from": [ 3, 1, -3 ], 
            "to": [ 13, 2, -2 ], 
            "faces": {
                "north": { "texture": "#axel", "uv": [ 0, 0, 10, 1 ] },
                "east": { "texture": "#axel", "uv": [ 0, 0, 1, 1 ] },
                "south": { "texture": "#axel", "uv": [ 0, 0, 10, 1 ] },
                "west": { "texture": "#axel", "uv": [ 0, 0, 1, 1 ] },
                "up": { "texture": "#axel", "uv": [ 0, 0, 10, 1 ] },
                "down": { "texture": "#axel", "uv": [ 0, 0, 10, 1 ] }
            }
        },
        {
            "name": "axel_2",
            "from": [ 3, 1, 17.9 ], 
            "to": [ 13, 2, 18.9 ], 
            "faces": {
                "north": { "texture": "#axel", "uv": [ 0, 0, 10, 1 ] },
                "east": { "texture": "#axel", "uv": [ 0, 0, 1, 1 ] },
                "south": { "texture": "#axel", "uv": [ 0, 0, 10, 1 ] },
                "west": { "texture": "#axel", "uv": [ 0, 0, 1, 1 ] },
                "up": { "texture": "#axel", "uv": [ 0, 0, 10, 1 ] },
                "down": { "texture": "#axel", "uv": [ 0, 0, 10, 1 ] }
            }
        },
        {
            "name": "seat_1",
            "from": [ 5.2, 7, 2.2 ], 
            "to": [ 10.8, 8.2, 11.2 ], 
            "faces": {
                "north": { "texture": "#seat", "uv": [ 0, 0, 5.6, 1.2 ] },
                "east": { "texture": "#seat", "uv": [ 0, 0, 1, 1 ] },
                "south": { "texture": "#seat", "uv": [ 0, 0, 5.6, 1.2 ] },
                "west": { "texture": "#seat", "uv": [ 0, 0, 1, 1 ] },
                "up": { "texture": "#seat", "uv": [ 0, 0, 5.6, 9 ] }
            }
        },
        {
            "name": "body_3",
            "from": [ 5, 2, -6 ], 
            "to": [ 11, 8, 2 ], 
            "faces": {
                "north": { "texture": "#frame", "uv": [ 5, 1, 11, 7 ] },
                "east": { "texture": "#frame", "uv": [ 7, 2, 15, 8 ] },
                "south": { "texture": "#frame", "uv": [ 0, 0, 6, 6 ] },
                "west": { "texture": "#frame", "uv": [ 0, 0, 8, 6 ] },
                "up": { "texture": "#frame", "uv": [ 0, 0, 6, 8 ] },
                "down": { "texture": "#frame", "uv": [ 0, 0, 6, 8 ] }
            }
        },
        {
            "name": "body_4",
            "from": [ 5.1, 1, -4 ], 
            "to": [ 10.9, 4, 2 ], 
            "rotation": { "origin": [ 8.0, 1.0, 2.0 ], "axis": "x", "angle": 22.5 },
            "faces": {
                "north": { "texture": "#frame", "uv": [ 0, 0, 5.8, 3 ] },
                "east": { "texture": "#frame", "uv": [ 0, 0, 6, 3 ] },
                "south": { "texture": "#frame", "uv": [ 0, 0, 5.8, 3 ] },
                "west": { "texture": "#frame", "uv": [ 0, 0, 6, 3 ] },
                "up": { "texture": "#frame", "uv": [ 0, 0, 5.8, 6 ] },
                "down": { "texture": "#frame", "uv": [ 0, 0, 5.8, 6 ] }
            }
        },
        {
            "name": "body_5",
            "from": [ 5.1, 1, 14 ], 
            "to": [ 10.9, 4, 20 ], 
            "rotation": { "origin": [ 8.0, 1.0, 14.0 ], "axis": "x", "angle": -22.5 },
            "faces": {
                "north": { "texture": "#frame", "uv": [ 0, 0, 5.8, 3 ] },
                "east": { "texture": "#frame", "uv": [ 0, 0, 6, 3 ] },
                "south": { "texture": "#frame", "uv": [ 0, 0, 5.8, 3 ] },
                "west": { "texture": "#frame", "uv": [ 0, 0, 6, 3 ] },
                "up": { "texture": "#frame", "uv": [ 0, 0, 5.8, 6 ] },
                "down": { "texture": "#frame", "uv": [ 0, 0, 5.8, 6 ] }
            }
        },
        {
            "name": "body_6",
            "from": [ 1, 2.5, 3 ], 
            "to": [ 15, 4, 13 ], 
            "faces": {
                "north": { "texture": "#body", "uv": [ 0, 0, 14, 1.5 ], "tintindex": 0 },
                "east": { "texture": "#body", "uv": [ 0, 0, 10, 1.5 ], "tintindex": 0 },
                "south": { "texture": "#body", "uv": [ 0, 0, 14, 1.5 ], "tintindex": 0 },
                "west": { "texture": "#body", "uv": [ 0, 0, 10, 1.5 ], "tintindex": 0 },
                "up": { "texture": "#body", "uv": [ 0, 0, 14, 10 ], "tintindex": 0 },
                "down": { "texture": "#body", "uv": [ 0, 0, 14, 10 ], "tintindex": 0 }
            }
        },
        {
            "name": "frame_1",
            "from": [ 1.5, 9, -0.5 ], 
            "to": [ 2.5, 10, 0.5 ], 
            "faces": {
                "north": { "texture": "#axel", "uv": [ 0, 0, 1, 1 ] },
                "east": { "texture": "#axel", "uv": [ 0, 0, 1, 1 ] },
                "south": { "texture": "#axel", "uv": [ 0, 0, 1, 1 ] },
                "west": { "texture": "#axel", "uv": [ 0, 0, 1, 1 ] }
            }
        },
        {
            "name": "frame_2",
            "from": [ 1.5, 9, -6.5 ], 
            "to": [ 2.5, 10, -5.5 ], 
            "faces": {
                "north": { "texture": "#axel", "uv": [ 0, 0, 1, 1 ] },
                "east": { "texture": "#axel", "uv": [ 0, 0, 1, 1 ] },
                "south": { "texture": "#axel", "uv": [ 0, 0, 1, 1 ] },
                "west": { "texture": "#axel", "uv": [ 0, 0, 1, 1 ] }
            }
        },
        {
            "name": "frame_3",
            "from": [ 13.5, 9, -6.5 ], 
            "to": [ 14.5, 10, -5.5 ], 
            "faces": {
                "north": { "texture": "#axel", "uv": [ 0, 0, 1, 1 ] },
                "east": { "texture": "#axel", "uv": [ 0, 0, 1, 1 ] },
                "south": { "texture": "#axel", "uv": [ 0, 0, 1, 1 ] },
                "west": { "texture": "#axel", "uv": [ 0, 0, 1, 1 ] }
            }
        },
        {
            "name": "frame_4",
            "from": [ 13.5, 9, -0.5 ], 
            "to": [ 14.5, 10, 0.5 ], 
            "faces": {
                "north": { "texture": "#axel", "uv": [ 0, 0, 1, 1 ] },
                "east": { "texture": "#axel", "uv": [ 0, 0, 1, 1 ] },
                "south": { "texture": "#axel", "uv": [ 0, 0, 1, 1 ] },
                "west": { "texture": "#axel", "uv": [ 0, 0, 1, 1 ] }
            }
        },
        {
            "name": "frame_5",
            "from": [ 1.5, 10, -6.5 ], 
            "to": [ 2.5, 11, 0.5 ], 
            "faces": {
                "north": { "texture": "#axel", "uv": [ 0, 0, 1, 1 ] },
                "east": { "texture": "#axel", "uv": [ 0, 0, 7, 1 ] },
                "south": { "texture": "#axel", "uv": [ 0, 0, 1, 1 ] },
                "west": { "texture": "#axel", "uv": [ 0, 0, 7, 1 ] },
                "up": { "texture": "#axel", "uv": [ 0, 0, 1, 7 ] },
                "down": { "texture": "#axel", "uv": [ 0, 0, 1, 7 ] }
            }
        },
        {
            "name": "frame_6",
            "from": [ 13.5, 10, -6.5 ], 
            "to": [ 14.5, 11, 0.5 ], 
            "faces": {
                "north": { "texture": "#axel", "uv": [ 0, 0, 1, 1 ] },
                "east": { "texture": "#axel", "uv": [ 0, 0, 7, 1 ] },
                "south": { "texture": "#axel", "uv": [ 0, 0, 1, 1 ] },
                "west": { "texture": "#axel", "uv": [ 0, 0, 7, 1 ] },
                "up": { "texture": "#axel", "uv": [ 0, 0, 1, 7 ] },
                "down": { "texture": "#axel", "uv": [ 0, 0, 1, 7 ] }
            }
        },
        {
            "name": "frame_7",
            "from": [ 2.5, 10, -6.5 ], 
            "to": [ 13.5, 11, -5.5 ], 
            "faces": {
                "north": { "texture": "#axel", "uv": [ 0, 0, 11, 1 ] },
                "south": { "texture": "#axel", "uv": [ 0, 0, 11, 1 ] },
                "up": { "texture": "#axel", "uv": [ 0, 0, 11, 1 ] },
                "down": { "texture": "#axel", "uv": [ 0, 0, 11, 1 ] }
            }
        },
        {
            "name": "back_detail_1",
            "from": [ 1.2, 9, -7 ], 
            "to": [ 14.8, 9.3, 1 ], 
            "faces": {
                "north": { "texture": "#frame", "uv": [ 0, 0, 13.6, 0.3 ] },
                "east": { "texture": "#frame", "uv": [ 0, 0, 8, 0.3 ] },
                "south": { "texture": "#frame", "uv": [ 0, 0, 13.6, 0.3 ] },
                "west": { "texture": "#frame", "uv": [ 0, 0, 8, 0.3 ] },
                "up": { "texture": "#frame", "uv": [ 1, 8, 14.6, 16 ] }
            }
        },
        {
            "name": "seat_2",
            "from": [ 5.2, 8.3, 1 ], 
            "to": [ 10.8, 9.3, 10 ], 
            "rotation": { "origin": [ 8.0, 9.299999989569187, 1.0 ], "axis": "x", "angle": 22.5 },
            "faces": {
                "north": { "texture": "#seat", "uv": [ 0, 0, 5.6, 1 ] },
                "east": { "texture": "#seat", "uv": [ 0, 0, 1, 1 ] },
                "south": { "texture": "#seat", "uv": [ 0, 0, 5.6, 1 ] },
                "west": { "texture": "#seat", "uv": [ 0, 0, 1, 1 ] },
                "up": { "texture": "#seat", "uv": [ 0, 0, 5.6, 9 ] },
                "down": { "texture": "#seat", "uv": [ 0, 0, 5.6, 9 ] }
            }
        },
        {
            "name": "fuel_tank_1",
            "from": [ 4.8, 7.6, 11.5 ], 
            "to": [ 11.2, 9, 15 ], 
            "faces": {
                "north": { "texture": "#body", "uv": [ 0, 0, 6.4, 1.4 ], "tintindex": 0 },
                "east": { "texture": "#body", "uv": [ 0, 0, 3.5, 1.4 ], "tintindex": 0 },
                "south": { "texture": "#body", "uv": [ 0, 0, 6.4, 1.4 ], "tintindex": 0 },
                "west": { "texture": "#body", "uv": [ 0, 0, 3.5, 1.4 ], "tintindex": 0 },
                "up": { "texture": "#body", "uv": [ 0, 0, 6.4, 3.5 ], "tintindex": 0 },
                "down": { "texture": "#body", "uv": [ 0, 0, 6.4, 3.5 ], "tintindex": 0 }
            }
        },
        {
            "name": "fuel_tank_2",
            "from": [ 4.8, 3, 11.5 ], 
            "to": [ 11.2, 9, 14 ], 
            "rotation": { "origin": [ 8.0, 9.0, 11.49999999254942 ], "axis": "x", "angle": 22.5 },
            "faces": {
                "north": { "texture": "#body", "uv": [ 0, 0, 6.4, 6 ], "tintindex": 0 },
                "east": { "texture": "#body", "uv": [ 0, 0, 2.5, 6 ], "tintindex": 0 },
                "south": { "texture": "#body", "uv": [ 0, 0, 6.4, 6 ], "tintindex": 0 },
                "west": { "texture": "#body", "uv": [ 0, 0, 2.5, 6 ], "tintindex": 0 },
                "up": { "texture": "#body", "uv": [ 0, 0, 6.4, 2.5 ], "tintindex": 0 },
                "down": { "texture": "#body", "uv": [ 0, 0, 6.4, 2.5 ], "tintindex": 0 }
            }
        },
        {
            "name": "body_7",
            "from": [ 4.8, 4, 2.9 ], 
            "to": [ 11.2, 7.1, 10.9 ], 
            "faces": {
                "north": { "texture": "#body", "uv": [ 0, 0, 6.4, 3.1 ], "tintindex": 0 },
                "east": { "texture": "#body", "uv": [ 0, 0, 8, 3.1 ], "tintindex": 0 },
                "south": { "texture": "#body", "uv": [ 0, 0, 6.4, 3.1 ], "tintindex": 0 },
                "west": { "texture": "#body", "uv": [ 0, 0, 8, 3.1 ], "tintindex": 0 },
                "up": { "texture": "#body", "uv": [ 0, 0, 6.4, 8 ], "tintindex": 0 },
                "down": { "texture": "#body", "uv": [ 0, 0, 6.4, 8 ], "tintindex": 0 }
            }
        },
        {
            "name": "bull_bar_1",
            "from": [ 5.5, 2, 21 ], 
            "to": [ 6.5, 5.1, 22 ], 
            "rotation": { "origin": [ 8.0, 2.0, 22.0 ], "axis": "x", "angle": 45.0 },
            "faces": {
                "north": { "texture": "#axel", "uv": [ 0, 0, 1, 3.1 ] },
                "east": { "texture": "#axel", "uv": [ 0, 0, 1, 3.1 ] },
                "south": { "texture": "#axel", "uv": [ 0, 0, 1, 3.1 ] },
                "west": { "texture": "#axel", "uv": [ 0, 0, 1, 3.1 ] },
                "up": { "texture": "#axel", "uv": [ 0, 0, 1, 1 ] },
                "down": { "texture": "#axel", "uv": [ 0, 0, 1, 1 ] }
            }
        },
        {
            "name": "bull_bar_2",
            "from": [ 9.5, 2, 21 ], 
            "to": [ 10.5, 5.1, 22 ], 
            "rotation": { "origin": [ 8.0, 2.0, 22.0 ], "axis": "x", "angle": 45.0 },
            "faces": {
                "north": { "texture": "#axel", "uv": [ 0, 0, 1, 3.1 ] },
                "east": { "texture": "#axel", "uv": [ 0, 0, 1, 3.1 ] },
                "south": { "texture": "#axel", "uv": [ 0, 0, 1, 3.1 ] },
                "west": { "texture": "#axel", "uv": [ 0, 0, 1, 3.1 ] },
                "up": { "texture": "#axel", "uv": [ 0, 0, 1, 1 ] },
                "down": { "texture": "#axel", "uv": [ 0, 0, 1, 1 ] }
            }
        },
        {
            "name": "bull_bar_3",
            "from": [ 9.5, 4.2, 23.2 ], 
            "to": [ 10.5, 10.2, 24.2 ], 
            "faces": {
                "north": { "texture": "#axel", "uv": [ 0, 0, 1, 6 ] },
                "east": { "texture": "#axel", "uv": [ 0, 0, 1, 6 ] },
                "south": { "texture": "#axel", "uv": [ 0, 0, 1, 6 ] },
                "west": { "texture": "#axel", "uv": [ 0, 0, 1, 6 ] },
                "up": { "texture": "#axel", "uv": [ 0, 0, 1, 1 ] },
                "down": { "texture": "#axel", "uv": [ 0, 0, 1, 1 ] }
            }
        },
        {
            "name": "bull_bar_4",
            "from": [ 5.5, 4.2, 23.2 ], 
            "to": [ 6.5, 10.2, 24.2 ], 
            "faces": {
                "north": { "texture": "#axel", "uv": [ 0, 0, 1, 6 ] },
                "east": { "texture": "#axel", "uv": [ 0, 0, 1, 6 ] },
                "south": { "texture": "#axel", "uv": [ 0, 0, 1, 6 ] },
                "west": { "texture": "#axel", "uv": [ 0, 0, 1, 6 ] },
                "up": { "texture": "#axel", "uv": [ 0, 0, 1, 1 ] },
                "down": { "texture": "#axel", "uv": [ 0, 0, 1, 1 ] }
            }
        },
        {
            "name": "bull_bar_5",
            "from": [ 6.5, 10.2, 23.2 ], 
            "to": [ 9.5, 11.2, 24.2 ], 
            "faces": {
                "north": { "texture": "#axel", "uv": [ 0, 0, 3, 1 ] },
                "east": { "texture": "#axel", "uv": [ 0, 0, 1, 1 ] },
                "south": { "texture": "#axel", "uv": [ 0, 0, 3, 1 ] },
                "west": { "texture": "#axel", "uv": [ 0, 0, 1, 1 ] },
                "up": { "texture": "#axel", "uv": [ 0, 0, 3, 1 ] },
                "down": { "texture": "#axel", "uv": [ 0, 0, 3, 1 ] }
            }
        },
        {
            "name": "bull_bar_6",
            "from": [ 5.1, 10.2, 23.2 ], 
            "to": [ 6.5, 11.2, 24.2 ], 
            "rotation": { "origin": [ 6.500000007450581, 11.200000002980232, 22.0 ], "axis": "z", "angle": 45.0 },
            "faces": {
                "north": { "texture": "#axel", "uv": [ 0, 0, 1.4, 1 ] },
                "east": { "texture": "#axel", "uv": [ 0, 0, 1, 1 ] },
                "south": { "texture": "#axel", "uv": [ 0, 0, 1.4, 1 ] },
                "west": { "texture": "#axel", "uv": [ 0, 0, 1, 1 ] },
                "up": { "texture": "#axel", "uv": [ 0, 0, 1.4, 1 ] },
                "down": { "texture": "#axel", "uv": [ 0, 0, 1.4, 1 ] }
            }
        },
        {
            "name": "bull_bar_7",
            "from": [ 9.5, 10.2, 23.2 ], 
            "to": [ 10.9, 11.2, 24.2 ], 
            "rotation": { "origin": [ 9.500000037252903, 11.200000002980232, 22.0 ], "axis": "z", "angle": -45.0 },
            "faces": {
                "north": { "texture": "#axel", "uv": [ 0, 0, 1.4, 1 ] },
                "east": { "texture": "#axel", "uv": [ 0, 0, 1, 1 ] },
                "south": { "texture": "#axel", "uv": [ 0, 0, 1.4, 1 ] },
                "west": { "texture": "#axel", "uv": [ 0, 0, 1, 1 ] },
                "up": { "texture": "#axel", "uv": [ 0, 0, 1.4, 1 ] },
                "down": { "texture": "#axel", "uv": [ 0, 0, 1.4, 1 ] }
            }
        },
        {
            "name": "bull_bar_8",
            "from": [ 2, 8.5, 23.5 ], 
            "to": [ 14, 9.5, 24.5 ], 
            "faces": {
                "north": { "texture": "#axel", "uv": [ 0, 0, 12, 1 ] },
                "east": { "texture": "#axel", "uv": [ 0, 0, 1, 1 ] },
                "south": { "texture": "#axel", "uv": [ 0, 0, 12, 1 ] },
                "west": { "texture": "#axel", "uv": [ 0, 0, 1, 1 ] },
                "up": { "texture": "#axel", "uv": [ 0, 0, 12, 1 ] },
                "down": { "texture": "#axel", "uv": [ 0, 0, 12, 1 ] }
            }
        },
        {
            "name": "bull_bar_9",
            "from": [ 2, 5, 23.5 ], 
            "to": [ 14, 6, 24.5 ], 
            "faces": {
                "north": { "texture": "#axel", "uv": [ 0, 0, 12, 1 ] },
                "east": { "texture": "#axel", "uv": [ 0, 0, 1, 1 ] },
                "south": { "texture": "#axel", "uv": [ 0, 0, 12, 1 ] },
                "west": { "texture": "#axel", "uv": [ 0, 0, 1, 1 ] },
                "up": { "texture": "#axel", "uv": [ 0, 0, 12, 1 ] },
                "down": { "texture": "#axel", "uv": [ 0, 0, 12, 1 ] }
            }
        },
        {
            "name": "bull_bar_10",
            "from": [ 1, 6, 23.5 ], 
            "to": [ 2, 8.5, 24.5 ], 
            "faces": {
                "north": { "texture": "#axel", "uv": [ 0, 0, 1, 2.5 ] },
                "east": { "texture": "#axel", "uv": [ 0, 0, 1, 2.5 ] },
                "south": { "texture": "#axel", "uv": [ 0, 0, 1, 2.5 ] },
                "west": { "texture": "#axel", "uv": [ 0, 0, 1, 2.5 ] },
                "up": { "texture": "#axel", "uv": [ 0, 0, 1, 1 ] },
                "down": { "texture": "#axel", "uv": [ 0, 0, 1, 1 ] }
            }
        },
        {
            "name": "bull_bar_11",
            "from": [ 14, 6, 23.5 ], 
            "to": [ 15, 8.5, 24.5 ], 
            "faces": {
                "north": { "texture": "#axel", "uv": [ 0, 0, 1, 2.5 ] },
                "east": { "texture": "#axel", "uv": [ 0, 0, 1, 2.5 ] },
                "south": { "texture": "#axel", "uv": [ 0, 0, 1, 2.5 ] },
                "west": { "texture": "#axel", "uv": [ 0, 0, 1, 2.5 ] },
                "up": { "texture": "#axel", "uv": [ 0, 0, 1, 1 ] },
                "down": { "texture": "#axel", "uv": [ 0, 0, 1, 1 ] }
            }
        },
        {
            "name": "bull_bar_12",
            "from": [ 14, 8.5, 23.5 ], 
            "to": [ 15, 9.9, 24.5 ], 
            "rotation": { "origin": [ 15.0, 8.49999999254942, 24.49999999254942 ], "axis": "z", "angle": 45.0 },
            "faces": {
                "north": { "texture": "#axel", "uv": [ 0, 0, 1, 1.4 ] },
                "east": { "texture": "#axel", "uv": [ 0, 0, 1, 1.4 ] },
                "south": { "texture": "#axel", "uv": [ 0, 0, 1, 1.4 ] },
                "west": { "texture": "#axel", "uv": [ 0, 0, 1, 1.4 ] },
                "up": { "texture": "#axel", "uv": [ 0, 0, 1, 1 ] },
                "down": { "texture": "#axel", "uv": [ 0, 0, 1, 1 ] }
            }
        },
        {
            "name": "bull_bar_13",
            "from": [ 14, 4.6, 23.5 ], 
            "to": [ 15, 6, 24.5 ], 
            "rotation": { "origin": [ 15.0, 5.999999985098839, 24.49999999254942 ], "axis": "z", "angle": -45.0 },
            "faces": {
                "north": { "texture": "#axel", "uv": [ 0, 0, 1, 1.4 ] },
                "east": { "texture": "#axel", "uv": [ 0, 0, 1, 1.4 ] },
                "south": { "texture": "#axel", "uv": [ 0, 0, 1, 1.4 ] },
                "west": { "texture": "#axel", "uv": [ 0, 0, 1, 1.4 ] },
                "up": { "texture": "#axel", "uv": [ 0, 0, 1, 1 ] },
                "down": { "texture": "#axel", "uv": [ 0, 0, 1, 1 ] }
            }
        },
        {
            "name": "bull_bar_14",
            "from": [ 1, 8.5, 23.5 ], 
            "to": [ 2, 9.9, 24.5 ], 
            "rotation": { "origin": [ 1.0, 8.49999999254942, 24.0 ], "axis": "z", "angle": -45.0 },
            "faces": {
                "north": { "texture": "#axel", "uv": [ 0, 0, 1, 1.4 ] },
                "east": { "texture": "#axel", "uv": [ 0, 0, 1, 1.4 ] },
                "south": { "texture": "#axel", "uv": [ 0, 0, 1, 1.4 ] },
                "west": { "texture": "#axel", "uv": [ 0, 0, 1, 1.4 ] },
                "up": { "texture": "#axel", "uv": [ 0, 0, 1, 1 ] },
                "down": { "texture": "#axel", "uv": [ 0, 0, 1, 1 ] }
            }
        },
        {
            "name": "bull_bar_15",
            "from": [ 1, 4.6, 23.5 ], 
            "to": [ 2, 6, 24.5 ], 
            "rotation": { "origin": [ 1.0, 6.0, 24.0 ], "axis": "z", "angle": 45.0 },
            "faces": {
                "north": { "texture": "#axel", "uv": [ 0, 0, 1, 1.4 ] },
                "east": { "texture": "#axel", "uv": [ 0, 0, 1, 1.4 ] },
                "south": { "texture": "#axel", "uv": [ 0, 0, 1, 1.4 ] },
                "west": { "texture": "#axel", "uv": [ 0, 0, 1, 1.4 ] },
                "up": { "texture": "#axel", "uv": [ 0, 0, 1, 1 ] },
                "down": { "texture": "#axel", "uv": [ 0, 0, 1, 1 ] }
            }
        },
        {
            "name": "bull_bar_16",
            "from": [ 5.5, 7.5, 22 ], 
            "to": [ 6.5, 8.5, 23.5 ], 
            "faces": {
                "north": { "texture": "#axel", "uv": [ 0, 0, 1, 1 ] },
                "east": { "texture": "#axel", "uv": [ 0, 0, 1.5, 1 ] },
                "west": { "texture": "#axel", "uv": [ 0, 0, 1.5, 1 ] },
                "up": { "texture": "#axel", "uv": [ 0, 0, 1, 1.5 ] },
                "down": { "texture": "#axel", "uv": [ 0, 0, 1, 1.5 ] }
            }
        },
        {
            "name": "Cube",
            "from": [ 9.5, 7.5, 22 ], 
            "to": [ 10.5, 8.5, 23.5 ], 
            "faces": {
                "north": { "texture": "#axel", "uv": [ 0, 0, 1, 1 ] },
                "east": { "texture": "#axel", "uv": [ 0, 0, 1.5, 1 ] },
                "west": { "texture": "#axel", "uv": [ 0, 0, 1.5, 1 ] },
                "up": { "texture": "#axel", "uv": [ 0, 0, 1, 1.5 ] },
                "down": { "texture": "#axel", "uv": [ 0, 0, 1, 1.5 ] }
            }
        },
        {
            "name": "Cube",
            "from": [ 5, 8, 16 ], 
            "to": [ 11, 9, 21.5 ], 
            "faces": {
                "north": { "texture": "#frame", "uv": [ 0, 0, 6, 1 ] },
                "east": { "texture": "#frame", "uv": [ 3, 1, 8.5, 2 ] },
                "south": { "texture": "#frame", "uv": [ 4, 0, 10, 1 ] },
                "west": { "texture": "#frame", "uv": [ 5, 2, 10.5, 3 ] },
                "up": { "texture": "#frame", "uv": [ 0, 0, 6, 5.5 ] }
            }
        }
    ]
}