{
	"credit": "Model by MrCrayfish (https://twitter.com/MrCraayfish) using Blockbench",
	"textures": {
		"texture": "vehicle:vehicle/big_tow_bar",
		"particle": "vehicle:vehicle/big_tow_bar"
	},
	"elements": [
		{
			"from": [7.3, 7.3, 7.3],
			"to": [8.7, 8.7, 8.7],
			"faces": {
				"north": {"uv": [8, 2, 9, 3], "texture": "#texture"},
				"east": {"uv": [8, 3, 9, 4], "texture": "#texture"},
				"south": {"uv": [9, 2, 10, 3], "texture": "#texture"},
				"west": {"uv": [9, 3, 10, 4], "texture": "#texture"},
				"up": {"uv": [9, 4, 10, 5], "texture": "#texture"},
				"down": {"uv": [9, 5, 10, 6], "texture": "#texture"}
			}
		},
		{
			"from": [7.5, 7, 7.5],
			"to": [8.5, 8, 8.5],
			"faces": {
				"north": {"uv": [9, 6, 10, 7], "texture": "#texture"},
				"east": {"uv": [9, 7, 10, 8], "texture": "#texture"},
				"south": {"uv": [0, 10, 1, 11], "texture": "#texture"},
				"west": {"uv": [1, 10, 2, 11], "texture": "#texture"}
			}
		},
		{
			"from": [7, 5, 3],
			"to": [9, 7, 9],
			"rotation": {"angle": 0, "axis": "y", "origin": [15, 13, 8]},
			"faces": {
				"east": {"uv": [0, 0, 6, 2], "texture": "#texture"},
				"south": {"uv": [8, 0, 10, 2], "texture": "#texture"},
				"west": {"uv": [0, 2, 6, 4], "texture": "#texture"},
				"up": {"uv": [0, 4, 2, 10], "texture": "#texture"},
				"down": {"uv": [2, 4, 4, 10], "texture": "#texture"}
			}
		},
		{
			"from": [7, 5, -2],
			"to": [9, 7, 3],
			"rotation": {"angle": 45, "axis": "x", "origin": [8, 5, 3]},
			"faces": {
				"east": {"uv": [4, 4, 9, 6], "texture": "#texture"},
				"west": {"uv": [4, 6, 9, 8], "texture": "#texture"},
				"up": {"uv": [4, 8, 6, 13], "texture": "#texture"},
				"down": {"uv": [6, 8, 8, 13], "texture": "#texture"}
			}
		}
	]
}