{
    "__comment": "Model generated using MrCrayfish's Model Creator (https://mrcrayfish.com/tools?id=mc)",
    "textures": {
        "outline": "minecraft:block/white_concrete"
    },
    "elements": [
        {
            "from": [ 5, 3, 8 ], 
            "to": [ 11, 13, 9.5 ], 
            "faces": {
                "south": { "texture": "#outline", "uv": [ 0, 0, 6, 10 ], "tintindex": 0 },
                "up": { "texture": "#outline", "uv": [ 0, 0, 6, 0.5 ], "tintindex": 0 },
                "down": { "texture": "#outline", "uv": [ 0, 0, 6, 0.5 ], "tintindex": 0 }
            }
        },
        {
            "from": [ 3, 5, 8 ], 
            "to": [ 5, 11, 9.5 ], 
            "faces": {
                "south": { "texture": "#outline", "uv": [ 0, 0, 2, 6 ], "tintindex": 0 },
                "west": { "texture": "#outline", "uv": [ 0, 0, 0.5, 6 ], "tintindex": 0 }
            }
        },
        {
            "from": [ 11, 5, 8 ], 
            "to": [ 13, 11, 9.5 ], 
            "faces": {
                "east": { "texture": "#outline", "uv": [ 0, 0, 0.5, 6 ], "tintindex": 0 },
                "south": { "texture": "#outline", "uv": [ 0, 0, 2, 6 ], "tintindex": 0 }
            }
        },
        {
            "from": [ 3, 11, 8 ], 
            "to": [ 5, 13.83, 9.5 ], 
            "rotation": { "origin": [ 3, 11, 1 ], "axis": "z", "angle": -45.0 },
            "faces": {
                "south": { "texture": "#outline", "uv": [ 0, 0, 1, 2.8 ], "tintindex": 0 },
                "west": { "texture": "#outline", "uv": [ 0, 0, 0.5, 2.8 ], "tintindex": 0 }
            }
        },
        {
            "from": [ 11, 11, 8 ], 
            "to": [ 13, 13.83, 9.5 ], 
            "rotation": { "origin": [ 13, 11, 1 ], "axis": "z", "angle": 45.0 },
            "faces": {
                "east": { "texture": "#outline", "uv": [ 0, 0, 0.5, 2.8 ], "tintindex": 0 },
                "south": { "texture": "#outline", "uv": [ 0, 0, 1, 2.8 ], "tintindex": 0 }
            }
        },
        {
            "from": [ 3, 2.17, 8 ], 
            "to": [ 5, 5, 9.5 ], 
            "rotation": { "origin": [ 3, 5, 1 ], "axis": "z", "angle": 45.0 },
            "faces": {
                "south": { "texture": "#outline", "uv": [ 0, 0, 2, 2.83 ], "tintindex": 0 },
                "west": { "texture": "#outline", "uv": [ 0, 0, 0.5, 2.8 ], "tintindex": 0 }
            }
        },
        {
            "from": [ 11, 2.17, 8 ], 
            "to": [ 13, 5, 9.5 ], 
            "rotation": { "origin": [ 13, 5, 1 ], "axis": "z", "angle": -45.0 },
            "faces": {
                "east": { "texture": "#outline", "uv": [ 0, 0, 0.5, 2.8 ], "tintindex": 0 },
                "south": { "texture": "#outline", "uv": [ 0, 0, 2, 2.83 ], "tintindex": 0 }
            }
        }
    ]
}