{
    "__comment": "Model generated using MrCrayfish's Model Creator (https://mrcrayfish.com/tools?id=mc)",
    "textures": {
        "piston_side": "minecraft:block/piston_side",
        "piston_top": "minecraft:block/piston_top"
    },
    "display": {
        "gui": {
            "rotation": [ 30, 225, 0 ],
            "translation": [ 0, 0, 0 ],
            "scale": [ 0.625, 0.625, 0.625 ]
        },
        "ground": {
            "rotation": [ 0, 0, 0 ],
            "translation": [ 0, 3, 0 ],
            "scale": [ 0.25, 0.25, 0.25 ]
        },
        "fixed": {
            "rotation": [ 0, 0, 0 ],
            "translation": [ 0, 0, 0 ],
            "scale": [ 0.5, 0.5, 0.5 ]
        },
        "thirdperson_righthand": {
            "rotation": [ 75, 45, 0 ],
            "translation": [ 0, 2.5, 0 ],
            "scale": [ 0.375, 0.375, 0.375 ]
        },
        "thirdperson_lefthand": {
            "rotation": [ 75, 255, 0 ],
            "translation": [ 0, 2.5, 0 ],
            "scale": [ 0.375, 0.375, 0.375 ]
        },
        "firstperson_righthand": {
            "rotation": [ 0, 45, 0 ],
            "translation": [ 0, 2.5, 0 ],
            "scale": [ 0.4, 0.4, 0.4 ]
        },
        "firstperson_lefthand": {
            "rotation": [ 0, 225, 0 ],
            "translation": [ 0, 2.5, 0 ],
            "scale": [ 0.4, 0.4, 0.4 ]
        }
    },
    "elements": [
        {
            "name": "piston_head",
            "from": [ 2.00, 8.00, 2.00 ], 
            "to": [ 14.00, 11.00, 14.00 ], 
            "faces": {
                "north": { "texture": "#piston_side", "uv": [ 0.00, 0.00, 16.00, 4.00 ] },
                "east": { "texture": "#piston_side", "uv": [ 0.00, 0.00, 16.00, 4.00 ] },
                "south": { "texture": "#piston_side", "uv": [ 0.00, 0.00, 16.00, 4.00 ] },
                "west": { "texture": "#piston_side", "uv": [ 0.00, 0.00, 16.00, 4.00 ] },
                "up": { "texture": "#piston_top", "uv": [ 0.00, 0.00, 16.00, 16.00 ] },
                "down": { "texture": "#piston_top", "uv": [ 0.00, 0.00, 16.00, 16.00 ] }
            }
        },
        {
            "name": "Cube",
            "from": [ 6.50, 0.00, 6.50 ], 
            "to": [ 9.50, 8.00, 9.50 ], 
            "faces": {
                "north": { "texture": "#piston_side", "uv": [ 0.00, 0.00, 10.00, 4.00 ], "rotation": 90 },
                "east": { "texture": "#piston_side", "uv": [ 0.00, 0.00, 10.00, 4.00 ], "rotation": 90 },
                "south": { "texture": "#piston_side", "uv": [ 0.00, 0.00, 10.00, 4.00 ], "rotation": 90 },
                "west": { "texture": "#piston_side", "uv": [ 0.00, 0.00, 10.00, 4.00 ], "rotation": 90 }
            }
        }
    ]
}