{
    "__comment": "Model generated using MrCrayfish's Model Creator (https://mrcrayfish.com/tools?id=mc)",
    "textures": {
        "seat": "minecraft:block/black_wool",
        "white": "minecraft:block/white_concrete",
        "logo": "vehicle:model/cray_industries",
        "detail": "minecraft:block/anvil",
        "body": "minecraft:block/white_concrete"
    },
    "elements": [
        {
            "from": [ 0, 2, -5 ], 
            "to": [ 16, 4, 11 ], 
            "faces": {
                "east": { "texture": "#white", "uv": [ 0, 0, 16, 2 ] },
                "west": { "texture": "#white", "uv": [ 0, 0, 16, 2 ] },
                "up": { "texture": "#white", "uv": [ 0, 0, 16, 16 ] },
                "down": { "texture": "#white", "uv": [ 0, 0, 16, 16 ] }
            }
        },
        {
            "from": [ 0, 2, 11 ], 
            "to": [ 16, 4, 20 ], 
            "faces": {
                "east": { "texture": "#white", "uv": [ 0, 0, 9, 2 ] },
                "west": { "texture": "#white", "uv": [ 0, 0, 9, 2 ] },
                "up": { "texture": "#white", "uv": [ 0, 0, 16, 9 ] },
                "down": { "texture": "#white", "uv": [ 0, 0, 16, 9 ] }
            }
        },
        {
            "from": [ 0, 2, 20 ], 
            "to": [ 5, 4, 29 ], 
            "rotation": { "origin": [ 0.0, 4.0, 20.0 ], "axis": "y", "angle": 22.5 },
            "faces": {
                "south": { "texture": "#white", "uv": [ 0, 0, 5, 2 ] },
                "west": { "texture": "#white", "uv": [ 0, 0, 9, 2 ] },
                "up": { "texture": "#white", "uv": [ 0, 0, 5, 9 ] },
                "down": { "texture": "#white", "uv": [ 0, 0, 5, 9 ] }
            }
        },
        {
            "from": [ 11, 2, 20 ], 
            "to": [ 16, 4, 29 ], 
            "rotation": { "origin": [ 16.0, 4.0, 20.0 ], "axis": "y", "angle": -22.5 },
            "faces": {
                "east": { "texture": "#white", "uv": [ 0, 0, 9, 2 ] },
                "south": { "texture": "#white", "uv": [ 0, 0, 5, 2 ] },
                "up": { "texture": "#white", "uv": [ 0, 0, 5, 9 ] },
                "down": { "texture": "#white", "uv": [ 0, 0, 5, 9 ] }
            }
        },
        {
            "from": [ 3.5, 2, 20 ], 
            "to": [ 12.5, 4, 28.3 ], 
            "faces": {
                "east": { "texture": "#white", "uv": [ 0, 0, 8.3, 2 ] },
                "south": { "texture": "#white", "uv": [ 0, 0, 9, 2 ] },
                "west": { "texture": "#white", "uv": [ 0, 0, 8.3, 2 ] },
                "up": { "texture": "#white", "uv": [ 0, 0, 9, 8.3 ] },
                "down": { "texture": "#white", "uv": [ 0, 0, 9, 8.3 ] }
            }
        },
        {
            "from": [ 2.5, 2, -7.5 ], 
            "to": [ 13.5, 4, -4 ], 
            "faces": {
                "north": { "texture": "#white", "uv": [ 0, 0, 11, 2 ] },
                "east": { "texture": "#white", "uv": [ 0, 0, 3.5, 2 ] },
                "west": { "texture": "#white", "uv": [ 0, 0, 3.5, 2 ] },
                "up": { "texture": "#white", "uv": [ 0, 0, 11, 3.5 ] },
                "down": { "texture": "#white", "uv": [ 0, 0, 11, 3.5 ] }
            }
        },
        {
            "from": [ 11, 2, -8.5 ], 
            "to": [ 16, 4, -5 ], 
            "rotation": { "origin": [ 16.0, 4.0, -5.0 ], "axis": "y", "angle": 45.0 },
            "faces": {
                "north": { "texture": "#white", "uv": [ 0, 0, 5, 2 ] },
                "east": { "texture": "#white", "uv": [ 0, 0, 3.5, 2 ] },
                "up": { "texture": "#white", "uv": [ 0, 0, 5, 3.5 ] },
                "down": { "texture": "#white", "uv": [ 0, 0, 5, 3.5 ] }
            }
        },
        {
            "from": [ 0, 2, -8.5 ], 
            "to": [ 5, 4, -5 ], 
            "rotation": { "origin": [ 0.0, 4.0, -5.0 ], "axis": "y", "angle": -45.0 },
            "faces": {
                "north": { "texture": "#white", "uv": [ 0, 0, 5, 2 ] },
                "west": { "texture": "#white", "uv": [ 0, 0, 3.5, 2 ] },
                "up": { "texture": "#white", "uv": [ 0, 0, 5, 3.5 ] },
                "down": { "texture": "#white", "uv": [ 0, 0, 5, 3.5 ] }
            }
        },
        {
            "from": [ 3, 4, 15 ], 
            "to": [ 13, 11.7, 18.2 ], 
            "faces": {
                "east": { "texture": "#body", "uv": [ 0, 0, 3.2, 7.7 ], "tintindex": 0 },
                "west": { "texture": "#body", "uv": [ 0, 0, 3.2, 7.7 ], "tintindex": 0 },
                "up": { "texture": "#body", "uv": [ 0, 0, 10, 3.2 ], "tintindex": 0 }
            }
        },
        {
            "from": [ 3, 7.5, 18.2 ], 
            "to": [ 13, 11.7, 26.1 ], 
            "rotation": { "origin": [ 8.0, 11.699999995529652, 18.19999998807907 ], "axis": "x", "angle": 45.0 },
            "faces": {
                "east": { "texture": "#body", "uv": [ 0, 0, 3.9, 2 ], "tintindex": 0 },
                "west": { "texture": "#body", "uv": [ 0, 0, 3.9, 2 ], "tintindex": 0 },
                "up": { "texture": "#body", "uv": [ 0, 0, 16, 3.9 ], "tintindex": 0 }
            }
        },
        {
            "from": [ 5, 6, 22.2 ], 
            "to": [ 11, 11, 28.2 ], 
            "rotation": { "origin": [ 8.0, 11.000000014901161, 22.200000002980232 ], "axis": "x", "angle": 45.0 },
            "faces": {
                "east": { "texture": "#body", "uv": [ 0, 0, 6, 5 ], "tintindex": 0 },
                "west": { "texture": "#body", "uv": [ 0, 0, 6, 5 ], "tintindex": 0 },
                "up": { "texture": "#body", "uv": [ 0, 0, 6, 6 ], "tintindex": 0 }
            }
        },
        {
            "from": [ 12, 4, 17.5 ], 
            "to": [ 16, 7, 26.5 ], 
            "rotation": { "origin": [ 16.0, 9.0, 17.50000000745058 ], "axis": "y", "angle": -22.5 },
            "faces": {
                "east": { "texture": "#white", "uv": [ 0, 0, 9, 3 ] },
                "up": { "texture": "#white", "uv": [ 0, 0, 4, 9 ] }
            }
        },
        {
            "from": [ 0, 4, 13 ], 
            "to": [ 16, 7, 17.5 ], 
            "faces": {
                "east": { "texture": "#white", "uv": [ 0, 0, 4.5, 3 ] },
                "west": { "texture": "#white", "uv": [ 0, 0, 4.5, 3 ] },
                "up": { "texture": "#white", "uv": [ 0, 0, 16, 4.5 ] }
            }
        },
        {
            "from": [ 0, 4, 17.5 ], 
            "to": [ 4, 7, 26.5 ], 
            "rotation": { "origin": [ 0.0, 9.0, 17.50000000745058 ], "axis": "y", "angle": 22.5 },
            "faces": {
                "west": { "texture": "#white", "uv": [ 0, 0, 9, 3 ] },
                "up": { "texture": "#white", "uv": [ 0, 0, 4, 9 ] }
            }
        },
        {
            "from": [ 3.4, 4, 25 ], 
            "to": [ 12.6, 7, 26 ], 
            "faces": {
                "east": { "texture": "#white", "uv": [ 0, 0, 1, 3 ] },
                "south": { "texture": "#white", "uv": [ 0, 0, 9.2, 3 ] },
                "west": { "texture": "#white", "uv": [ 0, 0, 1, 3 ] },
                "up": { "texture": "#white", "uv": [ 0, 0, 9.2, 1 ] }
            }
        },
        {
            "from": [ 4, 7.7, 18.2 ], 
            "to": [ 12, 11.7, 27.2 ], 
            "rotation": { "origin": [ 8.0, 11.699999995529652, 18.2 ], "axis": "x", "angle": 22.5 },
            "faces": {
                "east": { "texture": "#detail", "uv": [ 0, 0, 9, 4 ] },
                "south": { "texture": "#detail", "uv": [ 0, 0, 8, 4 ] },
                "west": { "texture": "#detail", "uv": [ 0, 0, 9, 4 ] },
                "up": { "texture": "#detail", "uv": [ 0, 0, 8, 9 ] }
            }
        },
        {
            "from": [ 0, 4.9, 8.5 ], 
            "to": [ 16, 7, 13 ], 
            "rotation": { "origin": [ 16.0, 6.999999985098839, 13.0 ], "axis": "x", "angle": -45.0 },
            "faces": {
                "east": { "texture": "#white", "uv": [ 0, 0, 4.5, 2.1 ] },
                "west": { "texture": "#white", "uv": [ 0, 0, 4.5, 2.1 ] },
                "up": { "texture": "#white", "uv": [ 0, 0, 16, 4.5 ] }
            }
        },
        {
            "from": [ 3, 8, 3.2 ], 
            "to": [ 13, 11.7, 15 ], 
            "rotation": { "origin": [ 8.0, 11.699999995529652, 15.0 ], "axis": "x", "angle": -45.0 },
            "faces": {
                "east": { "texture": "#body", "uv": [ 0, 0, 11.8, 3.7 ], "tintindex": 0 },
                "west": { "texture": "#body", "uv": [ 0, 0, 11.8, 3.7 ], "tintindex": 0 },
                "up": { "texture": "#body", "uv": [ 0, 0, 10, 11.8 ], "tintindex": 0 }
            }
        },
        {
            "from": [ 1, -2, -2 ], 
            "to": [ 15, 2, 12.5 ], 
            "faces": {
                "east": { "texture": "#white", "uv": [ 0, 0, 14.5, 4 ] },
                "west": { "texture": "#white", "uv": [ 0, 0, 14.5, 4 ] },
                "down": { "texture": "#white", "uv": [ 0, 0, 14, 14.5 ] }
            }
        },
        {
            "from": [ 3, -2, 12.5 ], 
            "to": [ 13, 2, 17.5 ], 
            "faces": {
                "east": { "texture": "#white", "uv": [ 0, 0, 5, 4 ] },
                "west": { "texture": "#white", "uv": [ 0, 0, 5, 4 ] },
                "down": { "texture": "#white", "uv": [ 0, 0, 10, 5 ] }
            }
        },
        {
            "from": [ 3, -2, 17.5 ], 
            "to": [ 13, 0.2, 28 ], 
            "rotation": { "origin": [ 8.0, -2.0, 17.49999999254942 ], "axis": "x", "angle": -22.5 },
            "faces": {
                "east": { "texture": "#white", "uv": [ 0, 0, 10.5, 2.2 ] },
                "west": { "texture": "#white", "uv": [ 0, 0, 10.5, 2.2 ] },
                "down": { "texture": "#white", "uv": [ 0, 0, 10, 10.5 ] }
            }
        },
        {
            "from": [ 1, -2, 12.5 ], 
            "to": [ 15, 0, 23 ], 
            "rotation": { "origin": [ 8.0, -2.0, 12.49999999254942 ], "axis": "x", "angle": -22.5 },
            "faces": {
                "east": { "texture": "#white", "uv": [ 0, 0, 10.5, 2 ] },
                "west": { "texture": "#white", "uv": [ 0, 0, 10.5, 2 ] },
                "down": { "texture": "#white", "uv": [ 0, 0, 14, 10.5 ] }
            }
        },
        {
            "from": [ 1, -2, -4 ], 
            "to": [ 15, 2, -2 ], 
            "faces": {
                "east": { "texture": "#white", "uv": [ 0, 0, 2, 4 ] },
                "west": { "texture": "#white", "uv": [ 0, 0, 2, 4 ] },
                "down": { "texture": "#white", "uv": [ 0, 0, 14, 2 ] }
            }
        },
        {
            "from": [ 1, -2, -4 ], 
            "to": [ 15, 2.4, -2 ], 
            "rotation": { "origin": [ 8.0, -2.0, -4.0 ], "axis": "x", "angle": -22.5 },
            "faces": {
                "north": { "texture": "#white", "uv": [ 0, 0, 14, 4.4 ] },
                "east": { "texture": "#white", "uv": [ 0, 0, 2, 4.4 ] },
                "west": { "texture": "#white", "uv": [ 0, 0, 2, 4.4 ] }
            }
        },
        {
            "from": [ 4, 4, -6 ], 
            "to": [ 12, 7.5, 10 ], 
            "faces": {
                "north": { "texture": "#detail", "uv": [ 0, 0, 8, 3.5 ] },
                "east": { "texture": "#detail", "uv": [ 0, 0, 16, 3.5 ] },
                "west": { "texture": "#detail", "uv": [ 0, 0, 16, 3.5 ] },
                "up": { "texture": "#detail", "uv": [ 0, 0, 8, 16 ] }
            }
        },
        {
            "from": [ 5, 7, -5 ], 
            "to": [ 11, 9, 11 ], 
            "faces": {
                "north": { "texture": "#body", "uv": [ 0, 0, 6, 2 ], "tintindex": 0 },
                "east": { "texture": "#body", "uv": [ 0, 0, 16, 2 ], "tintindex": 0 },
                "west": { "texture": "#body", "uv": [ 0, 0, 16, 2 ], "tintindex": 0 },
                "up": { "texture": "#body", "uv": [ 0, 0, 6, 16 ], "tintindex": 0 }
            }
        },
        {
            "from": [ 4, 4, 10 ], 
            "to": [ 12, 7.5, 12 ], 
            "faces": {
                "east": { "texture": "#detail", "uv": [ 0, 0, 2, 3.5 ] },
                "west": { "texture": "#detail", "uv": [ 0, 0, 2, 3.5 ] },
                "up": { "texture": "#detail", "uv": [ 0, 10, 8, 12 ] }
            }
        },
        {
            "from": [ 5, 9, -4 ], 
            "to": [ 11, 9.5, 11 ], 
            "faces": {
                "north": { "texture": "#seat", "uv": [ 0, 0, 6, 0.5 ] },
                "east": { "texture": "#seat", "uv": [ 0, 0, 15, 0.5 ] },
                "south": { "texture": "#seat", "uv": [ 0, 0, 6, 0.5 ] },
                "west": { "texture": "#seat", "uv": [ 0, 0, 14, 0.5 ] },
                "up": { "texture": "#seat", "uv": [ 0, 0, 6, 15 ] }
            }
        },
        {
            "from": [ 5, 7, 11 ], 
            "to": [ 11, 9, 14 ], 
            "faces": {
                "east": { "texture": "#body", "uv": [ 0, 0, 3, 2 ], "tintindex": 0 },
                "west": { "texture": "#body", "uv": [ 0, 0, 3, 2 ], "tintindex": 0 },
                "up": { "texture": "#body", "uv": [ 0, 0, 6, 3 ], "tintindex": 0 }
            }
        },
        {
            "from": [ 5, 10, 19.2 ], 
            "to": [ 11, 11, 22.2 ], 
            "faces": {
                "east": { "texture": "#body", "uv": [ 0, 0, 3, 1 ], "tintindex": 0 },
                "west": { "texture": "#body", "uv": [ 0, 0, 3, 1 ], "tintindex": 0 },
                "up": { "texture": "#body", "uv": [ 0, 0, 6, 3 ], "tintindex": 0 }
            }
        },
        {
            "from": [ 1, 0, 12.5 ], 
            "to": [ 15, 2, 18.5 ], 
            "rotation": { "origin": [ 8.0, -2.0, 12.49999999254942 ], "axis": "x", "angle": -22.5 },
            "faces": {
                "east": { "texture": "#white", "uv": [ 0, 0, 6, 2 ] },
                "west": { "texture": "#white", "uv": [ 0, 0, 6, 2 ] }
            }
        },
        {
            "from": [ 4, 3.5, 24.3 ], 
            "to": [ 12, 8.2, 26.5 ], 
            "rotation": { "origin": [ 7.100000001490116, 8.199999988079071, 26.500000004470348 ], "axis": "x", "angle": -22.5 },
            "faces": {
                "east": { "texture": "#detail", "uv": [ 0, 0, 2.2, 4.7 ] },
                "south": { "texture": "#detail", "uv": [ 0, 0, 8, 4.7 ] },
                "west": { "texture": "#detail", "uv": [ 0, 0, 2.2, 4.7 ] },
                "up": { "texture": "#detail", "uv": [ 0, 0, 8, 2.2 ] }
            }
        },
        {
            "from": [ 3.4, 3, 24.8 ], 
            "to": [ 12.6, 7, 26 ], 
            "rotation": { "origin": [ 12.0, 7.0, 26.0 ], "axis": "x", "angle": -22.5 },
            "faces": {
                "east": { "texture": "#white", "uv": [ 0, 0, 1.2, 4 ] },
                "south": { "texture": "#white", "uv": [ 0, 0, 9.2, 4 ] },
                "west": { "texture": "#white", "uv": [ 0, 0, 1.2, 4 ] }
            }
        },
        {
            "from": [ 6.7, -1.3, -6 ], 
            "to": [ 9.3, -0.5, -3 ], 
            "faces": {
                "north": { "texture": "#detail", "uv": [ 0, 0, 2.6, 0.8 ] },
                "east": { "texture": "#detail", "uv": [ 0, 0, 3, 0.8 ] },
                "west": { "texture": "#detail", "uv": [ 0, 0, 3, 0.8 ] },
                "up": { "texture": "#detail", "uv": [ 0, 0, 2.6, 3 ] },
                "down": { "texture": "#detail", "uv": [ 0, 0, 2.6, 3 ] }
            }
        },
        {
            "from": [ 6.7, 0.5, -6 ], 
            "to": [ 9.3, 1.3, -3 ], 
            "faces": {
                "north": { "texture": "#detail", "uv": [ 0, 0, 2.6, 0.8 ] },
                "east": { "texture": "#detail", "uv": [ 0, 0, 3, 0.8 ] },
                "west": { "texture": "#detail", "uv": [ 0, 0, 3, 0.8 ] },
                "up": { "texture": "#detail", "uv": [ 0, 0, 2.6, 3 ] },
                "down": { "texture": "#detail", "uv": [ 0, 0, 2.6, 3 ] }
            }
        },
        {
            "from": [ 6.7, -0.5, -6 ], 
            "to": [ 7.5, 0.5, -3 ], 
            "faces": {
                "north": { "texture": "#detail", "uv": [ 0, 0, 0.8, 1 ] },
                "east": { "texture": "#detail", "uv": [ 0, 0, 3, 1 ] },
                "west": { "texture": "#detail", "uv": [ 0, 0, 3, 1 ] }
            }
        },
        {
            "from": [ 8.5, -0.5, -6 ], 
            "to": [ 9.3, 0.5, -3 ], 
            "faces": {
                "north": { "texture": "#detail", "uv": [ 0, 0, 0.8, 1 ] },
                "east": { "texture": "#detail", "uv": [ 0, 0, 3, 1 ] },
                "west": { "texture": "#detail", "uv": [ 0, 0, 3, 1 ] }
            }
        },
        {
            "from": [ 7.5, -0.5, -5.1 ], 
            "to": [ 8.5, 0.5, -2.1 ], 
            "faces": {
                "north": { "texture": "#seat", "uv": [ 0, 0, 1, 1 ] },
                "east": { "texture": "#seat", "uv": [ 0, 0, 3, 1 ] },
                "west": { "texture": "#seat", "uv": [ 0, 0, 3, 1 ] }
            }
        },
        {
            "from": [ 0.9, -0.5, -2 ], 
            "to": [ 1.9, 1.5, 5 ], 
            "faces": {
                "west": { "texture": "#logo", "uv": [ 0, 0, 14, 4 ] }
            }
        },
        {
            "from": [ 0.9, -0.5, 6 ], 
            "to": [ 1.9, 1.5, 13 ], 
            "faces": {
                "west": { "texture": "#logo", "uv": [ 0, 4, 14, 8 ] }
            }
        },
        {
            "from": [ 14.1, -0.5, 5 ], 
            "to": [ 15.1, 1.5, 12 ], 
            "faces": {
                "east": { "texture": "#logo", "uv": [ 0, 0, 14, 4 ] }
            }
        },
        {
            "from": [ 14.1, -0.5, -3 ], 
            "to": [ 15.1, 1.5, 4 ], 
            "faces": {
                "east": { "texture": "#logo", "uv": [ 0, 4, 14, 8 ] }
            }
        }
    ]
}