{
    "__comment": "Model generated using MrCrayfish's Model Creator (https://mrcrayfish.com/tools?id=mc)",
    "textures": {
        "detail": "minecraft:block/anvil",
        "inner": "minecraft:block/black_concrete",
        "base": "minecraft:block/white_concrete"
    },
    "elements": [
        {
            "from": [ 6, 8, 7 ], 
            "to": [ 7, 8.5, 9 ], 
            "faces": {
                "north": { "texture": "#base", "uv": [ 0, 0, 1, 0.5 ], "tintindex": 0 },
                "east": { "texture": "#base", "uv": [ 0, 0, 2, 0.5 ], "tintindex": 0 },
                "south": { "texture": "#base", "uv": [ 0, 0, 1, 0.5 ], "tintindex": 0 },
                "west": { "texture": "#base", "uv": [ 0, 0, 2, 0.5 ], "tintindex": 0 },
                "up": { "texture": "#base", "uv": [ 0, 0, 1, 2 ], "tintindex": 0 }
            }
        },
        {
            "from": [ 9, 8, 7 ], 
            "to": [ 10, 8.5, 9 ], 
            "faces": {
                "north": { "texture": "#base", "uv": [ 0, 0, 1, 0.5 ], "tintindex": 0 },
                "east": { "texture": "#base", "uv": [ 0, 0, 2, 0.5 ], "tintindex": 0 },
                "south": { "texture": "#base", "uv": [ 0, 0, 1, 0.5 ], "tintindex": 0 },
                "west": { "texture": "#base", "uv": [ 0, 0, 2, 0.5 ], "tintindex": 0 },
                "up": { "texture": "#base", "uv": [ 0, 0, 1, 2 ], "tintindex": 0 }
            }
        },
        {
            "from": [ 7, 8, 6 ], 
            "to": [ 9, 8.5, 7 ], 
            "faces": {
                "north": { "texture": "#base", "uv": [ 0, 0, 2, 0.5 ], "tintindex": 0 },
                "east": { "texture": "#base", "uv": [ 0, 0, 1, 0.5 ], "tintindex": 0 },
                "south": { "texture": "#base", "uv": [ 0, 0, 2, 0.5 ], "tintindex": 0 },
                "west": { "texture": "#base", "uv": [ 0, 0, 1, 0.5 ], "tintindex": 0 },
                "up": { "texture": "#base", "uv": [ 0, 0, 2, 1 ], "tintindex": 0 }
            }
        },
        {
            "from": [ 7, 8, 9 ], 
            "to": [ 9, 8.5, 10 ], 
            "faces": {
                "north": { "texture": "#base", "uv": [ 0, 0, 2, 0.5 ], "tintindex": 0 },
                "east": { "texture": "#base", "uv": [ 0, 0, 1, 0.5 ], "tintindex": 0 },
                "south": { "texture": "#base", "uv": [ 0, 0, 2, 0.5 ], "tintindex": 0 },
                "west": { "texture": "#base", "uv": [ 0, 0, 1, 0.5 ], "tintindex": 0 },
                "up": { "texture": "#base", "uv": [ 0, 0, 2, 1 ], "tintindex": 0 }
            }
        },
        {
            "from": [ 9, 8, 9 ], 
            "to": [ 10.4, 8.5, 10 ], 
            "rotation": { "origin": [ 9.0, 8.0, 10.0 ], "axis": "y", "angle": 45.0 },
            "faces": {
                "north": { "texture": "#base", "uv": [ 0, 0, 1.4, 0.5 ], "tintindex": 0 },
                "east": { "texture": "#base", "uv": [ 0, 0, 1, 0.5 ], "tintindex": 0 },
                "south": { "texture": "#base", "uv": [ 0, 0, 1.4, 0.5 ], "tintindex": 0 },
                "west": { "texture": "#base", "uv": [ 0, 0, 1, 0.5 ], "tintindex": 0 },
                "up": { "texture": "#base", "uv": [ 0, 0, 1.4, 1 ], "tintindex": 0 }
            }
        },
        {
            "from": [ 5.6, 8, 9 ], 
            "to": [ 7, 8.5, 10 ], 
            "rotation": { "origin": [ 7.0, 8.0, 10.0 ], "axis": "y", "angle": -45.0 },
            "faces": {
                "north": { "texture": "#base", "uv": [ 0, 0, 1.4, 0.5 ], "tintindex": 0 },
                "east": { "texture": "#base", "uv": [ 0, 0, 1, 0.5 ], "tintindex": 0 },
                "south": { "texture": "#base", "uv": [ 0, 0, 1.4, 0.5 ], "tintindex": 0 },
                "west": { "texture": "#base", "uv": [ 0, 0, 1, 0.5 ], "tintindex": 0 },
                "up": { "texture": "#base", "uv": [ 0, 0, 1.4, 1 ], "tintindex": 0 }
            }
        },
        {
            "from": [ 9, 8, 6 ], 
            "to": [ 10.4, 8.5, 7 ], 
            "rotation": { "origin": [ 9.0, 8.0, 6.0 ], "axis": "y", "angle": -45.0 },
            "faces": {
                "north": { "texture": "#base", "uv": [ 0, 0, 1.4, 0.5 ], "tintindex": 0 },
                "east": { "texture": "#base", "uv": [ 0, 0, 1, 0.5 ], "tintindex": 0 },
                "south": { "texture": "#base", "uv": [ 0, 0, 1.4, 0.5 ], "tintindex": 0 },
                "west": { "texture": "#base", "uv": [ 0, 0, 1, 0.5 ], "tintindex": 0 },
                "up": { "texture": "#base", "uv": [ 0, 0, 1.4, 1 ], "tintindex": 0 }
            }
        },
        {
            "from": [ 5.6, 8, 6 ], 
            "to": [ 7, 8.5, 7 ], 
            "rotation": { "origin": [ 7.0, 8.0, 6.0 ], "axis": "y", "angle": 45.0 },
            "faces": {
                "north": { "texture": "#base", "uv": [ 0, 0, 1.4, 0.5 ], "tintindex": 0 },
                "east": { "texture": "#base", "uv": [ 0, 0, 1, 0.5 ], "tintindex": 0 },
                "south": { "texture": "#base", "uv": [ 0, 0, 1.4, 0.5 ], "tintindex": 0 },
                "west": { "texture": "#base", "uv": [ 0, 0, 1, 0.5 ], "tintindex": 0 },
                "up": { "texture": "#base", "uv": [ 0, 0, 1.4, 1 ], "tintindex": 0 }
            }
        },
        {
            "from": [ 7, 8, 7 ], 
            "to": [ 7.7, 8.4, 9 ], 
            "faces": {
                "east": { "texture": "#detail", "uv": [ 0, 0, 2, 0.4 ] },
                "up": { "texture": "#detail", "uv": [ 0, 0, 0.7, 2 ] }
            }
        },
        {
            "from": [ 8.3, 8, 7 ], 
            "to": [ 9, 8.4, 9 ], 
            "faces": {
                "west": { "texture": "#detail", "uv": [ 0, 0, 2, 0.4 ] },
                "up": { "texture": "#detail", "uv": [ 0, 0, 0.7, 2 ] }
            }
        },
        {
            "from": [ 7.7, 8, 7 ], 
            "to": [ 8.3, 8.3, 9 ], 
            "faces": {
                "up": { "texture": "#inner", "uv": [ 0, 0, 0.6, 2 ] }
            }
        }
    ]
}