{
    "__comment": "Model generated using MrCrayfish's Model Creator (https://mrcrayfish.com/tools?id=mc)",
    "textures": {
        "seat": "minecraft:block/black_wool",
        "axel": "minecraft:block/light_gray_concrete",
        "blade_cover": "minecraft:block/black_concrete",
        "logo": "vehicle:model/cray_industries",
        "body": "minecraft:block/white_concrete"
    },
    "elements": [
        {
            "from": [ 4, 2, 7 ], 
            "to": [ 12, 5, 23 ], 
            "faces": {
                "east": { "texture": "#blade_cover", "uv": [ 0, 0, 16, 3 ] },
                "south": { "texture": "#blade_cover", "uv": [ 0, 0, 8, 3 ] },
                "west": { "texture": "#blade_cover", "uv": [ 0, 0, 16, 3 ] },
                "up": { "texture": "#blade_cover", "uv": [ 0, 0, 8, 16 ] },
                "down": { "texture": "#blade_cover", "uv": [ 0, 0, 8, 16 ] }
            }
        },
        {
            "from": [ 4, 2, -5 ], 
            "to": [ 12, 5, 9 ], 
            "faces": {
                "north": { "texture": "#blade_cover", "uv": [ 0, 0, 8, 3 ] },
                "east": { "texture": "#blade_cover", "uv": [ 0, 0, 14, 3 ] },
                "west": { "texture": "#blade_cover", "uv": [ 0, 0, 14, 3 ] },
                "up": { "texture": "#blade_cover", "uv": [ 0, 0, 8, 14 ] },
                "down": { "texture": "#blade_cover", "uv": [ 0, 0, 8, 14 ] }
            }
        },
        {
            "from": [ 0, 0, 6.7 ], 
            "to": [ 16, 3, 13.3 ], 
            "faces": {
                "north": { "texture": "#blade_cover", "uv": [ 0, 0, 16, 3 ] },
                "east": { "texture": "#blade_cover", "uv": [ 0, 0, 6.6, 3 ] },
                "south": { "texture": "#blade_cover", "uv": [ 0, 0, 16, 3 ] },
                "west": { "texture": "#blade_cover", "uv": [ 0, 0, 6.6, 3 ] },
                "up": { "texture": "#blade_cover", "uv": [ 0, 0, 16, 6.6 ] },
                "down": { "texture": "#blade_cover", "uv": [ 0, 0, 16, 6.6 ] }
            }
        },
        {
            "from": [ 0, 0, 6.7 ], 
            "to": [ 16, 3, 13.3 ], 
            "rotation": { "origin": [ 8.0, 8.0, 10.0 ], "axis": "y", "angle": -45.0 },
            "faces": {
                "north": { "texture": "#blade_cover", "uv": [ 0, 0, 16, 3 ] },
                "east": { "texture": "#blade_cover", "uv": [ 0, 0, 6.6, 3 ] },
                "south": { "texture": "#blade_cover", "uv": [ 0, 0, 16, 3 ] },
                "west": { "texture": "#blade_cover", "uv": [ 0, 0, 6.6, 3 ] },
                "up": { "texture": "#blade_cover", "uv": [ 0, 0, 16, 6.6 ] },
                "down": { "texture": "#blade_cover", "uv": [ 0, 0, 16, 6.6 ] }
            }
        },
        {
            "from": [ 0, 0, 6.7 ], 
            "to": [ 16, 3, 13.3 ], 
            "rotation": { "origin": [ 8.0, 8.0, 10.0 ], "axis": "y", "angle": 45.0 },
            "faces": {
                "north": { "texture": "#blade_cover", "uv": [ 0, 0, 16, 3 ] },
                "east": { "texture": "#blade_cover", "uv": [ 0, 0, 6.6, 3 ] },
                "south": { "texture": "#blade_cover", "uv": [ 0, 0, 16, 3 ] },
                "west": { "texture": "#blade_cover", "uv": [ 0, 0, 6.6, 3 ] },
                "up": { "texture": "#blade_cover", "uv": [ 0, 0, 16, 6.6 ] },
                "down": { "texture": "#blade_cover", "uv": [ 0, 0, 16, 6.6 ] }
            }
        },
        {
            "from": [ 4.7, 0, 2 ], 
            "to": [ 11.3, 3, 18 ], 
            "faces": {
                "north": { "texture": "#blade_cover", "uv": [ 0, 0, 6.6, 3 ] },
                "east": { "texture": "#blade_cover", "uv": [ 0, 0, 16, 3 ] },
                "south": { "texture": "#blade_cover", "uv": [ 0, 0, 6.6, 3 ] },
                "west": { "texture": "#blade_cover", "uv": [ 0, 0, 16, 3 ] },
                "up": { "texture": "#blade_cover", "uv": [ 0, 0, 6.6, 16 ] },
                "down": { "texture": "#blade_cover", "uv": [ 0, 0, 6.6, 16 ] }
            }
        },
        {
            "from": [ 0.5, 3.5, 2.2 ], 
            "to": [ 15.5, 4.5, 7.7 ], 
            "faces": {
                "north": { "texture": "#body", "uv": [ 0, 0, 15, 1 ], "tintindex": 0 },
                "east": { "texture": "#body", "uv": [ 0, 0, 5.5, 1 ], "tintindex": 0 },
                "south": { "texture": "#body", "uv": [ 0, 0, 15, 1 ], "tintindex": 0 },
                "west": { "texture": "#body", "uv": [ 0, 0, 5.5, 1 ], "tintindex": 0 },
                "up": { "texture": "#body", "uv": [ 0, 0, 15, 5.5 ], "tintindex": 0 },
                "down": { "texture": "#body", "uv": [ 0, 0, 15, 5.5 ], "tintindex": 0 }
            }
        },
        {
            "from": [ 4, 3, -5 ], 
            "to": [ 12, 8, 2 ], 
            "faces": {
                "north": { "texture": "#blade_cover", "uv": [ 0, 0, 8, 5 ] },
                "east": { "texture": "#blade_cover", "uv": [ 0, 0, 7, 5 ] },
                "south": { "texture": "#blade_cover", "uv": [ 0, 0, 8, 5 ] },
                "west": { "texture": "#blade_cover", "uv": [ 0, 0, 7, 5 ] },
                "up": { "texture": "#blade_cover", "uv": [ 0, 0, 8, 7 ] }
            }
        },
        {
            "from": [ 0.5, 7.5, -4 ], 
            "to": [ 15.5, 9.5, 2 ], 
            "faces": {
                "north": { "texture": "#body", "uv": [ 0, 0, 15, 2 ], "tintindex": 0 },
                "east": { "texture": "#body", "uv": [ 0, 0, 6, 2 ], "tintindex": 0 },
                "south": { "texture": "#body", "uv": [ 0, 0, 15, 2 ], "tintindex": 0 },
                "west": { "texture": "#body", "uv": [ 0, 0, 6, 2 ], "tintindex": 0 },
                "up": { "texture": "#body", "uv": [ 0, 0, 15, 6 ], "tintindex": 0 },
                "down": { "texture": "#body", "uv": [ 0, 0, 15, 6 ], "tintindex": 0 }
            }
        },
        {
            "from": [ 0.5, 3.9, -0.1 ], 
            "to": [ 15.5, 9.5, 2 ], 
            "rotation": { "origin": [ 8.0, 9.49999999254942, 2.0 ], "axis": "x", "angle": -22.5 },
            "faces": {
                "north": { "texture": "#body", "uv": [ 0, 0, 15, 5.6 ], "tintindex": 0 },
                "east": { "texture": "#body", "uv": [ 0, 0, 2.1, 5.6 ], "tintindex": 0 },
                "south": { "texture": "#body", "uv": [ 0, 0, 15, 5.6 ], "tintindex": 0 },
                "west": { "texture": "#body", "uv": [ 0, 0, 2.1, 5.6 ], "tintindex": 0 },
                "up": { "texture": "#body", "uv": [ 0, 0, 15, 2.1 ], "tintindex": 0 },
                "down": { "texture": "#body", "uv": [ 0, 0, 15, 2.1 ], "tintindex": 0 }
            }
        },
        {
            "from": [ 3.5, 3.5, 3 ], 
            "to": [ 12.5, 6, 15 ], 
            "faces": {
                "north": { "texture": "#body", "uv": [ 0, 0, 9, 2.5 ], "tintindex": 0 },
                "east": { "texture": "#body", "uv": [ 0, 0, 12, 2.5 ], "tintindex": 0 },
                "west": { "texture": "#body", "uv": [ 0, 0, 12, 2.5 ], "tintindex": 0 },
                "up": { "texture": "#body", "uv": [ 0, 0, 9, 12 ], "tintindex": 0 },
                "down": { "texture": "#body", "uv": [ 0, 0, 9, 12 ], "tintindex": 0 }
            }
        },
        {
            "from": [ 5.5, 9.5, -3.5 ], 
            "to": [ 10.5, 10, 1.5 ], 
            "faces": {
                "north": { "texture": "#axel", "uv": [ 0, 0, 5, 0.5 ] },
                "east": { "texture": "#axel", "uv": [ 0, 0, 5, 0.5 ] },
                "south": { "texture": "#axel", "uv": [ 0, 0, 5, 0.5 ] },
                "west": { "texture": "#axel", "uv": [ 0, 0, 5, 0.5 ] }
            }
        },
        {
            "from": [ 0.5, 3.5, 7.7 ], 
            "to": [ 3.5, 4.5, 12.2 ], 
            "rotation": { "origin": [ 0.5000000074505806, 4.0, 7.699999995529652 ], "axis": "y", "angle": 45.0 },
            "faces": {
                "north": { "texture": "#body", "uv": [ 0, 0, 3, 1 ], "tintindex": 0 },
                "east": { "texture": "#body", "uv": [ 0, 0, 4.5, 1 ], "tintindex": 0 },
                "south": { "texture": "#body", "uv": [ 0, 0, 3, 1 ], "tintindex": 0 },
                "west": { "texture": "#body", "uv": [ 0, 0, 4.5, 1 ], "tintindex": 0 },
                "up": { "texture": "#body", "uv": [ 0, 0, 3, 4.5 ], "tintindex": 0 },
                "down": { "texture": "#body", "uv": [ 0, 0, 3, 4.5 ], "tintindex": 0 }
            }
        },
        {
            "from": [ 12.5, 3.5, 7.7 ], 
            "to": [ 15.5, 4.5, 12.2 ], 
            "rotation": { "origin": [ 15.50000000745058, 4.0, 7.699999995529652 ], "axis": "y", "angle": -45.0 },
            "faces": {
                "north": { "texture": "#body", "uv": [ 0, 0, 3, 1 ], "tintindex": 0 },
                "east": { "texture": "#body", "uv": [ 0, 0, 4.5, 1 ], "tintindex": 0 },
                "south": { "texture": "#body", "uv": [ 0, 0, 3, 1 ], "tintindex": 0 },
                "west": { "texture": "#body", "uv": [ 0, 0, 4.5, 1 ], "tintindex": 0 },
                "up": { "texture": "#body", "uv": [ 0, 0, 3, 4.5 ], "tintindex": 0 },
                "down": { "texture": "#body", "uv": [ 0, 0, 3, 4.5 ], "tintindex": 0 }
            }
        },
        {
            "from": [ 3.5, 3.5, 10 ], 
            "to": [ 12.5, 11, 21 ], 
            "faces": {
                "north": { "texture": "#body", "uv": [ 0, 0, 9, 7.5 ], "tintindex": 0 },
                "east": { "texture": "#body", "uv": [ 0, 0, 11, 7.5 ], "tintindex": 0 },
                "south": { "texture": "#body", "uv": [ 0, 0, 9, 7.5 ], "tintindex": 0 },
                "west": { "texture": "#body", "uv": [ 0, 0, 11, 7.5 ], "tintindex": 0 },
                "up": { "texture": "#body", "uv": [ 0, 0, 9, 11 ], "tintindex": 0 },
                "down": { "texture": "#body", "uv": [ 0, 0, 9, 11 ], "tintindex": 0 }
            }
        },
        {
            "from": [ 3.5, 3.5, 21 ], 
            "to": [ 12.5, 9, 24 ], 
            "faces": {
                "east": { "texture": "#body", "uv": [ 0, 0, 3, 5.5 ], "tintindex": 0 },
                "south": { "texture": "#body", "uv": [ 0, 0, 9, 5.5 ], "tintindex": 0 },
                "west": { "texture": "#body", "uv": [ 0, 0, 3, 5.5 ], "tintindex": 0 },
                "up": { "texture": "#body", "uv": [ 0, 0, 9, 3 ], "tintindex": 0 },
                "down": { "texture": "#body", "uv": [ 0, 0, 9, 3 ], "tintindex": 0 }
            }
        },
        {
            "from": [ 3.5, 9, 20 ], 
            "to": [ 12.5, 11.5, 24 ], 
            "rotation": { "origin": [ 8.0, 9.0, 24.0 ], "axis": "x", "angle": -45.0 },
            "faces": {
                "north": { "texture": "#body", "uv": [ 0, 0, 9, 2.5 ], "tintindex": 0 },
                "east": { "texture": "#body", "uv": [ 0, 0, 4, 2.5 ], "tintindex": 0 },
                "south": { "texture": "#body", "uv": [ 0, 0, 9, 2.5 ], "tintindex": 0 },
                "west": { "texture": "#body", "uv": [ 0, 0, 4, 2.5 ], "tintindex": 0 },
                "up": { "texture": "#body", "uv": [ 0, 0, 9, 4 ], "tintindex": 0 },
                "down": { "texture": "#body", "uv": [ 0, 0, 9, 4 ], "tintindex": 0 }
            }
        },
        {
            "from": [ 3.5, 11, 10 ], 
            "to": [ 12.5, 12.5, 18 ], 
            "faces": {
                "north": { "texture": "#body", "uv": [ 0, 0, 9, 1.5 ], "tintindex": 0 },
                "east": { "texture": "#body", "uv": [ 0, 0, 8, 1.5 ], "tintindex": 0 },
                "south": { "texture": "#body", "uv": [ 0, 0, 9, 1.5 ], "tintindex": 0 },
                "west": { "texture": "#body", "uv": [ 0, 0, 8, 1.5 ], "tintindex": 0 },
                "up": { "texture": "#body", "uv": [ 0, 0, 9, 8 ], "tintindex": 0 }
            }
        },
        {
            "from": [ 3.5, 11, 18 ], 
            "to": [ 12.5, 12.5, 22.6 ], 
            "rotation": { "origin": [ 8.0, 12.49999999254942, 18.0 ], "axis": "x", "angle": 22.5 },
            "faces": {
                "north": { "texture": "#body", "uv": [ 0, 0, 9, 1.5 ], "tintindex": 0 },
                "east": { "texture": "#body", "uv": [ 0, 0, 4.6, 1.5 ], "tintindex": 0 },
                "south": { "texture": "#body", "uv": [ 0, 0, 9, 1.5 ], "tintindex": 0 },
                "west": { "texture": "#body", "uv": [ 0, 0, 4.6, 1.5 ], "tintindex": 0 },
                "up": { "texture": "#body", "uv": [ 0, 0, 9, 4.6 ], "tintindex": 0 },
                "down": { "texture": "#body", "uv": [ 0, 0, 9, 4.6 ], "tintindex": 0 }
            }
        },
        {
            "from": [ 3, 1.9, -3.5 ], 
            "to": [ 13, 3.6, -1.9 ], 
            "faces": {
                "north": { "texture": "#axel", "uv": [ 0, 0, 10, 1.6 ] },
                "east": { "texture": "#axel", "uv": [ 0, 0, 1.6, 1.6 ] },
                "south": { "texture": "#axel", "uv": [ 0, 0, 10, 1.6 ] },
                "west": { "texture": "#axel", "uv": [ 0, 0, 1.6, 1.6 ] },
                "up": { "texture": "#axel", "uv": [ 0, 0, 10, 1.6 ] },
                "down": { "texture": "#axel", "uv": [ 0, 0, 10, 1.6 ] }
            }
        },
        {
            "from": [ 2, 1.5, 21 ], 
            "to": [ 14, 2.5, 22 ], 
            "faces": {
                "north": { "texture": "#axel", "uv": [ 0, 0, 12, 1 ] },
                "east": { "texture": "#axel", "uv": [ 0, 0, 1, 1 ] },
                "south": { "texture": "#axel", "uv": [ 0, 0, 12, 1 ] },
                "west": { "texture": "#axel", "uv": [ 0, 0, 1, 1 ] },
                "up": { "texture": "#axel", "uv": [ 0, 0, 12, 1 ] },
                "down": { "texture": "#axel", "uv": [ 0, 0, 12, 1 ] }
            }
        },
        {
            "from": [ 4, 6, 8 ], 
            "to": [ 12, 9.5, 10 ], 
            "faces": {
                "north": { "texture": "#blade_cover", "uv": [ 0, 0, 8, 3.5 ] },
                "east": { "texture": "#blade_cover", "uv": [ 0, 0, 2, 3.5 ] },
                "west": { "texture": "#blade_cover", "uv": [ 0, 0, 2, 3.5 ] },
                "up": { "texture": "#blade_cover", "uv": [ 0, 0, 8, 2 ] }
            }
        },
        {
            "from": [ 4, 9.5, 8 ], 
            "to": [ 12, 12.3, 10 ], 
            "rotation": { "origin": [ 8.0, 9.50000000745058, 8.0 ], "axis": "x", "angle": 45.0 },
            "faces": {
                "north": { "texture": "#blade_cover", "uv": [ 0, 0, 8, 2.8 ] },
                "east": { "texture": "#blade_cover", "uv": [ 0, 0, 2, 2.8 ] },
                "south": { "texture": "#blade_cover", "uv": [ 0, 0, 8, 2.8 ] },
                "west": { "texture": "#blade_cover", "uv": [ 0, 0, 2, 2.8 ] },
                "up": { "texture": "#blade_cover", "uv": [ 0, 0, 8, 2 ] },
                "down": { "texture": "#blade_cover", "uv": [ 0, 0, 8, 2 ] }
            }
        },
        {
            "from": [ 2.5, 7.5, -6 ], 
            "to": [ 13.5, 9.5, -4 ], 
            "faces": {
                "north": { "texture": "#body", "uv": [ 0, 0, 11, 2 ], "tintindex": 0 },
                "east": { "texture": "#body", "uv": [ 0, 0, 2, 2 ], "tintindex": 0 },
                "west": { "texture": "#body", "uv": [ 0, 0, 2, 2 ], "tintindex": 0 },
                "up": { "texture": "#body", "uv": [ 0, 0, 11, 2 ], "tintindex": 0 },
                "down": { "texture": "#body", "uv": [ 0, 0, 11, 2 ], "tintindex": 0 }
            }
        },
        {
            "from": [ 13.5, 7.5, -6 ], 
            "to": [ 16.3, 9.5, -4 ], 
            "rotation": { "origin": [ 13.50000000745058, 8.0, -6.0 ], "axis": "y", "angle": -45.0 },
            "faces": {
                "north": { "texture": "#body", "uv": [ 0, 0, 2.8, 2 ], "tintindex": 0 },
                "east": { "texture": "#body", "uv": [ 0, 0, 2, 2 ], "tintindex": 0 },
                "south": { "texture": "#body", "uv": [ 0, 0, 2.8, 2 ], "tintindex": 0 },
                "west": { "texture": "#body", "uv": [ 0, 0, 2, 2 ], "tintindex": 0 },
                "up": { "texture": "#body", "uv": [ 0, 0, 2.8, 2 ], "tintindex": 0 },
                "down": { "texture": "#body", "uv": [ 0, 0, 2.8, 2 ], "tintindex": 0 }
            }
        },
        {
            "from": [ -0.3, 7.5, -6 ], 
            "to": [ 2.5, 9.5, -4 ], 
            "rotation": { "origin": [ 2.4999999925494194, 8.0, -6.000000014901161 ], "axis": "y", "angle": 45.0 },
            "faces": {
                "north": { "texture": "#body", "uv": [ 0, 0, 2.8, 2 ], "tintindex": 0 },
                "east": { "texture": "#body", "uv": [ 0, 0, 2, 2 ], "tintindex": 0 },
                "south": { "texture": "#body", "uv": [ 0, 0, 2.8, 2 ], "tintindex": 0 },
                "west": { "texture": "#body", "uv": [ 0, 0, 2, 2 ], "tintindex": 0 },
                "up": { "texture": "#body", "uv": [ 0, 0, 2.8, 2 ], "tintindex": 0 },
                "down": { "texture": "#body", "uv": [ 0, 0, 2.8, 2 ], "tintindex": 0 }
            }
        },
        {
            "from": [ 7.5, 10, 9 ], 
            "to": [ 8.5, 15, 10 ], 
            "rotation": { "origin": [ 8.0, 10.0, 9.0 ], "axis": "x", "angle": -45.0 },
            "faces": {
                "north": { "texture": "#axel", "uv": [ 0, 0, 1, 5 ] },
                "east": { "texture": "#axel", "uv": [ 0, 0, 1, 5 ] },
                "south": { "texture": "#axel", "uv": [ 0, 0, 1, 5 ] },
                "west": { "texture": "#axel", "uv": [ 0, 0, 1, 5 ] },
                "up": { "texture": "#axel", "uv": [ 0, 0, 1, 1 ] },
                "down": { "texture": "#axel", "uv": [ 0, 0, 1, 1 ] }
            }
        },
        {
            "from": [ 4.5, 10, -4.5 ], 
            "to": [ 11.5, 11.5, 2.5 ], 
            "faces": {
                "north": { "texture": "#seat", "uv": [ 0, 0, 7, 1.5 ] },
                "east": { "texture": "#seat", "uv": [ 0, 0, 7, 1.5 ] },
                "south": { "texture": "#seat", "uv": [ 0, 0, 7, 1.5 ] },
                "west": { "texture": "#seat", "uv": [ 0, 0, 7, 1.5 ] },
                "up": { "texture": "#seat", "uv": [ 0, 0, 7, 7 ] },
                "down": { "texture": "#seat", "uv": [ 0, 0, 7, 7 ] }
            }
        },
        {
            "from": [ 4.5, 11.5, -4.5 ], 
            "to": [ 11.5, 14, -3 ], 
            "faces": {
                "north": { "texture": "#seat", "uv": [ 0, 0, 7, 2.5 ] },
                "east": { "texture": "#seat", "uv": [ 0, 0, 1.5, 2.5 ] },
                "south": { "texture": "#seat", "uv": [ 0, 0, 7, 2.5 ] },
                "west": { "texture": "#seat", "uv": [ 0, 0, 1.5, 2.5 ] },
                "up": { "texture": "#seat", "uv": [ 0, 0, 7, 1.5 ] }
            }
        },
        {
            "from": [ 3.4, 7.5, 10.5 ], 
            "to": [ 3.5, 8, 23.5 ], 
            "faces": {
                "north": { "texture": "#axel", "uv": [ 0, 0, 0.1, 0.5 ] },
                "east": { "texture": "#axel", "uv": [ 0, 0, 13, 0.5 ] },
                "south": { "texture": "#axel", "uv": [ 0, 0, 0.1, 0.5 ] },
                "west": { "texture": "#axel", "uv": [ 0, 0, 13, 0.5 ] },
                "up": { "texture": "#axel", "uv": [ 0, 0, 0.1, 13 ] },
                "down": { "texture": "#axel", "uv": [ 0, 0, 0.1, 13 ] }
            }
        },
        {
            "from": [ 12.5, 7.5, 10.5 ], 
            "to": [ 12.6, 8, 23.5 ], 
            "faces": {
                "north": { "texture": "#axel", "uv": [ 0, 0, 0.1, 0.5 ] },
                "east": { "texture": "#axel", "uv": [ 0, 0, 13, 0.5 ] },
                "south": { "texture": "#axel", "uv": [ 0, 0, 0.1, 0.5 ] },
                "west": { "texture": "#axel", "uv": [ 0, 0, 13, 0.5 ] },
                "up": { "texture": "#axel", "uv": [ 0, 0, 0.1, 13 ] },
                "down": { "texture": "#axel", "uv": [ 0, 0, 0.1, 13 ] }
            }
        },
        {
            "from": [ 3.4, 8.5, 11 ], 
            "to": [ 3.5, 9.5, 14.5 ], 
            "faces": {
                "west": { "texture": "#logo", "uv": [ 0, 0, 14, 4 ] }
            }
        },
        {
            "from": [ 3.4, 8.5, 15 ], 
            "to": [ 3.5, 9.5, 18.5 ], 
            "faces": {
                "west": { "texture": "#logo", "uv": [ 0, 4, 14, 8 ] }
            }
        },
        {
            "from": [ 12.5, 8.5, 10.5 ], 
            "to": [ 12.6, 9.5, 14 ], 
            "faces": {
                "east": { "texture": "#logo", "uv": [ 0, 4, 14.5, 8 ] }
            }
        },
        {
            "from": [ 12.5, 8.5, 14.5 ], 
            "to": [ 12.6, 9.5, 18 ], 
            "faces": {
                "east": { "texture": "#logo", "uv": [ 0, 0, 14.5, 4 ] }
            }
        }
    ]
}