{
	"credit": "Model by MrCrayfish (https://twitter.com/MrCraayfish) using Blockbench",
	"texture_size": [256, 256],
	"textures": {
		"spring": "vehicle:model/spring",
		"texture": "vehicle:vehicle/mini_bus",
		"particle": "vehicle:model/spring"
	},
	"elements": [
		{
			"from": [-2, -2, 20.5],
			"to": [18, 0, 22.5],
			"rotation": {"angle": 0, "axis": "y", "origin": [5, 8, 8]},
			"faces": {
				"north": {"uv": [3, 0.875, 4.25, 1], "texture": "#texture"},
				"east": {"uv": [2.875, 5.6875, 3, 5.8125], "texture": "#texture"},
				"south": {"uv": [6.4375, 0, 7.6875, 0.125], "texture": "#texture"},
				"west": {"uv": [3.5625, 7.25, 3.6875, 7.375], "texture": "#texture"},
				"up": {"uv": [6.4375, 0.125, 7.6875, 0.25], "texture": "#texture"},
				"down": {"uv": [6.4375, 0.25, 7.6875, 0.375], "texture": "#texture"}
			}
		},
		{
			"from": [6, -2.5, 20],
			"to": [10, 0.5, 23],
			"faces": {
				"north": {"uv": [2.125, 4.9375, 2.375, 5.125], "texture": "#texture"},
				"east": {"uv": [2.9375, 6.875, 3.125, 7.0625], "texture": "#texture"},
				"south": {"uv": [1.25, 6.25, 1.5, 6.4375], "texture": "#texture"},
				"west": {"uv": [1.9375, 6.9375, 2.125, 7.125], "texture": "#texture"},
				"down": {"uv": [6.75, 6.75, 7, 6.9375], "texture": "#texture"}
			}
		},
		{
			"from": [7, -2, -4],
			"to": [9, 0, 20],
			"faces": {
				"east": {"uv": [3.1875, 6.375, 4.6875, 6.5], "texture": "#texture"},
				"west": {"uv": [5.8125, 6.375, 7.3125, 6.5], "texture": "#texture"},
				"down": {"uv": [2.1875, 5.9375, 2.3125, 7.4375], "texture": "#texture"}
			}
		},
		{
			"from": [6, -2.5, -7],
			"to": [10, 0.5, -4],
			"rotation": {"angle": 0, "axis": "y", "origin": [8, 8, -19]},
			"faces": {
				"north": {"uv": [6.75, 4.875, 7, 5.0625], "texture": "#texture"},
				"east": {"uv": [6.75, 6.9375, 6.9375, 7.125], "texture": "#texture"},
				"south": {"uv": [6.8125, 0.5625, 7.0625, 0.75], "texture": "#texture"},
				"west": {"uv": [6.9375, 6.9375, 7.125, 7.125], "texture": "#texture"},
				"down": {"uv": [0, 6.875, 0.25, 7.0625], "texture": "#texture"}
			}
		},
		{
			"from": [-2, -2, -6.5],
			"to": [18, 0, -4.5],
			"rotation": {"angle": 0, "axis": "y", "origin": [5, 8, -19]},
			"faces": {
				"north": {"uv": [6.4375, 3.4375, 7.6875, 3.5625], "texture": "#texture"},
				"east": {"uv": [7.25, 3.9375, 7.375, 4.0625], "texture": "#texture"},
				"south": {"uv": [3.1875, 6.5, 4.4375, 6.625], "texture": "#texture"},
				"west": {"uv": [2.9375, 7.3125, 3.0625, 7.4375], "texture": "#texture"},
				"up": {"uv": [5.375, 6.5, 6.625, 6.625], "texture": "#texture"},
				"down": {"uv": [6.5625, 5.125, 7.8125, 5.25], "texture": "#texture"}
			}
		},
		{
			"from": [0, 0, 20],
			"to": [3, 4, 23],
			"faces": {
				"north": {"uv": [0, 0, 0.3125, 0.4375], "texture": "#spring"},
				"south": {"uv": [0, 0, 0.3125, 0.4375], "texture": "#spring"},
				"west": {"uv": [0, 0, 0.3125, 0.4375], "texture": "#spring"}
			}
		},
		{
			"from": [0, 0, -7],
			"to": [3, 4, -4],
			"faces": {
				"north": {"uv": [0, 0, 0.3125, 0.4375], "texture": "#spring"},
				"south": {"uv": [0, 0, 0.3125, 0.4375], "texture": "#spring"},
				"west": {"uv": [0, 0, 0.3125, 0.4375], "texture": "#spring"}
			}
		},
		{
			"from": [13, 0, 20],
			"to": [16, 4, 23],
			"faces": {
				"north": {"uv": [0, 0, 0.3125, 0.4375], "texture": "#spring"},
				"east": {"uv": [0, 0, 0.3125, 0.4375], "texture": "#spring"},
				"south": {"uv": [0, 0, 0.3125, 0.4375], "texture": "#spring"}
			}
		},
		{
			"from": [13, 0, -7],
			"to": [16, 4, -4],
			"faces": {
				"north": {"uv": [0, 0, 0.3125, 0.4375], "texture": "#spring"},
				"east": {"uv": [0, 0, 0.3125, 0.4375], "texture": "#spring"},
				"south": {"uv": [0, 0, 0.3125, 0.4375], "texture": "#spring"}
			}
		},
		{
			"from": [-1, 4, -16],
			"to": [0, 13, -15],
			"faces": {
				"north": {"uv": [0, 7.0625, 0.0625, 7.625], "texture": "#texture"},
				"east": {"uv": [0.0625, 7.0625, 0.125, 7.625], "texture": "#texture"},
				"south": {"uv": [0.125, 7.0625, 0.1875, 7.625], "texture": "#texture"},
				"west": {"uv": [0.1875, 7.0625, 0.25, 7.625], "texture": "#texture"}
			}
		},
		{
			"from": [0, 7, -16],
			"to": [7, 8, -15],
			"faces": {
				"north": {"uv": [4.6875, 6.375, 5.125, 6.4375], "texture": "#texture"},
				"south": {"uv": [5.375, 6.4375, 5.8125, 6.5], "texture": "#texture"},
				"up": {"uv": [6.8125, 0.8125, 7.25, 0.875], "texture": "#texture"},
				"down": {"uv": [7, 4.875, 7.4375, 4.9375], "texture": "#texture"}
			}
		},
		{
			"from": [7, 4, -16],
			"to": [8, 13, -15],
			"faces": {
				"north": {"uv": [3.125, 6.875, 3.1875, 7.4375], "texture": "#texture"},
				"east": {"uv": [4.4375, 7, 4.5, 7.5625], "texture": "#texture"},
				"south": {"uv": [4.5, 7, 4.5625, 7.5625], "texture": "#texture"},
				"west": {"uv": [4.5625, 7, 4.625, 7.5625], "texture": "#texture"}
			}
		},
		{
			"from": [0, 11, -16],
			"to": [7, 12, -15],
			"faces": {
				"north": {"uv": [7.125, 3.5625, 7.5625, 3.625], "texture": "#texture"},
				"south": {"uv": [7.125, 3.625, 7.5625, 3.6875], "texture": "#texture"},
				"up": {"uv": [7.125, 3.6875, 7.5625, 3.75], "texture": "#texture"},
				"down": {"uv": [7.125, 3.75, 7.5625, 3.8125], "texture": "#texture"}
			}
		},
		{
			"from": [0, 15, -16],
			"to": [7, 16, -15],
			"rotation": {"angle": 22.5, "axis": "x", "origin": [-1, 13, -16]},
			"faces": {
				"north": {"uv": [7, 4.9375, 7.4375, 5], "texture": "#texture"},
				"south": {"uv": [7, 5, 7.4375, 5.0625], "texture": "#texture"},
				"up": {"uv": [7, 6.75, 7.4375, 6.8125], "texture": "#texture"},
				"down": {"uv": [7, 6.8125, 7.4375, 6.875], "texture": "#texture"}
			}
		},
		{
			"from": [7, 13, -16],
			"to": [8, 22.5, -15],
			"rotation": {"angle": 22.5, "axis": "x", "origin": [-1, 13, -16]},
			"faces": {
				"north": {"uv": [2.6875, 6.875, 2.75, 7.5], "texture": "#texture"},
				"east": {"uv": [2.75, 6.875, 2.8125, 7.5], "texture": "#texture"},
				"south": {"uv": [2.8125, 6.875, 2.875, 7.5], "texture": "#texture"},
				"west": {"uv": [2.875, 6.875, 2.9375, 7.5], "texture": "#texture"}
			}
		},
		{
			"from": [-1, 13, -16],
			"to": [0, 22.5, -15],
			"rotation": {"angle": 22.5, "axis": "x", "origin": [-1, 13, -16]},
			"faces": {
				"north": {"uv": [0.25, 6.875, 0.3125, 7.5], "texture": "#texture"},
				"east": {"uv": [0.3125, 6.875, 0.375, 7.5], "texture": "#texture"},
				"south": {"uv": [0.375, 6.875, 0.4375, 7.5], "texture": "#texture"},
				"west": {"uv": [0.4375, 6.875, 0.5, 7.5], "texture": "#texture"}
			}
		},
		{
			"from": [0, 19, -16],
			"to": [7, 20, -15],
			"rotation": {"angle": 22.5, "axis": "x", "origin": [-1, 13, -16]},
			"faces": {
				"north": {"uv": [7, 6.875, 7.4375, 6.9375], "texture": "#texture"},
				"south": {"uv": [7.0625, 0.5625, 7.5, 0.625], "texture": "#texture"},
				"up": {"uv": [7.0625, 0.625, 7.5, 0.6875], "texture": "#texture"},
				"down": {"uv": [7.0625, 0.6875, 7.5, 0.75], "texture": "#texture"}
			}
		},
		{
			"from": [7, 20.77686, -12.36451],
			"to": [8, 21.77686, -9.96451],
			"rotation": {"angle": 0, "axis": "y", "origin": [-1, 6.77686, 8.03549]},
			"faces": {
				"east": {"uv": [7.3125, 2, 7.4375, 2.0625], "texture": "#texture"},
				"south": {"uv": [7.3125, 6.4375, 7.375, 6.5], "texture": "#texture"},
				"west": {"uv": [7.3125, 2.0625, 7.4375, 2.125], "texture": "#texture"},
				"up": {"uv": [4.25, 0.875, 4.3125, 1], "texture": "#texture"},
				"down": {"uv": [1.4375, 5.3125, 1.5, 5.4375], "texture": "#texture"}
			}
		},
		{
			"from": [-1, 20.77686, -12.36451],
			"to": [0, 21.77686, -9.96451],
			"rotation": {"angle": 0, "axis": "y", "origin": [-1, 6.77686, 8.03549]},
			"faces": {
				"east": {"uv": [7.3125, 2.125, 7.4375, 2.1875], "texture": "#texture"},
				"south": {"uv": [7.3125, 6.9375, 7.375, 7], "texture": "#texture"},
				"west": {"uv": [7.3125, 2.1875, 7.4375, 2.25], "texture": "#texture"},
				"up": {"uv": [5.75, 3.4375, 5.8125, 3.5625], "texture": "#texture"},
				"down": {"uv": [6.6875, 7.3125, 6.75, 7.4375], "texture": "#texture"}
			}
		},
		{
			"from": [9, 12, -16],
			"to": [18, 20, -8],
			"faces": {
				"north": {"uv": [4.6875, 5.875, 5.25, 6.375], "texture": "#texture"},
				"east": {"uv": [0, 6.375, 0.5, 6.875], "texture": "#texture"},
				"south": {"uv": [1.625, 5.9375, 2.1875, 6.4375], "texture": "#texture"},
				"west": {"uv": [2.6875, 6.375, 3.1875, 6.875], "texture": "#texture"},
				"up": {"uv": [5.25, 5.9375, 5.8125, 6.4375], "texture": "#texture"},
				"down": {"uv": [6.0625, 3.8125, 6.625, 4.3125], "texture": "#texture"}
			}
		},
		{
			"from": [-4, 23, -7],
			"to": [-1, 24, -5],
			"rotation": {"angle": 45, "axis": "z", "origin": [-1, 24, -6]},
			"faces": {
				"north": {"uv": [4.8125, 7.3125, 5, 7.375], "texture": "#texture"},
				"south": {"uv": [5, 7.3125, 5.1875, 7.375], "texture": "#texture"},
				"up": {"uv": [7.1875, 1.125, 7.375, 1.25], "texture": "#texture"},
				"down": {"uv": [7.1875, 1.25, 7.375, 1.375], "texture": "#texture"}
			}
		},
		{
			"from": [-1, 23, -7],
			"to": [17, 24, -5],
			"rotation": {"angle": 0, "axis": "y", "origin": [8, 8, -21]},
			"faces": {
				"north": {"uv": [6.625, 6.5, 7.75, 6.5625], "texture": "#texture"},
				"south": {"uv": [6.625, 6.5625, 7.75, 6.625], "texture": "#texture"},
				"up": {"uv": [6.5625, 6.25, 7.6875, 6.375], "texture": "#texture"},
				"down": {"uv": [3.1875, 6.625, 4.3125, 6.75], "texture": "#texture"}
			}
		},
		{
			"from": [17, 23, -7],
			"to": [20, 24, -5],
			"rotation": {"angle": -45, "axis": "z", "origin": [17, 24, -6]},
			"faces": {
				"north": {"uv": [5.1875, 7.3125, 5.375, 7.375], "texture": "#texture"},
				"south": {"uv": [5.75, 7.3125, 5.9375, 7.375], "texture": "#texture"},
				"up": {"uv": [0.875, 7.25, 1.0625, 7.375], "texture": "#texture"},
				"down": {"uv": [1.0625, 7.25, 1.25, 7.375], "texture": "#texture"}
			}
		},
		{
			"from": [17, 23, 7],
			"to": [20, 24, 9],
			"rotation": {"angle": -45, "axis": "z", "origin": [17, 24, 8]},
			"faces": {
				"north": {"uv": [4, 7.3125, 4.1875, 7.375], "texture": "#texture"},
				"south": {"uv": [4.625, 7.3125, 4.8125, 7.375], "texture": "#texture"},
				"up": {"uv": [5.1875, 7.1875, 5.375, 7.3125], "texture": "#texture"},
				"down": {"uv": [7.1875, 7.1875, 7.375, 7.3125], "texture": "#texture"}
			}
		},
		{
			"from": [-1, 23, 7],
			"to": [17, 24, 9],
			"rotation": {"angle": 0, "axis": "y", "origin": [8, 8, -7]},
			"faces": {
				"north": {"uv": [6.625, 4.1875, 7.75, 4.25], "texture": "#texture"},
				"south": {"uv": [6.625, 4.25, 7.75, 4.3125], "texture": "#texture"},
				"up": {"uv": [6.5625, 6, 7.6875, 6.125], "texture": "#texture"},
				"down": {"uv": [6.5625, 6.125, 7.6875, 6.25], "texture": "#texture"}
			}
		},
		{
			"from": [-4, 23, 7],
			"to": [-1, 24, 9],
			"rotation": {"angle": 45, "axis": "z", "origin": [-1, 24, 8]},
			"faces": {
				"north": {"uv": [7.25, 0.8125, 7.4375, 0.875], "texture": "#texture"},
				"south": {"uv": [3.8125, 7.3125, 4, 7.375], "texture": "#texture"},
				"up": {"uv": [4.8125, 7.1875, 5, 7.3125], "texture": "#texture"},
				"down": {"uv": [5, 7.1875, 5.1875, 7.3125], "texture": "#texture"}
			}
		},
		{
			"from": [-4, 23, 21],
			"to": [-1, 24, 23],
			"rotation": {"angle": 45, "axis": "z", "origin": [-1, 24, 22]},
			"faces": {
				"north": {"uv": [5.5625, 1.375, 5.75, 1.4375], "texture": "#texture"},
				"south": {"uv": [2.6875, 5.75, 2.875, 5.8125], "texture": "#texture"},
				"up": {"uv": [0.625, 5.8125, 0.8125, 5.9375], "texture": "#texture"},
				"down": {"uv": [3.8125, 7.1875, 4, 7.3125], "texture": "#texture"}
			}
		},
		{
			"from": [-1, 23, 21],
			"to": [17, 24, 23],
			"rotation": {"angle": 0, "axis": "y", "origin": [8, 8, 7]},
			"faces": {
				"north": {"uv": [6.625, 4.0625, 7.75, 4.125], "texture": "#texture"},
				"south": {"uv": [6.625, 4.125, 7.75, 4.1875], "texture": "#texture"},
				"up": {"uv": [6.5625, 5.5, 7.6875, 5.625], "texture": "#texture"},
				"down": {"uv": [6.5625, 5.875, 7.6875, 6], "texture": "#texture"}
			}
		},
		{
			"from": [17, 23, 21],
			"to": [20, 24, 23],
			"rotation": {"angle": -45, "axis": "z", "origin": [17, 24, 22]},
			"faces": {
				"north": {"uv": [5.75, 3.8125, 5.9375, 3.875], "texture": "#texture"},
				"south": {"uv": [3.3125, 5.8125, 3.5, 5.875], "texture": "#texture"},
				"up": {"uv": [4, 7.1875, 4.1875, 7.3125], "texture": "#texture"},
				"down": {"uv": [4.625, 7.1875, 4.8125, 7.3125], "texture": "#texture"}
			}
		},
		{
			"from": [-4, 1, -16],
			"to": [20, 4, -14],
			"rotation": {"angle": 0, "axis": "y", "origin": [4, 8, 8]},
			"faces": {
				"north": {"uv": [6.0625, 4.3125, 7.5625, 4.5], "texture": "#texture"},
				"east": {"uv": [7.125, 6.9375, 7.25, 7.125], "texture": "#texture"},
				"west": {"uv": [3.6875, 7.1875, 3.8125, 7.375], "texture": "#texture"},
				"up": {"uv": [6.375, 0.875, 7.875, 1], "texture": "#texture"},
				"down": {"uv": [6.375, 1, 7.875, 1.125], "texture": "#texture"}
			}
		},
		{
			"from": [-4, 1, 31],
			"to": [20, 5, 32],
			"faces": {
				"east": {"uv": [2.6875, 4.375, 2.75, 4.625], "texture": "#texture"},
				"south": {"uv": [5.75, 1.375, 7.25, 1.625], "texture": "#texture"},
				"west": {"uv": [5.1875, 3.875, 5.25, 4.125], "texture": "#texture"},
				"up": {"uv": [1.5, 1.4375, 3, 1.5], "texture": "#texture"},
				"down": {"uv": [6.4375, 0.5, 7.9375, 0.5625], "texture": "#texture"}
			}
		},
		{
			"from": [14, 6, 31],
			"to": [15, 10, 31.5],
			"rotation": {"angle": 0, "axis": "y", "origin": [7, 8, 8]},
			"faces": {
				"east": {"uv": [7.25, 2.375, 7.3125, 2.625], "texture": "#texture"},
				"south": {"uv": [7.25, 6.9375, 7.3125, 7.1875], "texture": "#texture"},
				"west": {"uv": [0.5, 7.3125, 0.5625, 7.5625], "texture": "#texture"},
				"up": {"uv": [7.3125, 4.6875, 7.375, 4.75], "texture": "#texture"},
				"down": {"uv": [7.3125, 4.75, 7.375, 4.8125], "texture": "#texture"}
			}
		},
		{
			"from": [15, 9, 31],
			"to": [17, 10, 31.5],
			"rotation": {"angle": 0, "axis": "y", "origin": [7, 8, 8]},
			"faces": {
				"south": {"uv": [7.3125, 1.625, 7.4375, 1.6875], "texture": "#texture"},
				"up": {"uv": [7.3125, 1.6875, 7.4375, 1.75], "texture": "#texture"},
				"down": {"uv": [7.3125, 1.75, 7.4375, 1.8125], "texture": "#texture"}
			}
		},
		{
			"from": [17, 6, 31],
			"to": [18, 10, 31.5],
			"rotation": {"angle": 0, "axis": "y", "origin": [7, 8, 8]},
			"faces": {
				"east": {"uv": [0.5625, 7.3125, 0.625, 7.5625], "texture": "#texture"},
				"south": {"uv": [2.3125, 7.3125, 2.375, 7.5625], "texture": "#texture"},
				"west": {"uv": [2.375, 7.3125, 2.4375, 7.5625], "texture": "#texture"},
				"up": {"uv": [7.3125, 4.8125, 7.375, 4.875], "texture": "#texture"},
				"down": {"uv": [7.3125, 6.375, 7.375, 6.4375], "texture": "#texture"}
			}
		},
		{
			"from": [15, 6, 31],
			"to": [17, 7, 31.5],
			"rotation": {"angle": 0, "axis": "y", "origin": [7, 8, 8]},
			"faces": {
				"south": {"uv": [7.3125, 1.8125, 7.4375, 1.875], "texture": "#texture"},
				"up": {"uv": [7.3125, 1.875, 7.4375, 1.9375], "texture": "#texture"},
				"down": {"uv": [7.3125, 1.9375, 7.4375, 2], "texture": "#texture"}
			}
		},
		{
			"from": [1, 6, 31],
			"to": [2, 10, 31.5],
			"rotation": {"angle": 0, "axis": "y", "origin": [9, 8, 8]},
			"faces": {
				"east": {"uv": [7.25, 1.625, 7.3125, 1.875], "texture": "#texture"},
				"south": {"uv": [7.25, 1.875, 7.3125, 2.125], "texture": "#texture"},
				"west": {"uv": [7.25, 2.125, 7.3125, 2.375], "texture": "#texture"},
				"up": {"uv": [7.1875, 7.125, 7.25, 7.1875], "texture": "#texture"},
				"down": {"uv": [7.3125, 4.625, 7.375, 4.6875], "texture": "#texture"}
			}
		},
		{
			"from": [-1, 9, 31],
			"to": [1, 10, 31.5],
			"rotation": {"angle": 0, "axis": "y", "origin": [9, 8, 8]},
			"faces": {
				"south": {"uv": [4.3125, 7.3125, 4.4375, 7.375], "texture": "#texture"},
				"up": {"uv": [7.1875, 7.3125, 7.3125, 7.375], "texture": "#texture"},
				"down": {"uv": [7.3125, 7.3125, 7.4375, 7.375], "texture": "#texture"}
			}
		},
		{
			"from": [-2, 6, 31],
			"to": [-1, 10, 31.5],
			"rotation": {"angle": 0, "axis": "y", "origin": [9, 8, 8]},
			"faces": {
				"east": {"uv": [5.8125, 5.9375, 5.875, 6.1875], "texture": "#texture"},
				"south": {"uv": [1.8125, 7.1875, 1.875, 7.4375], "texture": "#texture"},
				"west": {"uv": [2.125, 7.25, 2.1875, 7.5], "texture": "#texture"},
				"up": {"uv": [2.6875, 4.625, 2.75, 4.6875], "texture": "#texture"},
				"down": {"uv": [1.4375, 4.9375, 1.5, 5], "texture": "#texture"}
			}
		},
		{
			"from": [-1, 6, 31],
			"to": [1, 7, 31.5],
			"rotation": {"angle": 0, "axis": "y", "origin": [9, 8, 8]},
			"faces": {
				"south": {"uv": [3.5, 5.8125, 3.625, 5.875], "texture": "#texture"},
				"up": {"uv": [5.9375, 3.8125, 6.0625, 3.875], "texture": "#texture"},
				"down": {"uv": [5.125, 6.375, 5.25, 6.4375], "texture": "#texture"}
			}
		},
		{
			"from": [-5, 12, 29],
			"to": [-4, 13, 30],
			"rotation": {"angle": -22.5, "axis": "y", "origin": [-4, 11, 30]},
			"faces": {
				"north": {"uv": [7.3125, 7, 7.375, 7.0625], "texture": "#texture", "tintindex": 0},
				"east": {"uv": [7.3125, 7.0625, 7.375, 7.125], "texture": "#texture"},
				"south": {"uv": [7.3125, 7.125, 7.375, 7.1875], "texture": "#texture", "tintindex": 0},
				"up": {"uv": [0.625, 7.375, 0.6875, 7.4375], "texture": "#texture", "tintindex": 0},
				"down": {"uv": [0.6875, 7.375, 0.75, 7.4375], "texture": "#texture", "tintindex": 0}
			}
		},
		{
			"from": [20, 12, 29],
			"to": [21, 13, 30],
			"rotation": {"angle": 22.5, "axis": "y", "origin": [20, 11, 30]},
			"faces": {
				"north": {"uv": [0.75, 7.375, 0.8125, 7.4375], "texture": "#texture", "tintindex": 0},
				"south": {"uv": [0.8125, 7.375, 0.875, 7.4375], "texture": "#texture", "tintindex": 0},
				"west": {"uv": [0.875, 7.375, 0.9375, 7.4375], "texture": "#texture"},
				"up": {"uv": [0.9375, 7.375, 1, 7.4375], "texture": "#texture", "tintindex": 0},
				"down": {"uv": [1, 7.375, 1.0625, 7.4375], "texture": "#texture", "tintindex": 0}
			}
		},
		{
			"from": [-8, 12, 29],
			"to": [-5, 14, 30],
			"rotation": {"angle": -22.5, "axis": "y", "origin": [-4, 11, 30]},
			"faces": {
				"north": {"uv": [1.25, 7.25, 1.4375, 7.375], "texture": "#texture"},
				"east": {"uv": [7.3125, 2.25, 7.375, 2.375], "texture": "#texture", "tintindex": 0},
				"south": {"uv": [1.4375, 7.25, 1.625, 7.375], "texture": "#texture", "tintindex": 0},
				"west": {"uv": [7.3125, 2.375, 7.375, 2.5], "texture": "#texture", "tintindex": 0},
				"up": {"uv": [5.9375, 7.3125, 6.125, 7.375], "texture": "#texture", "tintindex": 0},
				"down": {"uv": [6.125, 7.3125, 6.3125, 7.375], "texture": "#texture", "tintindex": 0}
			}
		},
		{
			"from": [21, 12, 29],
			"to": [24, 14, 30],
			"rotation": {"angle": 22.5, "axis": "y", "origin": [20, 11, 30]},
			"faces": {
				"north": {"uv": [3.1875, 7.25, 3.375, 7.375], "texture": "#texture"},
				"east": {"uv": [7.3125, 2.5, 7.375, 2.625], "texture": "#texture", "tintindex": 0},
				"south": {"uv": [3.375, 7.25, 3.5625, 7.375], "texture": "#texture", "tintindex": 0},
				"west": {"uv": [7.3125, 4.5, 7.375, 4.625], "texture": "#texture"},
				"up": {"uv": [6.3125, 7.3125, 6.5, 7.375], "texture": "#texture", "tintindex": 0},
				"down": {"uv": [6.5, 7.3125, 6.6875, 7.375], "texture": "#texture", "tintindex": 0}
			}
		},
		{
			"from": [3, 10, 26],
			"to": [4, 11, 29],
			"rotation": {"angle": 22.5, "axis": "x", "origin": [4, 12, 28]},
			"faces": {
				"north": {"uv": [1.4375, 4.3125, 1.5, 4.375], "texture": "#texture"},
				"east": {"uv": [1.25, 4.3125, 1.4375, 4.375], "texture": "#texture"},
				"west": {"uv": [1.25, 4.9375, 1.4375, 5], "texture": "#texture"},
				"up": {"uv": [5.8125, 6.1875, 5.875, 6.375], "texture": "#texture"},
				"down": {"uv": [4.625, 6.5, 4.6875, 6.6875], "texture": "#texture"}
			}
		},
		{
			"from": [-2, 5, 18],
			"to": [18, 6, 25],
			"faces": {
				"south": {"uv": [6.625, 3.8125, 7.875, 3.875], "texture": "#texture"},
				"up": {"uv": [4.5, 2.3125, 5.75, 2.75], "texture": "#texture"}
			}
		},
		{
			"from": [-2, 5.22836, 19.14805],
			"to": [18, 14.22836, 21.14805],
			"rotation": {"angle": -22.5, "axis": "x", "origin": [8, 2.22836, 19.14805]},
			"faces": {
				"north": {"uv": [1.5, 3.8125, 2.75, 4.375], "texture": "#texture"},
				"east": {"uv": [0.875, 6.6875, 1, 7.25], "texture": "#texture"},
				"south": {"uv": [0, 4, 1.25, 4.5625], "texture": "#texture"},
				"west": {"uv": [1, 6.6875, 1.125, 7.25], "texture": "#texture"},
				"up": {"uv": [6.5625, 5.25, 7.8125, 5.375], "texture": "#texture"}
			}
		},
		{
			"from": [-2, 5, 4],
			"to": [18, 6, 11],
			"rotation": {"angle": 0, "axis": "y", "origin": [8, 8, -6]},
			"faces": {
				"south": {"uv": [6.625, 3.875, 7.875, 3.9375], "texture": "#texture"},
				"up": {"uv": [2.5, 4.6875, 3.75, 5.125], "texture": "#texture"}
			}
		},
		{
			"from": [-2, 5.22836, 5.14805],
			"to": [18, 14.22836, 7.14805],
			"rotation": {"angle": -22.5, "axis": "x", "origin": [8, 2.22836, 5.14805]},
			"faces": {
				"north": {"uv": [2.75, 4.125, 4, 4.6875], "texture": "#texture"},
				"east": {"uv": [1.125, 6.6875, 1.25, 7.25], "texture": "#texture"},
				"south": {"uv": [4, 4.125, 5.25, 4.6875], "texture": "#texture"},
				"west": {"uv": [1.25, 6.6875, 1.375, 7.25], "texture": "#texture"},
				"up": {"uv": [6.5625, 5.375, 7.8125, 5.5], "texture": "#texture"}
			}
		},
		{
			"from": [-2, 5, -8],
			"to": [8, 6, -1],
			"rotation": {"angle": 0, "axis": "y", "origin": [8, 8, -18]},
			"faces": {
				"east": {"uv": [6, 2.9375, 6.4375, 3], "texture": "#texture"},
				"south": {"uv": [1.5, 5.0625, 2.125, 5.125], "texture": "#texture"},
				"up": {"uv": [0.625, 6.25, 1.25, 6.6875], "texture": "#texture"}
			}
		},
		{
			"from": [-2, 5.22836, -6.85195],
			"to": [8, 14.22836, -4.85195],
			"rotation": {"angle": -22.5, "axis": "x", "origin": [8, 2.22836, -6.85195]},
			"faces": {
				"north": {"uv": [0, 5.8125, 0.625, 6.375], "texture": "#texture"},
				"east": {"uv": [1.375, 6.6875, 1.5, 7.25], "texture": "#texture"},
				"south": {"uv": [2.6875, 5.8125, 3.3125, 6.375], "texture": "#texture"},
				"west": {"uv": [1.5, 6.6875, 1.625, 7.25], "texture": "#texture"},
				"up": {"uv": [6.625, 3.9375, 7.25, 4.0625], "texture": "#texture"}
			}
		},
		{
			"from": [18, 12, 29],
			"to": [20, 22.9, 31],
			"rotation": {"angle": -22.5, "axis": "x", "origin": [8, 12, 31]},
			"faces": {
				"north": {"uv": [6, 6.625, 6.125, 7.3125], "texture": "#texture", "tintindex": 0},
				"east": {"uv": [6.125, 6.625, 6.25, 7.3125], "texture": "#texture", "tintindex": 0},
				"south": {"uv": [6.25, 6.625, 6.375, 7.3125], "texture": "#texture", "tintindex": 0},
				"west": {"uv": [6.375, 6.625, 6.5, 7.3125], "texture": "#texture", "tintindex": 0},
				"up": {"uv": [7.25, 1.5, 7.375, 1.625], "texture": "#texture"}
			}
		},
		{
			"from": [-4, 0, 0],
			"to": [20, 5, 16],
			"rotation": {"angle": 0, "axis": "y", "origin": [4, 8, 8]},
			"faces": {
				"east": {"uv": [5.8125, 0.5625, 6.8125, 0.875], "texture": "#texture"},
				"west": {"uv": [0.625, 5.9375, 1.625, 6.25], "texture": "#texture"},
				"up": {"uv": [1.5, 0, 3, 1], "texture": "#texture", "tintindex": 0},
				"down": {"uv": [0, 2.3125, 1.5, 3.3125], "texture": "#texture"}
			}
		},
		{
			"from": [3, 0, 16],
			"to": [13, 4, 27],
			"rotation": {"angle": 0, "axis": "y", "origin": [4, 8, 8]},
			"faces": {
				"east": {"uv": [4.5, 3.875, 5.1875, 4.125], "texture": "#texture"},
				"west": {"uv": [6.375, 1.125, 7.0625, 1.375], "texture": "#texture"},
				"down": {"uv": [3, 5.125, 3.625, 5.8125], "texture": "#texture"}
			}
		},
		{
			"from": [3, 0, -11],
			"to": [13, 4, 0],
			"rotation": {"angle": 0, "axis": "y", "origin": [4, 8, 8]},
			"faces": {
				"east": {"uv": [1.25, 6.4375, 1.9375, 6.6875], "texture": "#texture"},
				"west": {"uv": [4.6875, 6.4375, 5.375, 6.6875], "texture": "#texture"},
				"down": {"uv": [5.25, 5.25, 5.875, 5.9375], "texture": "#texture"}
			}
		},
		{
			"from": [-4, 4, -11],
			"to": [20, 5, 0],
			"rotation": {"angle": 0, "axis": "y", "origin": [4, 8, 8]},
			"faces": {
				"east": {"uv": [6.75, 5.0625, 7.4375, 5.125], "texture": "#texture"},
				"west": {"uv": [6.75, 6.625, 7.4375, 6.6875], "texture": "#texture"},
				"up": {"uv": [3, 1.4375, 4.5, 2.125], "texture": "#texture", "tintindex": 0},
				"down": {"uv": [3, 2.125, 4.5, 2.8125], "texture": "#texture"}
			}
		},
		{
			"from": [-4, 4, 16],
			"to": [20, 5, 27],
			"rotation": {"angle": 0, "axis": "y", "origin": [4, 8, 8]},
			"faces": {
				"east": {"uv": [6.75, 6.6875, 7.4375, 6.75], "texture": "#texture"},
				"west": {"uv": [6.8125, 0.75, 7.5, 0.8125], "texture": "#texture"},
				"up": {"uv": [0, 3.3125, 1.5, 4], "texture": "#texture", "tintindex": 0},
				"down": {"uv": [3, 3.4375, 4.5, 4.125], "texture": "#texture"}
			}
		},
		{
			"from": [-4, 0, -14],
			"to": [20, 5, -11],
			"rotation": {"angle": 0, "axis": "y", "origin": [4, 8, 8]},
			"faces": {
				"north": {"uv": [0, 5, 1.5, 5.3125], "texture": "#texture"},
				"east": {"uv": [2.5, 4.375, 2.6875, 4.6875], "texture": "#texture"},
				"west": {"uv": [2.6875, 5.4375, 2.875, 5.75], "texture": "#texture"},
				"up": {"uv": [3, 2.8125, 4.5, 3], "texture": "#texture", "tintindex": 0},
				"down": {"uv": [6, 2.75, 7.5, 2.9375], "texture": "#texture"}
			}
		},
		{
			"from": [-4, 0, -13],
			"to": [20, 4.4, -11],
			"rotation": {"angle": 22.5, "axis": "x", "origin": [8, 0, -11]},
			"faces": {
				"east": {"uv": [7, 3.5625, 7.125, 3.8125], "texture": "#texture"},
				"south": {"uv": [5.75, 1.625, 7.25, 1.875], "texture": "#texture"},
				"west": {"uv": [0.5, 7.0625, 0.625, 7.3125], "texture": "#texture"}
			}
		},
		{
			"from": [-4, 0, 14],
			"to": [20, 4.4, 16],
			"rotation": {"angle": 22.5, "axis": "x", "origin": [8, 0, 16]},
			"faces": {
				"east": {"uv": [2.9375, 7.0625, 3.0625, 7.3125], "texture": "#texture"},
				"south": {"uv": [5.75, 1.875, 7.25, 2.125], "texture": "#texture"},
				"west": {"uv": [7.0625, 1.125, 7.1875, 1.375], "texture": "#texture"}
			}
		},
		{
			"from": [-4, 0, 0],
			"to": [20, 4.4, 2],
			"rotation": {"angle": -22.5, "axis": "x", "origin": [8, 0, 0]},
			"faces": {
				"north": {"uv": [5.75, 2.125, 7.25, 2.375], "texture": "#texture"},
				"east": {"uv": [1.9375, 7.125, 2.0625, 7.375], "texture": "#texture"},
				"west": {"uv": [5.375, 7.125, 5.5, 7.375], "texture": "#texture"}
			}
		},
		{
			"from": [-4, 0, 27],
			"to": [20, 4.4, 29],
			"rotation": {"angle": -22.5, "axis": "x", "origin": [8, 0, 27]},
			"faces": {
				"north": {"uv": [5.75, 2.375, 7.25, 2.625], "texture": "#texture"},
				"east": {"uv": [5.5, 7.125, 5.625, 7.375], "texture": "#texture"},
				"west": {"uv": [5.625, 7.125, 5.75, 7.375], "texture": "#texture"}
			}
		},
		{
			"from": [-4, 0, 27],
			"to": [20, 5, 31],
			"rotation": {"angle": 0, "axis": "y", "origin": [4, 8, 8]},
			"faces": {
				"east": {"uv": [2.75, 3.8125, 3, 4.125], "texture": "#texture"},
				"south": {"uv": [1.5, 5.125, 3, 5.4375], "texture": "#texture"},
				"west": {"uv": [1.25, 4, 1.5, 4.3125], "texture": "#texture"},
				"up": {"uv": [4.5, 2.75, 6, 3], "texture": "#texture", "tintindex": 0},
				"down": {"uv": [5.25, 4.875, 6.75, 5.125], "texture": "#texture"}
			}
		},
		{
			"from": [-4, 5, -14],
			"to": [-2, 12, 31],
			"rotation": {"angle": 0, "axis": "y", "origin": [4, 13, -15]},
			"faces": {
				"north": {"uv": [3.6875, 6.75, 3.8125, 7.1875], "texture": "#texture", "tintindex": 0},
				"east": {"uv": [1.5, 1, 4.3125, 1.4375], "texture": "#texture", "tintindex": 0},
				"south": {"uv": [3.8125, 6.75, 3.9375, 7.1875], "texture": "#texture", "tintindex": 0},
				"west": {"uv": [3, 3, 5.8125, 3.4375], "texture": "#texture", "tintindex": 0},
				"up": {"uv": [2.4375, 5.4375, 2.5625, 8.25], "texture": "#texture", "tintindex": 0}
			}
		},
		{
			"from": [-2, 5, -14],
			"to": [18, 12, -12],
			"rotation": {"angle": 0, "axis": "y", "origin": [4, 13, -15]},
			"faces": {
				"north": {"uv": [4.5, 1.4375, 5.75, 1.875], "texture": "#texture", "tintindex": 0},
				"south": {"uv": [4.5, 1.875, 5.75, 2.3125], "texture": "#texture", "tintindex": 0},
				"up": {"uv": [6.4375, 0.375, 7.6875, 0.5], "texture": "#texture", "tintindex": 0}
			}
		},
		{
			"from": [-2, 9, 28],
			"to": [18, 12, 30],
			"rotation": {"angle": 22.5, "axis": "x", "origin": [4, 12, 28]},
			"faces": {
				"north": {"uv": [6.0625, 4.5, 7.3125, 4.6875], "texture": "#texture"},
				"east": {"uv": [2.375, 4.9375, 2.5, 5.125], "texture": "#texture"},
				"west": {"uv": [1.5, 6.25, 1.625, 6.4375], "texture": "#texture"}
			}
		},
		{
			"from": [-2, 5.22836, 26.85195],
			"to": [18, 9.22836, 28.85195],
			"rotation": {"angle": -22.5, "axis": "x", "origin": [4, 9.22836, 26.85195]},
			"faces": {
				"north": {"uv": [5.75, 3.5625, 7, 3.8125], "texture": "#texture"},
				"east": {"uv": [3.625, 5.125, 3.75, 5.375], "texture": "#texture"},
				"west": {"uv": [2.875, 5.4375, 3, 5.6875], "texture": "#texture"}
			}
		},
		{
			"from": [-2, 5, 28],
			"to": [18, 12, 31],
			"rotation": {"angle": 0, "axis": "y", "origin": [4, 13, -15]},
			"faces": {
				"north": {"uv": [4.5, 3.4375, 5.75, 3.875], "texture": "#texture"},
				"south": {"uv": [0, 4.5625, 1.25, 5], "texture": "#texture", "tintindex": 0},
				"up": {"uv": [6.0625, 4.6875, 7.3125, 4.875], "texture": "#texture", "tintindex": 0}
			}
		},
		{
			"from": [18, 5, -14],
			"to": [20, 12, 31],
			"rotation": {"angle": 0, "axis": "y", "origin": [4, 13, -15]},
			"faces": {
				"north": {"uv": [3.9375, 6.75, 4.0625, 7.1875], "texture": "#texture", "tintindex": 0},
				"east": {"uv": [3, 0, 5.8125, 0.4375], "texture": "#texture", "tintindex": 0},
				"south": {"uv": [4.0625, 6.75, 4.1875, 7.1875], "texture": "#texture", "tintindex": 0},
				"west": {"uv": [3, 0.4375, 5.8125, 0.875], "texture": "#texture", "tintindex": 0},
				"up": {"uv": [2.5625, 5.4375, 2.6875, 8.25], "texture": "#texture", "tintindex": 0}
			}
		},
		{
			"from": [-4, 12, -1.7],
			"to": [-2, 20.0703, 0.3],
			"rotation": {"angle": 0, "axis": "y", "origin": [4, 8, 8]},
			"faces": {
				"north": {"uv": [1.625, 6.6875, 1.75, 7.1875], "texture": "#texture", "tintindex": 0},
				"east": {"uv": [1.75, 6.6875, 1.875, 7.1875], "texture": "#texture", "tintindex": 0},
				"south": {"uv": [4.625, 6.6875, 4.75, 7.1875], "texture": "#texture", "tintindex": 0},
				"west": {"uv": [4.75, 6.6875, 4.875, 7.1875], "texture": "#texture", "tintindex": 0}
			}
		},
		{
			"from": [18, 12, -1.7],
			"to": [20, 20.0703, 0.3],
			"rotation": {"angle": 0, "axis": "y", "origin": [4, 8, 8]},
			"faces": {
				"north": {"uv": [3.1875, 6.75, 3.3125, 7.25], "texture": "#texture", "tintindex": 0},
				"east": {"uv": [3.3125, 6.75, 3.4375, 7.25], "texture": "#texture", "tintindex": 0},
				"south": {"uv": [3.4375, 6.75, 3.5625, 7.25], "texture": "#texture", "tintindex": 0},
				"west": {"uv": [3.5625, 6.75, 3.6875, 7.25], "texture": "#texture", "tintindex": 0}
			}
		},
		{
			"from": [8, 12, -14],
			"to": [20, 22.9, -12],
			"rotation": {"angle": 22.5, "axis": "x", "origin": [4, 12, -14]},
			"faces": {
				"north": {"uv": [3.75, 4.6875, 4.5, 5.375], "texture": "#texture", "tintindex": 0},
				"east": {"uv": [2.3125, 5.9375, 2.4375, 6.625], "texture": "#texture", "tintindex": 0},
				"south": {"uv": [4.5, 4.6875, 5.25, 5.375], "texture": "#texture", "tintindex": 0},
				"west": {"uv": [0.5, 6.375, 0.625, 7.0625], "texture": "#texture", "tintindex": 0}
			}
		},
		{
			"from": [-4, 12, -14],
			"to": [-2, 22.9, -12],
			"rotation": {"angle": 22.5, "axis": "x", "origin": [4, 12, -14]},
			"faces": {
				"north": {"uv": [6.5, 6.625, 6.625, 7.3125], "texture": "#texture", "tintindex": 0},
				"east": {"uv": [6.625, 6.625, 6.75, 7.3125], "texture": "#texture", "tintindex": 0},
				"south": {"uv": [0.625, 6.6875, 0.75, 7.375], "texture": "#texture", "tintindex": 0},
				"west": {"uv": [0.75, 6.6875, 0.875, 7.375], "texture": "#texture", "tintindex": 0}
			}
		},
		{
			"from": [-2, 21, -14],
			"to": [8, 22.9, -12],
			"rotation": {"angle": 22.5, "axis": "x", "origin": [4, 12, -14]},
			"faces": {
				"north": {"uv": [1.5, 4.9375, 2.125, 5.0625], "texture": "#texture", "tintindex": 0},
				"south": {"uv": [5.25, 5.125, 5.875, 5.25], "texture": "#texture", "tintindex": 0},
				"down": {"uv": [0.8125, 5.3125, 1.4375, 5.4375], "texture": "#texture", "tintindex": 0}
			}
		},
		{
			"from": [-4, 12, 13.1],
			"to": [-2, 20.0703, 15.7],
			"rotation": {"angle": 0, "axis": "y", "origin": [4, 8, 8]},
			"faces": {
				"north": {"uv": [4.875, 6.6875, 5, 7.1875], "texture": "#texture", "tintindex": 0},
				"east": {"uv": [1.9375, 6.4375, 2.125, 6.9375], "texture": "#texture", "tintindex": 0},
				"south": {"uv": [5, 6.6875, 5.125, 7.1875], "texture": "#texture", "tintindex": 0},
				"west": {"uv": [4.4375, 6.5, 4.625, 7], "texture": "#texture", "tintindex": 0}
			}
		},
		{
			"from": [18, 12, 13.1],
			"to": [20, 20.0703, 15.7],
			"rotation": {"angle": 0, "axis": "y", "origin": [4, 8, 8]},
			"faces": {
				"north": {"uv": [5.125, 6.6875, 5.25, 7.1875], "texture": "#texture", "tintindex": 0},
				"east": {"uv": [5.375, 6.625, 5.5625, 7.125], "texture": "#texture", "tintindex": 0},
				"south": {"uv": [5.25, 6.6875, 5.375, 7.1875], "texture": "#texture", "tintindex": 0},
				"west": {"uv": [5.5625, 6.625, 5.75, 7.125], "texture": "#texture", "tintindex": 0}
			}
		},
		{
			"from": [-4, 20.07029, -9.82875],
			"to": [20, 22.07029, 26.77125],
			"shade": false,
			"rotation": {"angle": 0, "axis": "y", "origin": [4, 8.07029, 8.17125]},
			"faces": {
				"east": {"uv": [5.75, 2.625, 8.0625, 2.75], "texture": "#texture", "tintindex": 0},
				"south": {"uv": [5.875, 5.75, 7.375, 5.875], "texture": "#texture"},
				"west": {"uv": [5.875, 5.625, 8.1875, 5.75], "texture": "#texture", "tintindex": 0},
				"up": {"uv": [0, 0, 1.5, 2.3125], "texture": "#texture", "tintindex": 0},
				"down": {"uv": [1.5, 1.5, 3, 3.8125], "texture": "#texture", "tintindex": 0}
			}
		},
		{
			"from": [-4, 12, 29],
			"to": [-2, 22.9, 31],
			"rotation": {"angle": -22.5, "axis": "x", "origin": [8, 12, 31]},
			"faces": {
				"north": {"uv": [2.3125, 6.625, 2.4375, 7.3125], "texture": "#texture", "tintindex": 0},
				"east": {"uv": [4.3125, 6.625, 4.4375, 7.3125], "texture": "#texture", "tintindex": 0},
				"south": {"uv": [5.75, 6.625, 5.875, 7.3125], "texture": "#texture", "tintindex": 0},
				"west": {"uv": [5.875, 6.625, 6, 7.3125], "texture": "#texture", "tintindex": 0},
				"up": {"uv": [7.25, 1.375, 7.375, 1.5], "texture": "#texture"}
			}
		},
		{
			"from": [-2, 20.5412, 28.69344],
			"to": [18, 22.4412, 30.69344],
			"rotation": {"angle": -22.5, "axis": "x", "origin": [8, 12.5412, 29.69344]},
			"faces": {
				"north": {"uv": [6.4375, 2.9375, 7.6875, 3.0625], "texture": "#texture", "tintindex": 0},
				"south": {"uv": [6.4375, 3.0625, 7.6875, 3.1875], "texture": "#texture", "tintindex": 0},
				"up": {"uv": [6.4375, 3.1875, 7.6875, 3.3125], "texture": "#texture"},
				"down": {"uv": [6.4375, 3.3125, 7.6875, 3.4375], "texture": "#texture", "tintindex": 0}
			}
		},
		{
			"from": [18.95, 12.5, 27.85],
			"to": [19.95, 20.7453, 28.85],
			"rotation": {"angle": -22.5, "axis": "x", "origin": [19.95, 12, 28.9]},
			"faces": {
				"east": {"uv": [6.75, 7.125, 6.8125, 7.625], "texture": "#texture"},
				"west": {"uv": [6.8125, 7.125, 6.875, 7.625], "texture": "#texture"}
			}
		},
		{
			"from": [-3.95, 12.5, 27.85],
			"to": [-2.95, 20.7453, 28.85],
			"rotation": {"angle": -22.5, "axis": "x", "origin": [-2.95, 12, 28.9]},
			"faces": {
				"east": {"uv": [7, 7.125, 7.0625, 7.625], "texture": "#texture"},
				"west": {"uv": [7.0625, 7.125, 7.125, 7.625], "texture": "#texture"}
			}
		},
		{
			"from": [-2, 12, 30],
			"to": [18, 21, 31],
			"rotation": {"angle": -22.5, "axis": "x", "origin": [8, 12, 31]},
			"faces": {
				"north": {"uv": [4.3125, 0.875, 5.5625, 1.4375], "texture": "#texture"},
				"south": {"uv": [1.25, 4.375, 2.5, 4.9375], "texture": "#texture"}
			}
		},
		{
			"from": [-2, 12, -14],
			"to": [8, 21, -13],
			"rotation": {"angle": 22.5, "axis": "x", "origin": [4, 12, -14]},
			"faces": {
				"north": {"uv": [5.8125, 0, 6.4375, 0.5625], "texture": "#texture"},
				"south": {"uv": [5.8125, 3, 6.4375, 3.5625], "texture": "#texture"}
			}
		},
		{
			"from": [18.95, 13.3, -12],
			"to": [19.95, 21.5, -11],
			"rotation": {"angle": 22.5, "axis": "x", "origin": [3.95, 12, -14]},
			"faces": {
				"east": {"uv": [3.0625, 7.0625, 3.125, 7.5625], "texture": "#texture"},
				"west": {"uv": [2.0625, 7.125, 2.125, 7.625], "texture": "#texture"}
			}
		},
		{
			"from": [-3.95, 13.3, -12],
			"to": [-2.95, 21.5, -11],
			"rotation": {"angle": 22.5, "axis": "x", "origin": [-18.95, 12, -14]},
			"faces": {
				"east": {"uv": [6.875, 7.125, 6.9375, 7.625], "texture": "#texture"},
				"west": {"uv": [6.9375, 7.125, 7, 7.625], "texture": "#texture"}
			}
		},
		{
			"from": [-3.95, 12, 0.3],
			"to": [-2.95, 20.0703, 13.1],
			"rotation": {"angle": 0, "axis": "y", "origin": [4.05, 20, 8.3]},
			"faces": {
				"east": {"uv": [5.25, 3.875, 6.0625, 4.375], "texture": "#texture"},
				"west": {"uv": [5.25, 4.375, 6.0625, 4.875], "texture": "#texture"}
			}
		},
		{
			"from": [18.95, 12, 0.3],
			"to": [19.95, 20.0703, 13.1],
			"rotation": {"angle": 0, "axis": "y", "origin": [11.95, 20, 8.3]},
			"faces": {
				"east": {"uv": [1.625, 5.4375, 2.4375, 5.9375], "texture": "#texture"},
				"west": {"uv": [5.5625, 0.875, 6.375, 1.375], "texture": "#texture"}
			}
		},
		{
			"from": [-3.95, 12, 15.7],
			"to": [-2.95, 20.0703, 28.95],
			"rotation": {"angle": 0, "axis": "y", "origin": [4.05, 20, 23.7]},
			"faces": {
				"east": {"uv": [0, 5.3125, 0.8125, 5.8125], "texture": "#texture"},
				"south": {"uv": [1.625, 7.1875, 1.6875, 7.6875], "texture": "#texture"},
				"west": {"uv": [3.625, 5.375, 4.4375, 5.875], "texture": "#texture"},
				"up": {"uv": [2.125, 6.4375, 2.1875, 7.25], "texture": "#texture"}
			}
		},
		{
			"from": [18.95, 12, 15.7],
			"to": [19.95, 20.0703, 28.95],
			"rotation": {"angle": 0, "axis": "y", "origin": [11.95, 20, 23.7]},
			"faces": {
				"east": {"uv": [4.4375, 5.375, 5.25, 5.875], "texture": "#texture"},
				"south": {"uv": [1.6875, 7.1875, 1.75, 7.6875], "texture": "#texture"},
				"west": {"uv": [0.8125, 5.4375, 1.625, 5.9375], "texture": "#texture"},
				"up": {"uv": [1.875, 6.6875, 1.9375, 7.5], "texture": "#texture"}
			}
		},
		{
			"from": [-3.95, 12, -12.45],
			"to": [-2.95, 20.0703, -1.65],
			"rotation": {"angle": 0, "axis": "y", "origin": [4.05, 20, -6.45]},
			"faces": {
				"north": {"uv": [7.125, 7.125, 7.1875, 7.625], "texture": "#texture"},
				"east": {"uv": [3.3125, 5.875, 4, 6.375], "texture": "#texture"},
				"west": {"uv": [4, 5.875, 4.6875, 6.375], "texture": "#texture"},
				"up": {"uv": [4.1875, 6.75, 4.25, 7.4375], "texture": "#texture"}
			}
		},
		{
			"from": [18.95, 12, -12.45],
			"to": [19.95, 20.0703, -1.65],
			"rotation": {"angle": 0, "axis": "y", "origin": [11.95, 20, -6.45]},
			"faces": {
				"north": {"uv": [1.75, 7.1875, 1.8125, 7.6875], "texture": "#texture"},
				"east": {"uv": [5.875, 5.875, 6.5625, 6.375], "texture": "#texture"},
				"west": {"uv": [5.875, 5.125, 6.5625, 5.625], "texture": "#texture"},
				"up": {"uv": [4.25, 6.75, 4.3125, 7.4375], "texture": "#texture"}
			}
		}
	],
	"groups": [
		{
			"name": "Axels",
			"origin": [5, 8, -19],
			"children": [0, 1, 2, 3, 4]
		},
		{
			"name": "Springs",
			"origin": [8, 8, 8],
			"children": [5, 6, 7, 8]
		},
		{
			"name": "Exterior Detail",
			"origin": [9, 8, 8],
			"children": [9, 10, 11, 12, 13, 14, 15, 16, 17, 18, 19, 20, 21, 22, 23, 24, 25, 26, 27, 28, 29, 30, 31, 32, 33, 34, 35, 36, 37, 38, 39, 40, 41, 42]
		},
		{
			"name": "Interior Detail",
			"origin": [8, 2.22836, -6.85195],
			"children": [43, 44, 45, 46, 47, 48, 49]
		},
		{
			"name": "Body",
			"origin": [8, 12.5412, 29.69344],
			"children": [50, 51, 52, 53, 54, 55, 56, 57, 58, 59, 60, 61, 62, 63, 64, 65, 66, 67, 68, 69, 70, 71, 72, 73, 74, 75, 76, 77]
		},
		{
			"name": "Windows",
			"origin": [8, 8, 8],
			"children": [78, 79, 80, 81, 82, 83, 84, 85, 86, 87, 88, 89]
		}
	]
}