{
    "__comment": "Model generated using MrCrayfish's Model Creator (https://mrcrayfish.com/tools?id=mc)",
    "textures": {
        "handles": "minecraft:block/black_concrete",
        "axel": "minecraft:block/light_gray_concrete",
        "body": "minecraft:block/white_concrete"
    },
    "elements": [
        {
            "from": [ 7.5, 8.2, 16.7 ], 
            "to": [ 8.5, 11.8, 17.7 ], 
            "rotation": { "origin": [ 8.0, 10.5, 16.5 ], "axis": "x", "angle": -22.5 },
            "faces": {
                "north": { "texture": "#axel", "uv": [ 0, 0, 1, 3.6 ] },
                "east": { "texture": "#axel", "uv": [ 0, 0, 1, 3.6 ] },
                "south": { "texture": "#axel", "uv": [ 0, 0, 1, 3.6 ] },
                "west": { "texture": "#axel", "uv": [ 0, 0, 1, 3.6 ] },
                "up": { "texture": "#axel", "uv": [ 0, 0, 1, 1 ] },
                "down": { "texture": "#axel", "uv": [ 0, 0, 1, 1 ] }
            }
        },
        {
            "from": [ 6.2, 11.8, 16.7 ], 
            "to": [ 9.8, 12.3, 17.7 ], 
            "rotation": { "origin": [ 8.0, 10.5, 16.5 ], "axis": "x", "angle": -22.5 },
            "faces": {
                "north": { "texture": "#axel", "uv": [ 0, 0, 3.6, 0.5 ] },
                "east": { "texture": "#axel", "uv": [ 0, 0, 1, 0.5 ] },
                "south": { "texture": "#axel", "uv": [ 0, 0, 3.6, 0.5 ] },
                "west": { "texture": "#axel", "uv": [ 0, 0, 1, 0.5 ] },
                "up": { "texture": "#axel", "uv": [ 0, 0, 3.6, 1 ] },
                "down": { "texture": "#axel", "uv": [ 0, 0, 3.6, 1 ] }
            }
        },
        {
            "from": [ 6.2, 7.7, 16.7 ], 
            "to": [ 9.8, 8.2, 17.7 ], 
            "rotation": { "origin": [ 8.0, 10.5, 16.5 ], "axis": "x", "angle": -22.5 },
            "faces": {
                "north": { "texture": "#axel", "uv": [ 0, 0, 3.6, 0.5 ] },
                "east": { "texture": "#axel", "uv": [ 0, 0, 1, 0.5 ] },
                "south": { "texture": "#axel", "uv": [ 0, 0, 3.6, 0.5 ] },
                "west": { "texture": "#axel", "uv": [ 0, 0, 1, 0.5 ] },
                "up": { "texture": "#axel", "uv": [ 0, 0, 3.6, 1 ] },
                "down": { "texture": "#axel", "uv": [ 0, 0, 3.6, 1 ] }
            }
        },
        {
            "from": [ 5.2, 0.2, 16.7 ], 
            "to": [ 6.2, 16.2, 17.7 ], 
            "rotation": { "origin": [ 8.0, 10.5, 16.5 ], "axis": "x", "angle": -22.5 },
            "faces": {
                "north": { "texture": "#body", "uv": [ 0, 0, 1, 16 ], "tintindex": 0 },
                "east": { "texture": "#body", "uv": [ 0, 0, 1, 16 ], "tintindex": 0 },
                "south": { "texture": "#body", "uv": [ 0, 0, 1, 16 ], "tintindex": 0 },
                "west": { "texture": "#body", "uv": [ 0, 0, 1, 16 ], "tintindex": 0 },
                "up": { "texture": "#body", "uv": [ 0, 0, 1, 1 ], "tintindex": 0 },
                "down": { "texture": "#body", "uv": [ 0, 0, 1, 1 ], "tintindex": 0 }
            }
        },
        {
            "from": [ 9.8, 0.2, 16.7 ], 
            "to": [ 10.8, 16.2, 17.7 ], 
            "rotation": { "origin": [ 8.0, 10.5, 16.5 ], "axis": "x", "angle": -22.5 },
            "faces": {
                "north": { "texture": "#body", "uv": [ 0, 0, 1, 16 ], "tintindex": 0 },
                "east": { "texture": "#body", "uv": [ 0, 0, 1, 16 ], "tintindex": 0 },
                "south": { "texture": "#body", "uv": [ 0, 0, 1, 16 ], "tintindex": 0 },
                "west": { "texture": "#body", "uv": [ 0, 0, 1, 16 ], "tintindex": 0 },
                "up": { "texture": "#body", "uv": [ 0, 0, 1, 1 ], "tintindex": 0 },
                "down": { "texture": "#body", "uv": [ 0, 0, 1, 1 ], "tintindex": 0 }
            }
        },
        {
            "from": [ 5, 1.3, 20.5 ], 
            "to": [ 11, 2.1, 21.3 ], 
            "rotation": { "origin": [ 8.0, 1.7, 20.899999998509884 ], "axis": "x", "angle": -22.5 },
            "faces": {
                "north": { "texture": "#axel", "uv": [ 0, 0, 6, 0.8 ] },
                "east": { "texture": "#axel", "uv": [ 0, 0, 0.8, 0.8 ] },
                "south": { "texture": "#axel", "uv": [ 0, 0, 6, 0.8 ] },
                "west": { "texture": "#axel", "uv": [ 0, 0, 0.8, 0.8 ] },
                "up": { "texture": "#axel", "uv": [ 0, 0, 6, 0.8 ] },
                "down": { "texture": "#axel", "uv": [ 0, 0, 6, 0.8 ] }
            }
        },
        {
            "from": [ 5.1, 1, 20.2 ], 
            "to": [ 6.3, 2.4, 21.6 ], 
            "rotation": { "origin": [ 8.0, 1.7, 20.9 ], "axis": "x", "angle": -22.5 },
            "faces": {
                "north": { "texture": "#body", "uv": [ 0, 0, 1.2, 1.4 ], "tintindex": 0 },
                "east": { "texture": "#body", "uv": [ 0, 0, 1.4, 1.4 ], "tintindex": 0 },
                "south": { "texture": "#body", "uv": [ 0, 0, 1.2, 1.4 ], "tintindex": 0 },
                "west": { "texture": "#body", "uv": [ 0, 0, 1.4, 1.4 ], "tintindex": 0 },
                "up": { "texture": "#body", "uv": [ 0, 0, 1.2, 1.4 ], "tintindex": 0 },
                "down": { "texture": "#body", "uv": [ 0, 0, 1.2, 1.4 ], "tintindex": 0 }
            }
        },
        {
            "from": [ 9.7, 1, 20.2 ], 
            "to": [ 10.9, 2.4, 21.6 ], 
            "rotation": { "origin": [ 8.0, 1.7, 20.9 ], "axis": "x", "angle": -22.5 },
            "faces": {
                "north": { "texture": "#body", "uv": [ 0, 0, 1.2, 1.4 ], "tintindex": 0 },
                "east": { "texture": "#body", "uv": [ 0, 0, 1.4, 1.4 ], "tintindex": 0 },
                "south": { "texture": "#body", "uv": [ 0, 0, 1.2, 1.4 ], "tintindex": 0 },
                "west": { "texture": "#body", "uv": [ 0, 0, 1.4, 1.4 ], "tintindex": 0 },
                "up": { "texture": "#body", "uv": [ 0, 0, 1.2, 1.4 ], "tintindex": 0 },
                "down": { "texture": "#body", "uv": [ 0, 0, 1.2, 1.4 ], "tintindex": 0 }
            }
        },
        {
            "from": [ 5.2, 15.8, 14.5 ], 
            "to": [ 6.2, 16.8, 15.5 ], 
            "faces": {
                "north": { "texture": "#body", "uv": [ 0, 0, 1, 1 ], "tintindex": 0 },
                "east": { "texture": "#body", "uv": [ 0, 0, 1, 1 ], "tintindex": 0 },
                "south": { "texture": "#body", "uv": [ 0, 0, 1, 1 ], "tintindex": 0 },
                "west": { "texture": "#body", "uv": [ 0, 0, 1, 1 ], "tintindex": 0 },
                "up": { "texture": "#body", "uv": [ 0, 0, 1, 1 ], "tintindex": 0 },
                "down": { "texture": "#body", "uv": [ 0, 0, 1, 1 ], "tintindex": 0 }
            }
        },
        {
            "from": [ 9.8, 15.8, 14.5 ], 
            "to": [ 10.8, 16.8, 15.5 ], 
            "faces": {
                "north": { "texture": "#body", "uv": [ 0, 0, 1, 1 ], "tintindex": 0 },
                "east": { "texture": "#body", "uv": [ 0, 0, 1, 1 ], "tintindex": 0 },
                "south": { "texture": "#body", "uv": [ 0, 0, 1, 1 ], "tintindex": 0 },
                "west": { "texture": "#body", "uv": [ 0, 0, 1, 1 ], "tintindex": 0 },
                "up": { "texture": "#body", "uv": [ 0, 0, 1, 1 ], "tintindex": 0 },
                "down": { "texture": "#body", "uv": [ 0, 0, 1, 1 ], "tintindex": 0 }
            }
        },
        {
            "from": [ 1.2, 15.8, 14.5 ], 
            "to": [ 5.2, 16.8, 15.5 ], 
            "rotation": { "origin": [ 5.200000002980232, 16.0, 15.50000000745058 ], "axis": "y", "angle": -22.5 },
            "faces": {
                "north": { "texture": "#body", "uv": [ 0, 0, 4, 1 ], "tintindex": 0 },
                "east": { "texture": "#body", "uv": [ 0, 0, 1, 1 ], "tintindex": 0 },
                "south": { "texture": "#body", "uv": [ 0, 0, 4, 1 ], "tintindex": 0 },
                "west": { "texture": "#body", "uv": [ 0, 0, 1, 1 ], "tintindex": 0 },
                "up": { "texture": "#body", "uv": [ 0, 0, 4, 1 ], "tintindex": 0 },
                "down": { "texture": "#body", "uv": [ 0, 0, 4, 1 ], "tintindex": 0 }
            }
        },
        {
            "from": [ 10.8, 15.8, 14.5 ], 
            "to": [ 14.8, 16.8, 15.5 ], 
            "rotation": { "origin": [ 10.799999997019768, 16.0, 15.5 ], "axis": "y", "angle": 22.5 },
            "faces": {
                "north": { "texture": "#body", "uv": [ 0, 0, 4, 1 ], "tintindex": 0 },
                "east": { "texture": "#body", "uv": [ 0, 0, 1, 1 ], "tintindex": 0 },
                "south": { "texture": "#body", "uv": [ 0, 0, 4, 1 ], "tintindex": 0 },
                "west": { "texture": "#body", "uv": [ 0, 0, 1, 1 ], "tintindex": 0 },
                "up": { "texture": "#body", "uv": [ 0, 0, 4, 1 ], "tintindex": 0 },
                "down": { "texture": "#body", "uv": [ 0, 0, 4, 1 ], "tintindex": 0 }
            }
        },
        {
            "from": [ 1.1, 15.7, 14.4 ], 
            "to": [ 4.1, 16.9, 15.6 ], 
            "rotation": { "origin": [ 5.200000002980232, 16.0, 15.50000000745058 ], "axis": "y", "angle": -22.5 },
            "faces": {
                "north": { "texture": "#handles", "uv": [ 0, 0, 3, 1.2 ] },
                "east": { "texture": "#handles", "uv": [ 0, 0, 1.2, 1.2 ] },
                "south": { "texture": "#handles", "uv": [ 0, 0, 3, 1.2 ] },
                "west": { "texture": "#handles", "uv": [ 0, 0, 1.2, 1.2 ] },
                "up": { "texture": "#handles", "uv": [ 0, 0, 3, 1.2 ] },
                "down": { "texture": "#handles", "uv": [ 0, 0, 3, 1.2 ] }
            }
        },
        {
            "from": [ 4.1, 15.5, 14.2 ], 
            "to": [ 4.6, 17.1, 15.8 ], 
            "rotation": { "origin": [ 5.200000002980232, 16.0, 15.50000000745058 ], "axis": "y", "angle": -22.5 },
            "faces": {
                "north": { "texture": "#handles", "uv": [ 0, 0, 0.5, 1.6 ] },
                "east": { "texture": "#handles", "uv": [ 0, 0, 1.6, 1.6 ] },
                "south": { "texture": "#handles", "uv": [ 0, 0, 0.5, 1.6 ] },
                "west": { "texture": "#handles", "uv": [ 0, 0, 1.6, 1.6 ] },
                "up": { "texture": "#handles", "uv": [ 0, 0, 0.5, 1.6 ] },
                "down": { "texture": "#handles", "uv": [ 0, 0, 0.5, 1.6 ] }
            }
        },
        {
            "from": [ 11.9, 15.7, 14.4 ], 
            "to": [ 14.9, 16.9, 15.6 ], 
            "rotation": { "origin": [ 10.799999997019768, 16.0, 15.5 ], "axis": "y", "angle": 22.5 },
            "faces": {
                "north": { "texture": "#handles", "uv": [ 0, 0, 3, 1.2 ] },
                "east": { "texture": "#handles", "uv": [ 0, 0, 1.2, 1.2 ] },
                "south": { "texture": "#handles", "uv": [ 0, 0, 3, 1.2 ] },
                "west": { "texture": "#handles", "uv": [ 0, 0, 1.2, 1.2 ] },
                "up": { "texture": "#handles", "uv": [ 0, 0, 3, 1.2 ] },
                "down": { "texture": "#handles", "uv": [ 0, 0, 3, 1.2 ] }
            }
        },
        {
            "from": [ 11.4, 15.5, 14.2 ], 
            "to": [ 11.9, 17.1, 15.8 ], 
            "rotation": { "origin": [ 10.799999997019768, 16.0, 15.5 ], "axis": "y", "angle": 22.5 },
            "faces": {
                "north": { "texture": "#handles", "uv": [ 0, 0, 0.5, 1.6 ] },
                "east": { "texture": "#handles", "uv": [ 0, 0, 1.6, 1.6 ] },
                "south": { "texture": "#handles", "uv": [ 0, 0, 0.5, 1.6 ] },
                "west": { "texture": "#handles", "uv": [ 0, 0, 1.6, 1.6 ] },
                "up": { "texture": "#handles", "uv": [ 0, 0, 0.5, 1.6 ] },
                "down": { "texture": "#handles", "uv": [ 0, 0, 0.5, 1.6 ] }
            }
        }
    ]
}