{
    "__comment": "Model generated using MrCrayfish's Model Creator (https://mrcrayfish.com/tools?id=mc)",
    "textures": {
        "seat": "minecraft:block/black_concrete",
        "axel": "minecraft:block/light_gray_concrete",
        "body": "minecraft:block/white_concrete"
    },
    "elements": [
        {
            "from": [ 5, 0, 0 ], 
            "to": [ 6, 1, 14 ], 
            "faces": {
                "north": { "texture": "#body", "uv": [ 0, 0, 1, 1 ], "tintindex": 0 },
                "east": { "texture": "#body", "uv": [ 0, 0, 14, 1 ], "tintindex": 0 },
                "south": { "texture": "#body", "uv": [ 0, 0, 1, 1 ], "tintindex": 0 },
                "west": { "texture": "#body", "uv": [ 0, 0, 14, 1 ], "tintindex": 0 },
                "up": { "texture": "#body", "uv": [ 0, 0, 1, 14 ], "tintindex": 0 },
                "down": { "texture": "#body", "uv": [ 0, 0, 1, 14 ], "tintindex": 0 }
            }
        },
        {
            "from": [ 10, 0, 0 ], 
            "to": [ 11, 1, 14 ], 
            "faces": {
                "north": { "texture": "#body", "uv": [ 0, 0, 1, 1 ], "tintindex": 0 },
                "east": { "texture": "#body", "uv": [ 0, 0, 14, 1 ], "tintindex": 0 },
                "south": { "texture": "#body", "uv": [ 0, 0, 1, 1 ], "tintindex": 0 },
                "west": { "texture": "#body", "uv": [ 0, 0, 14, 1 ], "tintindex": 0 },
                "up": { "texture": "#body", "uv": [ 0, 0, 1, 14 ], "tintindex": 0 },
                "down": { "texture": "#body", "uv": [ 0, 0, 1, 14 ], "tintindex": 0 }
            }
        },
        {
            "from": [ 5, 1.1, 13.7 ], 
            "to": [ 6, 5.1, 14.7 ], 
            "rotation": { "origin": [ 8.0, 0.0, 15.0 ], "axis": "x", "angle": 22.5 },
            "faces": {
                "north": { "texture": "#body", "uv": [ 0, 0, 1, 4 ], "tintindex": 0 },
                "east": { "texture": "#body", "uv": [ 0, 0, 1, 4 ], "tintindex": 0 },
                "south": { "texture": "#body", "uv": [ 0, 0, 1, 4 ], "tintindex": 0 },
                "west": { "texture": "#body", "uv": [ 0, 0, 1, 4 ], "tintindex": 0 },
                "up": { "texture": "#body", "uv": [ 0, 0, 1, 1 ], "tintindex": 0 },
                "down": { "texture": "#body", "uv": [ 0, 0, 1, 1 ], "tintindex": 0 }
            }
        },
        {
            "from": [ 10, 1.1, 13.7 ], 
            "to": [ 11, 5.1, 14.7 ], 
            "rotation": { "origin": [ 8.0, 0.0, 15.0 ], "axis": "x", "angle": 22.5 },
            "faces": {
                "north": { "texture": "#body", "uv": [ 0, 0, 1, 4 ], "tintindex": 0 },
                "east": { "texture": "#body", "uv": [ 0, 0, 1, 4 ], "tintindex": 0 },
                "south": { "texture": "#body", "uv": [ 0, 0, 1, 4 ], "tintindex": 0 },
                "west": { "texture": "#body", "uv": [ 0, 0, 1, 4 ], "tintindex": 0 },
                "up": { "texture": "#body", "uv": [ 0, 0, 1, 1 ], "tintindex": 0 },
                "down": { "texture": "#body", "uv": [ 0, 0, 1, 1 ], "tintindex": 0 }
            }
        },
        {
            "from": [ 10, 0, 0 ], 
            "to": [ 11, 2.4, 1 ], 
            "rotation": { "origin": [ 7.0, 0.0, 0.0 ], "axis": "x", "angle": -45.0 },
            "faces": {
                "north": { "texture": "#body", "uv": [ 0, 0, 1, 2.4 ], "tintindex": 0 },
                "east": { "texture": "#body", "uv": [ 0, 0, 1, 2.4 ], "tintindex": 0 },
                "south": { "texture": "#body", "uv": [ 0, 0, 1, 2.4 ], "tintindex": 0 },
                "west": { "texture": "#body", "uv": [ 0, 0, 1, 2.4 ], "tintindex": 0 },
                "up": { "texture": "#body", "uv": [ 0, 0, 1, 1 ], "tintindex": 0 },
                "down": { "texture": "#body", "uv": [ 0, 0, 1, 1 ], "tintindex": 0 }
            }
        },
        {
            "from": [ 5, 0, 0 ], 
            "to": [ 6, 2.4, 1 ], 
            "rotation": { "origin": [ 7.0, 0.0, 0.0 ], "axis": "x", "angle": -45.0 },
            "faces": {
                "north": { "texture": "#body", "uv": [ 0, 0, 1, 2.4 ], "tintindex": 0 },
                "east": { "texture": "#body", "uv": [ 0, 0, 1, 2.4 ], "tintindex": 0 },
                "south": { "texture": "#body", "uv": [ 0, 0, 1, 2.4 ], "tintindex": 0 },
                "west": { "texture": "#body", "uv": [ 0, 0, 1, 2.4 ], "tintindex": 0 },
                "up": { "texture": "#body", "uv": [ 0, 0, 1, 1 ], "tintindex": 0 },
                "down": { "texture": "#body", "uv": [ 0, 0, 1, 1 ], "tintindex": 0 }
            }
        },
        {
            "from": [ 5, 1.7, -1.7 ], 
            "to": [ 6, 3.7, -0.7 ], 
            "faces": {
                "north": { "texture": "#body", "uv": [ 0, 0, 1, 2 ], "tintindex": 0 },
                "east": { "texture": "#body", "uv": [ 0, 0, 1, 2 ], "tintindex": 0 },
                "south": { "texture": "#body", "uv": [ 0, 0, 1, 2 ], "tintindex": 0 },
                "west": { "texture": "#body", "uv": [ 0, 0, 1, 2 ], "tintindex": 0 },
                "up": { "texture": "#body", "uv": [ 0, 0, 1, 1 ], "tintindex": 0 },
                "down": { "texture": "#body", "uv": [ 0, 0, 1, 1 ], "tintindex": 0 }
            }
        },
        {
            "from": [ 10, 1.7, -1.7 ], 
            "to": [ 11, 3.7, -0.7 ], 
            "faces": {
                "north": { "texture": "#body", "uv": [ 0, 0, 1, 2 ], "tintindex": 0 },
                "east": { "texture": "#body", "uv": [ 0, 0, 1, 2 ], "tintindex": 0 },
                "south": { "texture": "#body", "uv": [ 0, 0, 1, 2 ], "tintindex": 0 },
                "west": { "texture": "#body", "uv": [ 0, 0, 1, 2 ], "tintindex": 0 },
                "up": { "texture": "#body", "uv": [ 0, 0, 1, 1 ], "tintindex": 0 },
                "down": { "texture": "#body", "uv": [ 0, 0, 1, 1 ], "tintindex": 0 }
            }
        },
        {
            "from": [ 5, 3.7, -1.7 ], 
            "to": [ 6, 10.7, -0.7 ], 
            "rotation": { "origin": [ 8.0, 3.6999999955296516, -1.6999999955296516 ], "axis": "x", "angle": 22.5 },
            "faces": {
                "north": { "texture": "#body", "uv": [ 0, 0, 1, 7 ], "tintindex": 0 },
                "east": { "texture": "#body", "uv": [ 0, 0, 1, 7 ], "tintindex": 0 },
                "south": { "texture": "#body", "uv": [ 0, 0, 1, 7 ], "tintindex": 0 },
                "west": { "texture": "#body", "uv": [ 0, 0, 1, 7 ], "tintindex": 0 },
                "up": { "texture": "#body", "uv": [ 0, 0, 1, 1 ], "tintindex": 0 },
                "down": { "texture": "#body", "uv": [ 0, 0, 1, 1 ], "tintindex": 0 }
            }
        },
        {
            "from": [ 10, 3.7, -1.7 ], 
            "to": [ 11, 10.7, -0.7 ], 
            "rotation": { "origin": [ 8.0, 3.6999999955296516, -1.6999999955296516 ], "axis": "x", "angle": 22.5 },
            "faces": {
                "north": { "texture": "#body", "uv": [ 0, 0, 1, 7 ], "tintindex": 0 },
                "east": { "texture": "#body", "uv": [ 0, 0, 1, 7 ], "tintindex": 0 },
                "south": { "texture": "#body", "uv": [ 0, 0, 1, 7 ], "tintindex": 0 },
                "west": { "texture": "#body", "uv": [ 0, 0, 1, 7 ], "tintindex": 0 },
                "up": { "texture": "#body", "uv": [ 0, 0, 1, 1 ], "tintindex": 0 },
                "down": { "texture": "#body", "uv": [ 0, 0, 1, 1 ], "tintindex": 0 }
            }
        },
        {
            "from": [ 5, 0, 14 ], 
            "to": [ 6, 1, 15.6 ], 
            "rotation": { "origin": [ 8.0, 0.0, 14.0 ], "axis": "x", "angle": -45.0 },
            "faces": {
                "north": { "texture": "#body", "uv": [ 0, 0, 1, 1 ], "tintindex": 0 },
                "east": { "texture": "#body", "uv": [ 0, 0, 1.6, 1 ], "tintindex": 0 },
                "south": { "texture": "#body", "uv": [ 0, 0, 1, 1 ], "tintindex": 0 },
                "west": { "texture": "#body", "uv": [ 0, 0, 1.6, 1 ], "tintindex": 0 },
                "up": { "texture": "#body", "uv": [ 0, 0, 1, 1.6 ], "tintindex": 0 },
                "down": { "texture": "#body", "uv": [ 0, 0, 1, 1.6 ], "tintindex": 0 }
            }
        },
        {
            "from": [ 10, 0, 14 ], 
            "to": [ 11, 1, 15.6 ], 
            "rotation": { "origin": [ 8.0, 0.0, 14.0 ], "axis": "x", "angle": -45.0 },
            "faces": {
                "north": { "texture": "#body", "uv": [ 0, 0, 1, 1 ], "tintindex": 0 },
                "east": { "texture": "#body", "uv": [ 0, 0, 1.6, 1 ], "tintindex": 0 },
                "south": { "texture": "#body", "uv": [ 0, 0, 1, 1 ], "tintindex": 0 },
                "west": { "texture": "#body", "uv": [ 0, 0, 1.6, 1 ], "tintindex": 0 },
                "up": { "texture": "#body", "uv": [ 0, 0, 1, 1.6 ], "tintindex": 0 },
                "down": { "texture": "#body", "uv": [ 0, 0, 1, 1.6 ], "tintindex": 0 }
            }
        },
        {
            "from": [ 5, 9.5, 0 ], 
            "to": [ 6, 10.5, 11 ], 
            "faces": {
                "north": { "texture": "#body", "uv": [ 0, 0, 1, 1 ], "tintindex": 0 },
                "east": { "texture": "#body", "uv": [ 0, 0, 11, 1 ], "tintindex": 0 },
                "south": { "texture": "#body", "uv": [ 0, 0, 1, 1 ], "tintindex": 0 },
                "west": { "texture": "#body", "uv": [ 0, 0, 11, 1 ], "tintindex": 0 },
                "up": { "texture": "#body", "uv": [ 0, 0, 1, 11 ], "tintindex": 0 },
                "down": { "texture": "#body", "uv": [ 0, 0, 1, 11 ], "tintindex": 0 }
            }
        },
        {
            "from": [ 10, 9.5, 0 ], 
            "to": [ 11, 10.5, 11 ], 
            "faces": {
                "north": { "texture": "#body", "uv": [ 0, 0, 1, 1 ], "tintindex": 0 },
                "east": { "texture": "#body", "uv": [ 0, 0, 11, 1 ], "tintindex": 0 },
                "south": { "texture": "#body", "uv": [ 0, 0, 1, 1 ], "tintindex": 0 },
                "west": { "texture": "#body", "uv": [ 0, 0, 11, 1 ], "tintindex": 0 },
                "up": { "texture": "#body", "uv": [ 0, 0, 1, 11 ], "tintindex": 0 },
                "down": { "texture": "#body", "uv": [ 0, 0, 1, 11 ], "tintindex": 0 }
            }
        },
        {
            "from": [ 6, 0.3, 8 ], 
            "to": [ 10, 0.9, 13 ], 
            "faces": {
                "north": { "texture": "#axel", "uv": [ 0, 0, 4, 0.6 ] },
                "south": { "texture": "#axel", "uv": [ 0, 0, 4, 0.6 ] },
                "up": { "texture": "#axel", "uv": [ 0, 0, 4, 5 ] },
                "down": { "texture": "#axel", "uv": [ 0, 0, 4, 5 ] }
            }
        },
        {
            "from": [ 5, 9.5, -2.1 ], 
            "to": [ 6, 10.5, 0 ], 
            "rotation": { "origin": [ 5.0, 10.0, 0.0 ], "axis": "y", "angle": -45.0 },
            "faces": {
                "north": { "texture": "#body", "uv": [ 0, 0, 1, 1 ], "tintindex": 0 },
                "east": { "texture": "#body", "uv": [ 0, 0, 2.1, 1 ], "tintindex": 0 },
                "south": { "texture": "#body", "uv": [ 0, 0, 1, 1 ], "tintindex": 0 },
                "west": { "texture": "#body", "uv": [ 0, 0, 2.1, 1 ], "tintindex": 0 },
                "up": { "texture": "#body", "uv": [ 0, 0, 1, 2.1 ], "tintindex": 0 },
                "down": { "texture": "#body", "uv": [ 0, 0, 1, 2.1 ], "tintindex": 0 }
            }
        },
        {
            "from": [ 10, 9.5, -2.1 ], 
            "to": [ 11, 10.5, 0 ], 
            "rotation": { "origin": [ 11.0, 10.0, 0.0 ], "axis": "y", "angle": 45.0 },
            "faces": {
                "north": { "texture": "#body", "uv": [ 0, 0, 1, 1 ], "tintindex": 0 },
                "east": { "texture": "#body", "uv": [ 0, 0, 2.1, 1 ], "tintindex": 0 },
                "south": { "texture": "#body", "uv": [ 0, 0, 1, 1 ], "tintindex": 0 },
                "west": { "texture": "#body", "uv": [ 0, 0, 2.1, 1 ], "tintindex": 0 },
                "up": { "texture": "#body", "uv": [ 0, 0, 1, 2.1 ], "tintindex": 0 },
                "down": { "texture": "#body", "uv": [ 0, 0, 1, 2.1 ], "tintindex": 0 }
            }
        },
        {
            "from": [ 6.5, 9.5, -1.5 ], 
            "to": [ 9.5, 10.5, -0.5 ], 
            "faces": {
                "north": { "texture": "#body", "uv": [ 0, 0, 3, 1 ], "tintindex": 0 },
                "east": { "texture": "#body", "uv": [ 0, 0, 1, 1 ], "tintindex": 0 },
                "south": { "texture": "#body", "uv": [ 0, 0, 3, 1 ], "tintindex": 0 },
                "west": { "texture": "#body", "uv": [ 0, 0, 1, 1 ], "tintindex": 0 },
                "up": { "texture": "#body", "uv": [ 0, 0, 3, 1 ], "tintindex": 0 },
                "down": { "texture": "#body", "uv": [ 0, 0, 3, 1 ], "tintindex": 0 }
            }
        },
        {
            "from": [ 6, 9.6, 2 ], 
            "to": [ 10, 10.4, 2.8 ], 
            "faces": {
                "north": { "texture": "#axel", "uv": [ 0, 0, 4, 0.8 ] },
                "south": { "texture": "#axel", "uv": [ 0, 0, 4, 0.8 ] },
                "up": { "texture": "#axel", "uv": [ 0, 0, 4, 0.8 ] },
                "down": { "texture": "#axel", "uv": [ 0, 0, 4, 0.8 ] }
            }
        },
        {
            "from": [ 6, 9.6, 7 ], 
            "to": [ 10, 10.4, 7.8 ], 
            "faces": {
                "north": { "texture": "#axel", "uv": [ 0, 0, 4, 0.8 ] },
                "south": { "texture": "#axel", "uv": [ 0, 0, 4, 0.8 ] },
                "up": { "texture": "#axel", "uv": [ 0, 0, 4, 0.8 ] },
                "down": { "texture": "#axel", "uv": [ 0, 0, 4, 0.8 ] }
            }
        },
        {
            "from": [ 5.2, 1, 0.6 ], 
            "to": [ 5.8, 2.4, 2 ], 
            "faces": {
                "north": { "texture": "#body", "uv": [ 0, 0, 0.6, 1.4 ], "tintindex": 0 },
                "east": { "texture": "#body", "uv": [ 0, 0, 1.4, 1.4 ], "tintindex": 0 },
                "south": { "texture": "#body", "uv": [ 0, 0, 0.6, 1.4 ], "tintindex": 0 },
                "west": { "texture": "#body", "uv": [ 0, 0, 1.4, 1.4 ], "tintindex": 0 },
                "up": { "texture": "#body", "uv": [ 0, 0, 0.6, 1.4 ], "tintindex": 0 }
            }
        },
        {
            "from": [ 10.2, 1, 0.6 ], 
            "to": [ 10.8, 2.4, 2 ], 
            "faces": {
                "north": { "texture": "#body", "uv": [ 0, 0, 0.6, 1.4 ], "tintindex": 0 },
                "east": { "texture": "#body", "uv": [ 0, 0, 1.4, 1.4 ], "tintindex": 0 },
                "south": { "texture": "#body", "uv": [ 0, 0, 0.6, 1.4 ], "tintindex": 0 },
                "west": { "texture": "#body", "uv": [ 0, 0, 1.4, 1.4 ], "tintindex": 0 },
                "up": { "texture": "#body", "uv": [ 0, 0, 0.6, 1.4 ], "tintindex": 0 }
            }
        },
        {
            "from": [ 5, 1.3, 0.9 ], 
            "to": [ 11, 2.1, 1.7 ], 
            "faces": {
                "north": { "texture": "#axel", "uv": [ 0, 0, 6, 0.8 ] },
                "east": { "texture": "#axel", "uv": [ 0, 0, 0.8, 0.8 ] },
                "south": { "texture": "#axel", "uv": [ 0, 0, 6, 0.8 ] },
                "west": { "texture": "#axel", "uv": [ 0, 0, 0.8, 0.8 ] },
                "up": { "texture": "#axel", "uv": [ 0, 0, 6, 0.8 ] },
                "down": { "texture": "#axel", "uv": [ 0, 0, 6, 0.8 ] }
            }
        },
        {
            "from": [ 5, 9.5, 11 ], 
            "to": [ 6, 10.5, 17 ], 
            "rotation": { "origin": [ 5.0, 10.0, 11.0 ], "axis": "y", "angle": 22.5 },
            "faces": {
                "north": { "texture": "#body", "uv": [ 0, 0, 1, 1 ], "tintindex": 0 },
                "east": { "texture": "#body", "uv": [ 0, 0, 6, 1 ], "tintindex": 0 },
                "south": { "texture": "#body", "uv": [ 0, 0, 1, 1 ], "tintindex": 0 },
                "west": { "texture": "#body", "uv": [ 0, 0, 6, 1 ], "tintindex": 0 },
                "up": { "texture": "#body", "uv": [ 0, 0, 1, 6 ], "tintindex": 0 },
                "down": { "texture": "#body", "uv": [ 0, 0, 1, 6 ], "tintindex": 0 }
            }
        },
        {
            "from": [ 10, 9.5, 11 ], 
            "to": [ 11, 10.5, 17 ], 
            "rotation": { "origin": [ 11.0, 10.0, 11.0 ], "axis": "y", "angle": -22.5 },
            "faces": {
                "north": { "texture": "#body", "uv": [ 0, 0, 1, 1 ], "tintindex": 0 },
                "east": { "texture": "#body", "uv": [ 0, 0, 6, 1 ], "tintindex": 0 },
                "south": { "texture": "#body", "uv": [ 0, 0, 1, 1 ], "tintindex": 0 },
                "west": { "texture": "#body", "uv": [ 0, 0, 6, 1 ], "tintindex": 0 },
                "up": { "texture": "#body", "uv": [ 0, 0, 1, 6 ], "tintindex": 0 },
                "down": { "texture": "#body", "uv": [ 0, 0, 1, 6 ], "tintindex": 0 }
            }
        },
        {
            "from": [ 5, 4.8, 15.7 ], 
            "to": [ 6, 5.8, 16.7 ], 
            "faces": {
                "north": { "texture": "#body", "uv": [ 0, 0, 1, 1 ], "tintindex": 0 },
                "east": { "texture": "#body", "uv": [ 0, 0, 1, 1 ], "tintindex": 0 },
                "south": { "texture": "#body", "uv": [ 0, 0, 1, 1 ], "tintindex": 0 },
                "west": { "texture": "#body", "uv": [ 0, 0, 1, 1 ], "tintindex": 0 },
                "up": { "texture": "#body", "uv": [ 0, 0, 1, 1 ], "tintindex": 0 },
                "down": { "texture": "#body", "uv": [ 0, 0, 1, 1 ], "tintindex": 0 }
            }
        },
        {
            "from": [ 10, 4.8, 15.7 ], 
            "to": [ 11, 5.8, 16.7 ], 
            "faces": {
                "north": { "texture": "#body", "uv": [ 0, 0, 1, 1 ], "tintindex": 0 },
                "east": { "texture": "#body", "uv": [ 0, 0, 1, 1 ], "tintindex": 0 },
                "south": { "texture": "#body", "uv": [ 0, 0, 1, 1 ], "tintindex": 0 },
                "west": { "texture": "#body", "uv": [ 0, 0, 1, 1 ], "tintindex": 0 },
                "up": { "texture": "#body", "uv": [ 0, 0, 1, 1 ], "tintindex": 0 },
                "down": { "texture": "#body", "uv": [ 0, 0, 1, 1 ], "tintindex": 0 }
            }
        },
        {
            "from": [ 5, 5.8, 15.7 ], 
            "to": [ 6, 10.9, 16.7 ], 
            "rotation": { "origin": [ 5.0, 5.799999997019768, 17.0 ], "axis": "z", "angle": -22.5 },
            "faces": {
                "north": { "texture": "#body", "uv": [ 0, 0, 1, 5.1 ], "tintindex": 0 },
                "east": { "texture": "#body", "uv": [ 0, 0, 1, 5.1 ], "tintindex": 0 },
                "south": { "texture": "#body", "uv": [ 0, 0, 1, 5.1 ], "tintindex": 0 },
                "west": { "texture": "#body", "uv": [ 0, 0, 1, 5.1 ], "tintindex": 0 },
                "up": { "texture": "#body", "uv": [ 0, 0, 1, 1 ], "tintindex": 0 },
                "down": { "texture": "#body", "uv": [ 0, 0, 1, 1 ], "tintindex": 0 }
            }
        },
        {
            "from": [ 10, 5.8, 15.7 ], 
            "to": [ 11, 10.9, 16.7 ], 
            "rotation": { "origin": [ 11.0, 5.799999997019768, 17.0 ], "axis": "z", "angle": 22.5 },
            "faces": {
                "north": { "texture": "#body", "uv": [ 0, 0, 1, 5.1 ], "tintindex": 0 },
                "east": { "texture": "#body", "uv": [ 0, 0, 1, 5.1 ], "tintindex": 0 },
                "south": { "texture": "#body", "uv": [ 0, 0, 1, 5.1 ], "tintindex": 0 },
                "west": { "texture": "#body", "uv": [ 0, 0, 1, 5.1 ], "tintindex": 0 },
                "up": { "texture": "#body", "uv": [ 0, 0, 1, 1 ], "tintindex": 0 },
                "down": { "texture": "#body", "uv": [ 0, 0, 1, 1 ], "tintindex": 0 }
            }
        },
        {
            "from": [ 7.3, 8.5, 16.5 ], 
            "to": [ 8.7, 11.5, 17.9 ], 
            "rotation": { "origin": [ 8.0, 10.5, 16.5 ], "axis": "x", "angle": -22.5 },
            "faces": {
                "north": { "texture": "#body", "uv": [ 0, 0, 1.4, 3 ], "tintindex": 0 },
                "east": { "texture": "#body", "uv": [ 0, 0, 1.4, 3 ], "tintindex": 0 },
                "south": { "texture": "#body", "uv": [ 0, 0, 1.4, 3 ], "tintindex": 0 },
                "west": { "texture": "#body", "uv": [ 0, 0, 1.4, 3 ], "tintindex": 0 },
                "up": { "texture": "#body", "uv": [ 0, 0, 1.4, 1.4 ], "tintindex": 0 },
                "down": { "texture": "#body", "uv": [ 0, 0, 1.4, 1.4 ], "tintindex": 0 }
            }
        },
        {
            "from": [ 5.6, 10.5, 1.1 ], 
            "to": [ 10.4, 11.7, 9.1 ], 
            "faces": {
                "north": { "texture": "#seat", "uv": [ 0, 0, 4.8, 1.2 ] },
                "east": { "texture": "#seat", "uv": [ 0, 0, 8, 1.2 ] },
                "south": { "texture": "#seat", "uv": [ 0, 0, 4.8, 1.2 ] },
                "west": { "texture": "#seat", "uv": [ 0, 0, 8, 1.2 ] },
                "up": { "texture": "#seat", "uv": [ 0, 0, 4.8, 8 ] },
                "down": { "texture": "#seat", "uv": [ 0, 0, 4.8, 8 ] }
            }
        },
        {
            "from": [ 5.7, 11.7, 1.1 ], 
            "to": [ 10.3, 12.5, 4.1 ], 
            "rotation": { "origin": [ 8.0, 11.699999995529652, 1.1000000014901161 ], "axis": "x", "angle": 22.5 },
            "faces": {
                "north": { "texture": "#seat", "uv": [ 0, 0, 4.6, 0.8 ] },
                "east": { "texture": "#seat", "uv": [ 0, 0, 3, 0.8 ] },
                "south": { "texture": "#seat", "uv": [ 0, 0, 4.6, 0.8 ] },
                "west": { "texture": "#seat", "uv": [ 0, 0, 3, 0.8 ] },
                "up": { "texture": "#seat", "uv": [ 0, 0, 4.6, 3 ] },
                "down": { "texture": "#seat", "uv": [ 0, 0, 4.6, 3 ] }
            }
        },
        {
            "from": [ 7.3, 9, 15.5 ], 
            "to": [ 8.7, 10.9, 17.5 ], 
            "rotation": { "origin": [ 8.0, 10.5, 16.5 ], "axis": "x", "angle": -22.5 },
            "faces": {
                "north": { "texture": "#body", "uv": [ 0, 0, 1.4, 1.9 ], "tintindex": 0 },
                "east": { "texture": "#body", "uv": [ 0, 0, 2, 1.9 ], "tintindex": 0 },
                "south": { "texture": "#body", "uv": [ 0, 0, 1.4, 1.9 ], "tintindex": 0 },
                "west": { "texture": "#body", "uv": [ 0, 0, 2, 1.9 ], "tintindex": 0 },
                "up": { "texture": "#body", "uv": [ 0, 0, 1.4, 2 ], "tintindex": 0 },
                "down": { "texture": "#body", "uv": [ 0, 0, 1.4, 2 ], "tintindex": 0 }
            }
        }
    ]
}