{
    "__comment": "Model generated using MrCrayfish's Model Creator (https://mrcrayfish.com/tools?id=mc)",
    "textures": {
        "axel": "minecraft:block/light_gray_concrete",
        "body": "minecraft:block/white_concrete"
    },
    "elements": [
        {
            "from": [ 5.5, 7.5, 7 ], 
            "to": [ 10.5, 8, 9 ], 
            "faces": {
                "north": { "texture": "#body", "uv": [ 0, 0, 5, 0.5 ], "tintindex": 0 },
                "east": { "texture": "#body", "uv": [ 0, 0, 2, 0.5 ], "tintindex": 0 },
                "south": { "texture": "#body", "uv": [ 0, 0, 5, 0.5 ], "tintindex": 0 },
                "west": { "texture": "#body", "uv": [ 0, 0, 2, 0.5 ], "tintindex": 0 },
                "up": { "texture": "#body", "uv": [ 0, 0, 5, 2 ], "tintindex": 0 },
                "down": { "texture": "#body", "uv": [ 0, 0, 5, 2 ], "tintindex": 0 }
            }
        },
        {
            "from": [ 5.5, 5, 7 ], 
            "to": [ 10.5, 8, 7.5 ], 
            "rotation": { "origin": [ 8.0, 8.0, 7.0 ], "axis": "x", "angle": 45.0 },
            "faces": {
                "north": { "texture": "#body", "uv": [ 0, 0, 5, 3 ], "tintindex": 0 },
                "east": { "texture": "#body", "uv": [ 0, 0, 0.5, 3 ], "tintindex": 0 },
                "south": { "texture": "#body", "uv": [ 0, 0, 5, 3 ], "tintindex": 0 },
                "west": { "texture": "#body", "uv": [ 0, 0, 0.5, 3 ], "tintindex": 0 },
                "up": { "texture": "#body", "uv": [ 0, 0, 5, 0.5 ], "tintindex": 0 },
                "down": { "texture": "#body", "uv": [ 0, 0, 5, 0.5 ], "tintindex": 0 }
            }
        },
        {
            "from": [ 5.5, 7.5, 9 ], 
            "to": [ 10.5, 8, 10.6 ], 
            "rotation": { "origin": [ 8.0, 8.0, 9.0 ], "axis": "x", "angle": 22.5 },
            "faces": {
                "north": { "texture": "#body", "uv": [ 0, 0, 5, 1.6 ], "tintindex": 0 },
                "east": { "texture": "#body", "uv": [ 0, 0, 1.6, 1.6 ], "tintindex": 0 },
                "south": { "texture": "#body", "uv": [ 0, 0, 5, 1.6 ], "tintindex": 0 },
                "west": { "texture": "#body", "uv": [ 0, 0, 1.6, 1.6 ], "tintindex": 0 },
                "up": { "texture": "#body", "uv": [ 0, 0, 5, 1.6 ], "tintindex": 0 },
                "down": { "texture": "#body", "uv": [ 0, 0, 5, 1.6 ], "tintindex": 0 }
            }
        },
        {
            "from": [ 5.5, 6.9, 10.5 ], 
            "to": [ 10.5, 7.4, 12.9 ], 
            "rotation": { "origin": [ 8.0, 7.4000000059604645, 10.49999999254942 ], "axis": "x", "angle": 45.0 },
            "faces": {
                "north": { "texture": "#body", "uv": [ 0, 0, 5, 0.5 ], "tintindex": 0 },
                "east": { "texture": "#body", "uv": [ 0, 0, 2.4, 1.5 ], "tintindex": 0 },
                "south": { "texture": "#body", "uv": [ 0, 0, 5, 0.5 ], "tintindex": 0 },
                "west": { "texture": "#body", "uv": [ 0, 0, 2.4, 1.5 ], "tintindex": 0 },
                "up": { "texture": "#body", "uv": [ 0, 0, 5, 2.4 ], "tintindex": 0 },
                "down": { "texture": "#body", "uv": [ 0, 0, 5, 2.4 ], "tintindex": 0 }
            }
        },
        {
            "from": [ 5.5, 2.7, 12.1 ], 
            "to": [ 10.5, 4.7, 12.6 ], 
            "faces": {
                "north": { "texture": "#body", "uv": [ 0, 0, 5, 2 ], "tintindex": 0 },
                "east": { "texture": "#body", "uv": [ 0, 0, 0.5, 2 ], "tintindex": 0 },
                "south": { "texture": "#body", "uv": [ 0, 0, 5, 2 ], "tintindex": 0 },
                "west": { "texture": "#body", "uv": [ 0, 0, 0.5, 2 ], "tintindex": 0 },
                "up": { "texture": "#body", "uv": [ 0, 0, 5, 0.5 ], "tintindex": 0 },
                "down": { "texture": "#body", "uv": [ 0, 0, 5, 0.5 ], "tintindex": 0 }
            }
        },
        {
            "from": [ 9.5, 5.4, 5.1 ], 
            "to": [ 10.5, 6.5, 12.6 ], 
            "rotation": { "origin": [ 8.0, 5.200000002980232, 5.600000008940697 ], "axis": "x", "angle": 22.5 },
            "faces": {
                "north": { "texture": "#body", "uv": [ 0, 0, 1, 1.1 ], "tintindex": 0 },
                "east": { "texture": "#body", "uv": [ 0, 0, 7.5, 1.1 ], "tintindex": 0 },
                "south": { "texture": "#body", "uv": [ 0, 0, 1, 1.1 ], "tintindex": 0 },
                "west": { "texture": "#body", "uv": [ 0, 0, 7.5, 1.1 ], "tintindex": 0 },
                "up": { "texture": "#body", "uv": [ 0, 0, 1, 7.5 ], "tintindex": 0 },
                "down": { "texture": "#body", "uv": [ 0, 0, 1, 7.5 ], "tintindex": 0 }
            }
        },
        {
            "from": [ 5.5, 4.7, 12.1 ], 
            "to": [ 10.5, 5.8, 12.6 ], 
            "rotation": { "origin": [ 8.0, 4.699999995529652, 12.599999994039536 ], "axis": "x", "angle": -22.5 },
            "faces": {
                "north": { "texture": "#body", "uv": [ 0, 0, 5, 1.1 ], "tintindex": 0 },
                "east": { "texture": "#body", "uv": [ 0, 0, 1, 1.1 ], "tintindex": 0 },
                "south": { "texture": "#body", "uv": [ 0, 0, 5, 1.1 ], "tintindex": 0 },
                "west": { "texture": "#body", "uv": [ 0, 0, 1, 1.1 ], "tintindex": 0 },
                "up": { "texture": "#body", "uv": [ 0, 0, 5, 0.5 ], "tintindex": 0 },
                "down": { "texture": "#body", "uv": [ 0, 0, 5, 0.5 ], "tintindex": 0 }
            }
        },
        {
            "from": [ 7.4, 8, 7.4 ], 
            "to": [ 8.6, 11, 8.6 ], 
            "faces": {
                "north": { "texture": "#axel", "uv": [ 0, 0, 1.2, 3 ] },
                "east": { "texture": "#axel", "uv": [ 0, 0, 1.2, 3 ] },
                "south": { "texture": "#axel", "uv": [ 0, 0, 1.2, 3 ] },
                "west": { "texture": "#axel", "uv": [ 0, 0, 1.2, 3 ] },
                "up": { "texture": "#axel", "uv": [ 0, 0, 1.2, 1.2 ] }
            }
        },
        {
            "from": [ 5.7, 2, 7.4 ], 
            "to": [ 6.2, 5, 8.6 ], 
            "faces": {
                "north": { "texture": "#axel", "uv": [ 0, 0, 0.5, 3 ] },
                "east": { "texture": "#axel", "uv": [ 0, 0, 1.2, 3 ] },
                "south": { "texture": "#axel", "uv": [ 0, 0, 0.5, 3 ] },
                "west": { "texture": "#axel", "uv": [ 0, 0, 1.2, 3 ] },
                "up": { "texture": "#axel", "uv": [ 0, 0, 0.5, 1.2 ] }
            }
        },
        {
            "from": [ 9.8, 2, 7.4 ], 
            "to": [ 10.3, 5, 8.6 ], 
            "faces": {
                "north": { "texture": "#axel", "uv": [ 0, 0, 0.5, 3 ] },
                "east": { "texture": "#axel", "uv": [ 0, 0, 1.2, 3 ] },
                "south": { "texture": "#axel", "uv": [ 0, 0, 0.5, 3 ] },
                "west": { "texture": "#axel", "uv": [ 0, 0, 1.2, 3 ] },
                "up": { "texture": "#axel", "uv": [ 0, 0, 0.5, 1.2 ] }
            }
        },
        {
            "from": [ 5.5, 1.8, 7.2 ], 
            "to": [ 6.2, 3.4, 8.8 ], 
            "faces": {
                "north": { "texture": "#axel", "uv": [ 0, 0, 0.7, 1.6 ] },
                "east": { "texture": "#axel", "uv": [ 0, 0, 1.6, 1.6 ] },
                "south": { "texture": "#axel", "uv": [ 0, 0, 0.7, 1.6 ] },
                "west": { "texture": "#axel", "uv": [ 0, 0, 1.6, 1.6 ] },
                "up": { "texture": "#axel", "uv": [ 0, 0, 0.7, 1.6 ] },
                "down": { "texture": "#axel", "uv": [ 0, 0, 0.7, 1.6 ] }
            }
        },
        {
            "from": [ 9.8, 1.8, 7.2 ], 
            "to": [ 10.5, 3.4, 8.8 ], 
            "faces": {
                "north": { "texture": "#axel", "uv": [ 0, 0, 0.7, 1.6 ] },
                "east": { "texture": "#axel", "uv": [ 0, 0, 1.6, 1.6 ] },
                "south": { "texture": "#axel", "uv": [ 0, 0, 0.7, 1.6 ] },
                "west": { "texture": "#axel", "uv": [ 0, 0, 1.6, 1.6 ] },
                "up": { "texture": "#axel", "uv": [ 0, 0, 0.7, 1.6 ] },
                "down": { "texture": "#axel", "uv": [ 0, 0, 0.7, 1.6 ] }
            }
        },
        {
            "from": [ 9.5, 6.4, 5.6 ], 
            "to": [ 10.5, 7.5, 12.1 ], 
            "rotation": { "origin": [ 8.0, 5.200000002980232, 5.600000008940697 ], "axis": "x", "angle": 22.5 },
            "faces": {
                "north": { "texture": "#body", "uv": [ 0, 0, 1, 1.1 ], "tintindex": 0 },
                "east": { "texture": "#body", "uv": [ 0, 0, 6.5, 1.1 ], "tintindex": 0 },
                "south": { "texture": "#body", "uv": [ 0, 0, 1, 1.1 ], "tintindex": 0 },
                "west": { "texture": "#body", "uv": [ 0, 0, 6.5, 1.1 ], "tintindex": 0 },
                "up": { "texture": "#body", "uv": [ 0, 0, 1, 6.5 ], "tintindex": 0 },
                "down": { "texture": "#body", "uv": [ 0, 0, 1, 6.5 ], "tintindex": 0 }
            }
        },
        {
            "from": [ 5.5, 7.4, 6 ], 
            "to": [ 10.5, 8.1, 11.5 ], 
            "rotation": { "origin": [ 8.0, 5.200000002980232, 5.600000008940697 ], "axis": "x", "angle": 22.5 },
            "faces": {
                "north": { "texture": "#body", "uv": [ 0, 0, 5, 0.7 ], "tintindex": 0 },
                "east": { "texture": "#body", "uv": [ 0, 0, 5.5, 0.7 ], "tintindex": 0 },
                "south": { "texture": "#body", "uv": [ 0, 0, 5, 0.7 ], "tintindex": 0 },
                "west": { "texture": "#body", "uv": [ 0, 0, 5.5, 0.7 ], "tintindex": 0 },
                "up": { "texture": "#body", "uv": [ 0, 0, 5, 5.5 ], "tintindex": 0 },
                "down": { "texture": "#body", "uv": [ 0, 0, 5, 5.5 ], "tintindex": 0 }
            }
        },
        {
            "from": [ 5.5, 8.1, 6.5 ], 
            "to": [ 10.5, 8.6, 10.5 ], 
            "rotation": { "origin": [ 8.0, 5.200000002980232, 5.600000008940697 ], "axis": "x", "angle": 22.5 },
            "faces": {
                "north": { "texture": "#body", "uv": [ 0, 0, 5, 0.5 ], "tintindex": 0 },
                "east": { "texture": "#body", "uv": [ 0, 0, 4, 0.5 ], "tintindex": 0 },
                "south": { "texture": "#body", "uv": [ 0, 0, 5, 0.5 ], "tintindex": 0 },
                "west": { "texture": "#body", "uv": [ 0, 0, 4, 0.5 ], "tintindex": 0 },
                "up": { "texture": "#body", "uv": [ 0, 0, 5, 4 ], "tintindex": 0 },
                "down": { "texture": "#body", "uv": [ 0, 0, 5, 4 ], "tintindex": 0 }
            }
        },
        {
            "from": [ 5.5, 6.4, 5.6 ], 
            "to": [ 6.5, 7.5, 12.1 ], 
            "rotation": { "origin": [ 8.0, 5.200000002980232, 5.600000008940697 ], "axis": "x", "angle": 22.5 },
            "faces": {
                "north": { "texture": "#body", "uv": [ 0, 0, 1, 1.1 ], "tintindex": 0 },
                "east": { "texture": "#body", "uv": [ 0, 0, 6.5, 1.1 ], "tintindex": 0 },
                "south": { "texture": "#body", "uv": [ 0, 0, 1, 1.1 ], "tintindex": 0 },
                "west": { "texture": "#body", "uv": [ 0, 0, 6.5, 1.1 ], "tintindex": 0 },
                "up": { "texture": "#body", "uv": [ 0, 0, 1, 6.5 ], "tintindex": 0 },
                "down": { "texture": "#body", "uv": [ 0, 0, 1, 6.5 ], "tintindex": 0 }
            }
        },
        {
            "from": [ 5.5, 5.4, 5.1 ], 
            "to": [ 6.5, 6.5, 12.6 ], 
            "rotation": { "origin": [ 8.0, 5.200000002980232, 5.600000008940697 ], "axis": "x", "angle": 22.5 },
            "faces": {
                "north": { "texture": "#body", "uv": [ 0, 0, 1, 1.1 ], "tintindex": 0 },
                "east": { "texture": "#body", "uv": [ 0, 0, 7.5, 1.1 ], "tintindex": 0 },
                "south": { "texture": "#body", "uv": [ 0, 0, 1, 1.1 ], "tintindex": 0 },
                "west": { "texture": "#body", "uv": [ 0, 0, 7.5, 1.1 ], "tintindex": 0 },
                "up": { "texture": "#body", "uv": [ 0, 0, 1, 7.5 ], "tintindex": 0 },
                "down": { "texture": "#body", "uv": [ 0, 0, 1, 7.5 ], "tintindex": 0 }
            }
        }
    ]
}