{
    "__comment": "Model generated using MrCrayfish's Model Creator (https://mrcrayfish.com/tools?id=mc)",
    "textures": {
        "0": "minecraft:block/light_gray_concrete",
        "handle_guard": "minecraft:block/anvil",
        "brakes": "minecraft:block/stone",
        "handle": "minecraft:block/gray_concrete",
        "body": "minecraft:block/white_concrete"
    },
    "elements": [
        {
            "from": [ 4.5, 0.3, 7.4 ], 
            "to": [ 11.5, 1.5, 8.6 ], 
            "faces": {
                "north": { "texture": "#0", "uv": [ 0, 0, 7, 1.2 ] },
                "east": { "texture": "#0", "uv": [ 0, 0, 1.2, 1.2 ] },
                "south": { "texture": "#0", "uv": [ 0, 0, 7, 1.2 ] },
                "west": { "texture": "#0", "uv": [ 0, 0, 1.2, 1.2 ] },
                "up": { "texture": "#0", "uv": [ 0, 0, 7, 1.2 ] },
                "down": { "texture": "#0", "uv": [ 0, 0, 7, 1.2 ] }
            }
        },
        {
            "from": [ 11.5, 0.3, 7.4 ], 
            "to": [ 14.5, 1.5, 8.6 ], 
            "rotation": { "origin": [ 11.49999999254942, 1.5000000074505806, 8.600000008940697 ], "axis": "y", "angle": 45.0 },
            "faces": {
                "north": { "texture": "#0", "uv": [ 0, 0, 3, 1.2 ] },
                "east": { "texture": "#0", "uv": [ 0, 0, 1.2, 1.2 ] },
                "south": { "texture": "#0", "uv": [ 0, 0, 3, 1.2 ] },
                "west": { "texture": "#0", "uv": [ 0, 0, 1.2, 1.2 ] },
                "up": { "texture": "#0", "uv": [ 0, 0, 3, 1.2 ] },
                "down": { "texture": "#0", "uv": [ 0, 0, 3, 1.2 ] }
            }
        },
        {
            "from": [ 1.5, 0.3, 7.4 ], 
            "to": [ 4.5, 1.5, 8.6 ], 
            "rotation": { "origin": [ 4.499999992549419, 1.5000000074505806, 8.600000008940697 ], "axis": "y", "angle": -45.0 },
            "faces": {
                "north": { "texture": "#0", "uv": [ 0, 0, 3, 1.2 ] },
                "east": { "texture": "#0", "uv": [ 0, 0, 1.2, 1.2 ] },
                "south": { "texture": "#0", "uv": [ 0, 0, 3, 1.2 ] },
                "west": { "texture": "#0", "uv": [ 0, 0, 1.2, 1.2 ] },
                "up": { "texture": "#0", "uv": [ 0, 0, 3, 1.2 ] },
                "down": { "texture": "#0", "uv": [ 0, 0, 3, 1.2 ] }
            }
        },
        {
            "from": [ 14.5, 0.1, 7.2 ], 
            "to": [ 15, 1.7, 8.8 ], 
            "rotation": { "origin": [ 11.49999999254942, 1.5000000074505806, 8.600000008940697 ], "axis": "y", "angle": 45.0 },
            "faces": {
                "north": { "texture": "#handle_guard", "uv": [ 0, 0, 0.5, 1.6 ] },
                "east": { "texture": "#handle_guard", "uv": [ 0, 0, 1.6, 1.6 ] },
                "south": { "texture": "#handle_guard", "uv": [ 0, 0, 0.5, 1.6 ] },
                "west": { "texture": "#handle_guard", "uv": [ 0, 0, 1.6, 1.6 ] },
                "up": { "texture": "#handle_guard", "uv": [ 0, 0, 0.5, 1.6 ] },
                "down": { "texture": "#handle_guard", "uv": [ 0, 0, 0.5, 1.6 ] }
            }
        },
        {
            "from": [ 15, 0.4, 7.5 ], 
            "to": [ 18, 1.4, 8.5 ], 
            "rotation": { "origin": [ 11.49999999254942, 1.5000000074505806, 8.600000008940697 ], "axis": "y", "angle": 45.0 },
            "faces": {
                "north": { "texture": "#handle", "uv": [ 0, 0, 3, 1 ] },
                "east": { "texture": "#handle", "uv": [ 0, 0, 1, 1 ] },
                "south": { "texture": "#handle", "uv": [ 0, 0, 3, 1 ] },
                "west": { "texture": "#handle", "uv": [ 0, 0, 1, 1 ] },
                "up": { "texture": "#handle", "uv": [ 0, 0, 3, 1 ] },
                "down": { "texture": "#handle", "uv": [ 0, 0, 3, 1 ] }
            }
        },
        {
            "from": [ 1, 0.1, 7.2 ], 
            "to": [ 1.5, 1.7, 8.8 ], 
            "rotation": { "origin": [ 4.499999992549419, 1.5000000074505806, 8.600000008940697 ], "axis": "y", "angle": -45.0 },
            "faces": {
                "north": { "texture": "#handle_guard", "uv": [ 0, 0, 0.5, 1.6 ] },
                "east": { "texture": "#handle_guard", "uv": [ 0, 0, 1.6, 1.6 ] },
                "south": { "texture": "#handle_guard", "uv": [ 0, 0, 0.5, 1.6 ] },
                "west": { "texture": "#handle_guard", "uv": [ 0, 0, 1.6, 1.6 ] },
                "up": { "texture": "#handle_guard", "uv": [ 0, 0, 0.5, 1.6 ] },
                "down": { "texture": "#handle_guard", "uv": [ 0, 0, 0.5, 1.6 ] }
            }
        },
        {
            "from": [ -2, 0.4, 7.5 ], 
            "to": [ 1, 1.4, 8.5 ], 
            "rotation": { "origin": [ 4.499999992549419, 1.5000000074505806, 8.600000008940697 ], "axis": "y", "angle": -45.0 },
            "faces": {
                "north": { "texture": "#handle", "uv": [ 0, 0, 3, 1 ] },
                "east": { "texture": "#handle", "uv": [ 0, 0, 1, 1 ] },
                "south": { "texture": "#handle", "uv": [ 0, 0, 3, 1 ] },
                "west": { "texture": "#handle", "uv": [ 0, 0, 1, 1 ] },
                "up": { "texture": "#handle", "uv": [ 0, 0, 3, 1 ] },
                "down": { "texture": "#handle", "uv": [ 0, 0, 3, 1 ] }
            }
        },
        {
            "from": [ 14, 0.6, 8.6 ], 
            "to": [ 14.5, 1.1, 9.6 ], 
            "rotation": { "origin": [ 11.49999999254942, 1.5000000074505806, 8.600000008940697 ], "axis": "y", "angle": 45.0 },
            "faces": {
                "north": { "texture": "#brakes", "uv": [ 0, 0, 0.5, 0.5 ] },
                "east": { "texture": "#brakes", "uv": [ 0, 0, 1, 0.5 ] },
                "south": { "texture": "#brakes", "uv": [ 0, 0, 0.5, 0.5 ] },
                "west": { "texture": "#brakes", "uv": [ 0, 0, 1, 0.5 ] },
                "up": { "texture": "#brakes", "uv": [ 0, 0, 0.5, 1 ] },
                "down": { "texture": "#brakes", "uv": [ 0, 0, 0.5, 1 ] }
            }
        },
        {
            "from": [ 14.5, 0.6, 9.1 ], 
            "to": [ 17.5, 1.1, 9.6 ], 
            "rotation": { "origin": [ 11.49999999254942, 1.5000000074505806, 8.600000008940697 ], "axis": "y", "angle": 45.0 },
            "faces": {
                "north": { "texture": "#brakes", "uv": [ 0, 0, 3, 0.5 ] },
                "east": { "texture": "#brakes", "uv": [ 0, 0, 0.5, 0.5 ] },
                "south": { "texture": "#brakes", "uv": [ 0, 0, 3, 0.5 ] },
                "west": { "texture": "#brakes", "uv": [ 0, 0, 0.5, 0.5 ] },
                "up": { "texture": "#brakes", "uv": [ 0, 0, 3, 0.5 ] },
                "down": { "texture": "#brakes", "uv": [ 0, 0, 3, 0.5 ] }
            }
        },
        {
            "from": [ 1.5, 0.6, 8.6 ], 
            "to": [ 2, 1.1, 9.6 ], 
            "rotation": { "origin": [ 4.499999992549419, 1.5000000074505806, 8.600000008940697 ], "axis": "y", "angle": -45.0 },
            "faces": {
                "north": { "texture": "#brakes", "uv": [ 0, 0, 0.5, 0.5 ] },
                "east": { "texture": "#brakes", "uv": [ 0, 0, 1, 0.5 ] },
                "south": { "texture": "#brakes", "uv": [ 0, 0, 0.5, 0.5 ] },
                "west": { "texture": "#brakes", "uv": [ 0, 0, 1, 0.5 ] },
                "up": { "texture": "#brakes", "uv": [ 0, 0, 0.5, 1 ] },
                "down": { "texture": "#brakes", "uv": [ 0, 0, 0.5, 1 ] }
            }
        },
        {
            "from": [ -1.5, 0.6, 9.1 ], 
            "to": [ 1.5, 1.1, 9.6 ], 
            "rotation": { "origin": [ 4.499999992549419, 1.5000000074505806, 8.600000008940697 ], "axis": "y", "angle": -45.0 },
            "faces": {
                "north": { "texture": "#brakes", "uv": [ 0, 0, 3, 0.5 ] },
                "east": { "texture": "#brakes", "uv": [ 0, 0, 0.5, 0.5 ] },
                "south": { "texture": "#brakes", "uv": [ 0, 0, 3, 0.5 ] },
                "west": { "texture": "#brakes", "uv": [ 0, 0, 0.5, 0.5 ] },
                "up": { "texture": "#brakes", "uv": [ 0, 0, 3, 0.5 ] },
                "down": { "texture": "#brakes", "uv": [ 0, 0, 3, 0.5 ] }
            }
        },
        {
            "from": [ 5, 0, 6.8 ], 
            "to": [ 11.2, 1.6, 9.1 ], 
            "rotation": { "origin": [ 8.0, 1.5000000074505806, 8.600000008940697 ], "axis": "x", "angle": -22.5 },
            "faces": {
                "north": { "texture": "#body", "uv": [ 0, 0, 6.2, 1.6 ], "tintindex": 0 },
                "east": { "texture": "#body", "uv": [ 0, 0, 2.3, 1.6 ], "tintindex": 0 },
                "south": { "texture": "#body", "uv": [ 0, 0, 6.2, 1.6 ], "tintindex": 0 },
                "west": { "texture": "#body", "uv": [ 0, 0, 2.3, 1.6 ], "tintindex": 0 },
                "up": { "texture": "#body", "uv": [ 0, 0, 6.2, 2.3 ], "tintindex": 0 },
                "down": { "texture": "#body", "uv": [ 0, 0, 1.2, 1.2 ], "tintindex": 0 }
            }
        },
        {
            "from": [ 5, 0.9, 6.9 ], 
            "to": [ 11.2, 1.8, 9 ], 
            "faces": {
                "north": { "texture": "#body", "uv": [ 0, 0, 6.2, 0.9 ], "tintindex": 0 },
                "east": { "texture": "#body", "uv": [ 0, 0, 2.1, 0.9 ], "tintindex": 0 },
                "south": { "texture": "#body", "uv": [ 0, 0, 6.2, 0.9 ], "tintindex": 0 },
                "west": { "texture": "#body", "uv": [ 0, 0, 2.1, 0.9 ], "tintindex": 0 },
                "up": { "texture": "#body", "uv": [ 0, 0, 6.2, 2.1 ], "tintindex": 0 },
                "down": { "texture": "#body", "uv": [ 0, 0, 6.2, 2.1 ], "tintindex": 0 }
            }
        }
    ]
}