{
    "__comment": "Model generated using MrCrayfish's Model Creator (https://mrcrayfish.com/tools?id=mc)",
    "textures": {
        "seat": "minecraft:block/black_concrete",
        "detail": "minecraft:block/anvil",
        "tint": "minecraft:block/white_concrete",
        "base": "minecraft:block/white_concrete"
    },
    "elements": [
        {
            "from": [ 4, 0.1, 8.3 ], 
            "to": [ 12, 1.5, 17 ], 
            "faces": {
                "north": { "texture": "#tint", "uv": [ 0, 0, 8, 1.4 ], "tintindex": 0 },
                "east": { "texture": "#tint", "uv": [ 0, 0, 8.7, 1.4 ], "tintindex": 0 },
                "south": { "texture": "#tint", "uv": [ 0, 0, 8, 1.4 ], "tintindex": 0 },
                "west": { "texture": "#tint", "uv": [ 0, 0, 8.7, 1.4 ], "tintindex": 0 },
                "up": { "texture": "#tint", "uv": [ 0, 0, 8, 8.7 ], "tintindex": 0 },
                "down": { "texture": "#tint", "uv": [ 0, 0, 8, 8.7 ], "tintindex": 0 }
            }
        },
        {
            "from": [ 4, 0.1, 15.5 ], 
            "to": [ 12, 6, 17 ], 
            "rotation": { "origin": [ 8.0, 0.0, 17.0 ], "axis": "x", "angle": 22.5 },
            "faces": {
                "north": { "texture": "#tint", "uv": [ 0, 0, 8, 5.9 ], "tintindex": 0 },
                "east": { "texture": "#tint", "uv": [ 0, 0, 1.5, 5.9 ], "tintindex": 0 },
                "south": { "texture": "#tint", "uv": [ 0, 0, 8, 5.9 ], "tintindex": 0 },
                "west": { "texture": "#tint", "uv": [ 0, 0, 1.5, 5.9 ], "tintindex": 0 },
                "up": { "texture": "#tint", "uv": [ 0, 0, 8, 1.5 ], "tintindex": 0 },
                "down": { "texture": "#tint", "uv": [ 0, 0, 8, 1.5 ], "tintindex": 0 }
            }
        },
        {
            "from": [ 4, 5.5, 17.8 ], 
            "to": [ 12, 11.5, 19.3 ], 
            "faces": {
                "north": { "texture": "#tint", "uv": [ 0, 0, 8, 6 ], "tintindex": 0 },
                "east": { "texture": "#tint", "uv": [ 0, 0, 1.5, 6 ], "tintindex": 0 },
                "south": { "texture": "#tint", "uv": [ 0, 0, 8, 6 ], "tintindex": 0 },
                "west": { "texture": "#tint", "uv": [ 0, 0, 1.5, 6 ], "tintindex": 0 },
                "up": { "texture": "#tint", "uv": [ 0, 0, 8, 1.5 ], "tintindex": 0 },
                "down": { "texture": "#tint", "uv": [ 0, 0, 8, 1.5 ], "tintindex": 0 }
            }
        },
        {
            "from": [ 4, 11.5, 17.8 ], 
            "to": [ 12, 14.5, 19.3 ], 
            "rotation": { "origin": [ 8.0, 11.50000000745058, 19.299999989569187 ], "axis": "x", "angle": -22.5 },
            "faces": {
                "north": { "texture": "#tint", "uv": [ 0, 0, 8, 3 ], "tintindex": 0 },
                "east": { "texture": "#tint", "uv": [ 0, 0, 1.5, 3 ], "tintindex": 0 },
                "south": { "texture": "#tint", "uv": [ 0, 0, 8, 3 ], "tintindex": 0 },
                "west": { "texture": "#tint", "uv": [ 0, 0, 1.5, 3 ], "tintindex": 0 },
                "up": { "texture": "#tint", "uv": [ 0, 0, 8, 1.5 ], "tintindex": 0 },
                "down": { "texture": "#tint", "uv": [ 0, 0, 8, 1.5 ], "tintindex": 0 }
            }
        },
        {
            "from": [ 7, 0, 5.3 ], 
            "to": [ 9, 7, 8.3 ], 
            "faces": {
                "north": { "texture": "#base", "uv": [ 0, 0, 2, 7 ] },
                "east": { "texture": "#base", "uv": [ 0, 0, 3, 7 ] },
                "south": { "texture": "#base", "uv": [ 0, 0, 2, 7 ] },
                "west": { "texture": "#base", "uv": [ 0, 0, 3, 7 ] },
                "up": { "texture": "#base", "uv": [ 0, 0, 2, 3 ] },
                "down": { "texture": "#base", "uv": [ 0, 0, 2, 3 ] }
            }
        },
        {
            "from": [ 7, 1.5, 8 ], 
            "to": [ 9, 2.5, 17 ], 
            "faces": {
                "east": { "texture": "#base", "uv": [ 0, 0, 9, 1 ] },
                "south": { "texture": "#base", "uv": [ 0, 0, 2, 1 ] },
                "west": { "texture": "#base", "uv": [ 0, 0, 9, 1 ] },
                "up": { "texture": "#base", "uv": [ 0, 0, 2, 9 ] },
                "down": { "texture": "#base", "uv": [ 0, 0, 2, 9 ] }
            }
        },
        {
            "from": [ 4, 0.1, 4.3 ], 
            "to": [ 7, 1.5, 8.3 ], 
            "rotation": { "origin": [ 4.0, 1.0, 8.300000004470348 ], "axis": "y", "angle": -45.0 },
            "faces": {
                "north": { "texture": "#tint", "uv": [ 0, 0, 3, 1.4 ], "tintindex": 0 },
                "east": { "texture": "#tint", "uv": [ 0, 0, 4, 1.4 ], "tintindex": 0 },
                "south": { "texture": "#tint", "uv": [ 0, 0, 3, 1.4 ], "tintindex": 0 },
                "west": { "texture": "#tint", "uv": [ 0, 0, 4, 1.4 ], "tintindex": 0 },
                "up": { "texture": "#tint", "uv": [ 0, 0, 3, 4 ], "tintindex": 0 },
                "down": { "texture": "#tint", "uv": [ 0, 0, 3, 4 ], "tintindex": 0 }
            }
        },
        {
            "from": [ 5.5, 0, 5.3 ], 
            "to": [ 7, 7, 6.8 ], 
            "faces": {
                "north": { "texture": "#base", "uv": [ 0, 0, 1.5, 7 ] },
                "south": { "texture": "#base", "uv": [ 0, 0, 1.5, 7 ] },
                "west": { "texture": "#base", "uv": [ 0, 0, 1.5, 7 ] },
                "down": { "texture": "#base", "uv": [ 0, 0, 1.5, 1.5 ] }
            }
        },
        {
            "from": [ 9, 0.1, 4.3 ], 
            "to": [ 12, 1.5, 8.3 ], 
            "rotation": { "origin": [ 12.0, 1.0, 8.300000004470348 ], "axis": "y", "angle": 45.0 },
            "faces": {
                "north": { "texture": "#tint", "uv": [ 0, 0, 3, 1.4 ], "tintindex": 0 },
                "east": { "texture": "#tint", "uv": [ 0, 0, 4, 1.4 ], "tintindex": 0 },
                "south": { "texture": "#tint", "uv": [ 0, 0, 3, 1.4 ], "tintindex": 0 },
                "west": { "texture": "#tint", "uv": [ 0, 0, 4, 1.4 ], "tintindex": 0 },
                "up": { "texture": "#tint", "uv": [ 0, 0, 3, 4 ], "tintindex": 0 },
                "down": { "texture": "#tint", "uv": [ 0, 0, 3, 4 ], "tintindex": 0 }
            }
        },
        {
            "from": [ 6.7, 7, 7.4 ], 
            "to": [ 9.3, 9, 8.9 ], 
            "faces": {
                "east": { "texture": "#seat", "uv": [ 0, 0, 1.5, 2 ] },
                "south": { "texture": "#seat", "uv": [ 0, 0, 2.6, 2 ] },
                "west": { "texture": "#seat", "uv": [ 0, 0, 1.5, 2 ] },
                "up": { "texture": "#seat", "uv": [ 0, 0, 2.6, 1.5 ] },
                "down": { "texture": "#seat", "uv": [ 0, 0, 2.6, 1.5 ] }
            }
        },
        {
            "from": [ 9, 0, 5.3 ], 
            "to": [ 10.5, 7, 6.8 ], 
            "faces": {
                "north": { "texture": "#base", "uv": [ 0, 0, 1.5, 7 ] },
                "east": { "texture": "#base", "uv": [ 0, 0, 1.5, 7 ] },
                "south": { "texture": "#base", "uv": [ 0, 0, 1.5, 7 ] },
                "down": { "texture": "#base", "uv": [ 0, 0, 1.5, 1.5 ] }
            }
        },
        {
            "from": [ 4.5, 4, -1 ], 
            "to": [ 11.5, 6, 3 ], 
            "faces": {
                "north": { "texture": "#tint", "uv": [ 0, 0, 7, 2 ], "tintindex": 0 },
                "east": { "texture": "#tint", "uv": [ 0, 0, 4, 2 ], "tintindex": 0 },
                "south": { "texture": "#tint", "uv": [ 0, 0, 7, 2 ], "tintindex": 0 },
                "west": { "texture": "#tint", "uv": [ 0, 0, 4, 2 ], "tintindex": 0 },
                "up": { "texture": "#tint", "uv": [ 0, 0, 7, 4 ], "tintindex": 0 },
                "down": { "texture": "#tint", "uv": [ 0, 0, 7, 4 ], "tintindex": 0 }
            }
        },
        {
            "from": [ 9, 0, 6.8 ], 
            "to": [ 10.5, 7, 8.9 ], 
            "rotation": { "origin": [ 10.499999977648258, 6.0, 6.799999997019768 ], "axis": "y", "angle": -45.0 },
            "faces": {
                "north": { "texture": "#base", "uv": [ 0, 0, 1.5, 7 ] },
                "east": { "texture": "#base", "uv": [ 0, 0, 2.1, 7 ] },
                "south": { "texture": "#base", "uv": [ 0, 0, 1.5, 7 ] },
                "west": { "texture": "#base", "uv": [ 0, 0, 2.1, 7 ] },
                "up": { "texture": "#base", "uv": [ 0, 0, 1.5, 2.1 ] },
                "down": { "texture": "#base", "uv": [ 0, 0, 1.5, 2.1 ] }
            }
        },
        {
            "from": [ 5.5, 0, 5.3 ], 
            "to": [ 7.6, 7, 6.8 ], 
            "rotation": { "origin": [ 5.500000007450581, 6.0, 6.799999997019768 ], "axis": "y", "angle": -45.0 },
            "faces": {
                "north": { "texture": "#base", "uv": [ 0, 0, 2.1, 7 ] },
                "east": { "texture": "#base", "uv": [ 0, 0, 1.5, 7 ] },
                "south": { "texture": "#base", "uv": [ 0, 0, 2.1, 7 ] },
                "west": { "texture": "#base", "uv": [ 0, 0, 1.5, 7 ] },
                "up": { "texture": "#base", "uv": [ 0, 0, 2.1, 1.5 ] },
                "down": { "texture": "#base", "uv": [ 0, 0, 2.1, 1.5 ] }
            }
        },
        {
            "from": [ 5.3, 7, 1.5 ], 
            "to": [ 10.7, 9, 7.5 ], 
            "faces": {
                "north": { "texture": "#seat", "uv": [ 0, 0, 5.4, 2 ] },
                "east": { "texture": "#seat", "uv": [ 0, 0, 6, 2 ] },
                "south": { "texture": "#seat", "uv": [ 0, 0, 5.4, 2 ] },
                "west": { "texture": "#seat", "uv": [ 0, 0, 6, 2 ] },
                "up": { "texture": "#seat", "uv": [ 0, 0, 5.4, 6 ] },
                "down": { "texture": "#seat", "uv": [ 0, 0, 5.4, 6 ] }
            }
        },
        {
            "from": [ 5.3, 7, 7.5 ], 
            "to": [ 6.3, 9, 9.5 ], 
            "rotation": { "origin": [ 5.300000004470348, 8.0, 7.500000007450581 ], "axis": "y", "angle": 45.0 },
            "faces": {
                "north": { "texture": "#seat", "uv": [ 0, 0, 1, 2 ] },
                "east": { "texture": "#seat", "uv": [ 0, 0, 2, 2 ] },
                "south": { "texture": "#seat", "uv": [ 0, 0, 1, 2 ] },
                "west": { "texture": "#seat", "uv": [ 0, 0, 2, 2 ] },
                "up": { "texture": "#seat", "uv": [ 0, 0, 1, 2 ] },
                "down": { "texture": "#seat", "uv": [ 0, 0, 1, 2 ] }
            }
        },
        {
            "from": [ 9.7, 7, 7.5 ], 
            "to": [ 10.7, 9, 9.5 ], 
            "rotation": { "origin": [ 10.699999995529652, 8.0, 7.500000007450581 ], "axis": "y", "angle": -45.0 },
            "faces": {
                "north": { "texture": "#seat", "uv": [ 0, 0, 1, 2 ] },
                "east": { "texture": "#seat", "uv": [ 0, 0, 2, 2 ] },
                "south": { "texture": "#seat", "uv": [ 0, 0, 1, 2 ] },
                "west": { "texture": "#seat", "uv": [ 0, 0, 2, 2 ] },
                "up": { "texture": "#seat", "uv": [ 0, 0, 1, 2 ] },
                "down": { "texture": "#seat", "uv": [ 0, 0, 1, 2 ] }
            }
        },
        {
            "from": [ 4.5, 4.5, 3 ], 
            "to": [ 11.5, 6, 5.8 ], 
            "rotation": { "origin": [ 8.0, 6.0, 3.0 ], "axis": "x", "angle": 45.0 },
            "faces": {
                "north": { "texture": "#tint", "uv": [ 0, 0, 7, 1.5 ], "tintindex": 0 },
                "east": { "texture": "#tint", "uv": [ 0, 0, 2.8, 1.5 ], "tintindex": 0 },
                "south": { "texture": "#tint", "uv": [ 0, 0, 7, 1.5 ], "tintindex": 0 },
                "west": { "texture": "#tint", "uv": [ 0, 0, 2.8, 1.5 ], "tintindex": 0 },
                "up": { "texture": "#tint", "uv": [ 0, 0, 7, 2.8 ], "tintindex": 0 },
                "down": { "texture": "#tint", "uv": [ 0, 0, 7, 2.8 ], "tintindex": 0 }
            }
        },
        {
            "from": [ 4.5, 1.5, -3 ], 
            "to": [ 5.5, 4, 5 ], 
            "faces": {
                "north": { "texture": "#tint", "uv": [ 0, 0, 1, 2.5 ], "tintindex": 0 },
                "east": { "texture": "#tint", "uv": [ 0, 0, 8, 2.5 ], "tintindex": 0 },
                "south": { "texture": "#tint", "uv": [ 0, 0, 1, 2.5 ], "tintindex": 0 },
                "west": { "texture": "#tint", "uv": [ 0, 0, 8, 2.5 ], "tintindex": 0 },
                "up": { "texture": "#tint", "uv": [ 0, 0, 1, 8 ], "tintindex": 0 },
                "down": { "texture": "#tint", "uv": [ 0, 0, 1, 8 ], "tintindex": 0 }
            }
        },
        {
            "from": [ 10.5, 1.5, -3 ], 
            "to": [ 11.5, 4, 5 ], 
            "faces": {
                "north": { "texture": "#tint", "uv": [ 0, 0, 1, 2.5 ], "tintindex": 0 },
                "east": { "texture": "#tint", "uv": [ 0, 0, 8, 2.5 ], "tintindex": 0 },
                "south": { "texture": "#tint", "uv": [ 0, 0, 1, 2.5 ], "tintindex": 0 },
                "west": { "texture": "#tint", "uv": [ 0, 0, 8, 2.5 ], "tintindex": 0 },
                "up": { "texture": "#tint", "uv": [ 0, 0, 1, 8 ], "tintindex": 0 },
                "down": { "texture": "#tint", "uv": [ 0, 0, 1, 8 ], "tintindex": 0 }
            }
        },
        {
            "from": [ 5.5, 4.7, -1.5 ], 
            "to": [ 10.5, 7, 5.3 ], 
            "faces": {
                "north": { "texture": "#base", "uv": [ 0, 0, 5, 2.3 ] },
                "east": { "texture": "#base", "uv": [ 0, 0, 6.8, 2.3 ] },
                "south": { "texture": "#base", "uv": [ 0, 0, 5, 2.3 ] },
                "west": { "texture": "#base", "uv": [ 0, 0, 6.8, 2.3 ] },
                "up": { "texture": "#base", "uv": [ 0, 0, 5, 6.8 ] },
                "down": { "texture": "#base", "uv": [ 0, 0, 5, 6.8 ] }
            }
        },
        {
            "from": [ 4.5, 4.5, -3.8 ], 
            "to": [ 11.5, 6, -1 ], 
            "rotation": { "origin": [ 8.0, 6.0, -1.0 ], "axis": "x", "angle": -45.0 },
            "faces": {
                "north": { "texture": "#tint", "uv": [ 0, 0, 7, 1.5 ], "tintindex": 0 },
                "east": { "texture": "#tint", "uv": [ 0, 0, 2.8, 1.5 ], "tintindex": 0 },
                "south": { "texture": "#tint", "uv": [ 0, 0, 7, 1.5 ], "tintindex": 0 },
                "west": { "texture": "#tint", "uv": [ 0, 0, 2.8, 1.5 ], "tintindex": 0 },
                "up": { "texture": "#tint", "uv": [ 0, 0, 7, 2.8 ], "tintindex": 0 },
                "down": { "texture": "#tint", "uv": [ 0, 0, 7, 2.8 ], "tintindex": 0 }
            }
        },
        {
            "from": [ 5.5, 4.7, -4.3 ], 
            "to": [ 10.5, 7, -1.5 ], 
            "rotation": { "origin": [ 8.0, 7.0, -1.4999999925494194 ], "axis": "x", "angle": -45.0 },
            "faces": {
                "north": { "texture": "#base", "uv": [ 0, 0, 5, 2.3 ] },
                "east": { "texture": "#base", "uv": [ 0, 0, 2.8, 2.3 ] },
                "south": { "texture": "#base", "uv": [ 0, 0, 5, 2.3 ] },
                "west": { "texture": "#base", "uv": [ 0, 0, 2.8, 2.3 ] },
                "up": { "texture": "#base", "uv": [ 0, 0, 5, 2.8 ] },
                "down": { "texture": "#base", "uv": [ 0, 0, 5, 2.8 ] }
            }
        },
        {
            "from": [ 5.5, 1.5, -3.5 ], 
            "to": [ 10.5, 5, -2.5 ], 
            "faces": {
                "north": { "texture": "#base", "uv": [ 0, 0, 5, 3.5 ] },
                "east": { "texture": "#base", "uv": [ 0, 0, 1, 3.5 ] },
                "south": { "texture": "#base", "uv": [ 0, 0, 5, 3.5 ] },
                "west": { "texture": "#base", "uv": [ 0, 0, 1, 3.5 ] },
                "up": { "texture": "#base", "uv": [ 0, 0, 5, 1 ] },
                "down": { "texture": "#base", "uv": [ 0, 0, 5, 1 ] }
            }
        },
        {
            "from": [ 7, 6.5, 17 ], 
            "to": [ 9, 14.6, 19 ], 
            "rotation": { "origin": [ 8.0, 11.50000000745058, 19.299999989569187 ], "axis": "x", "angle": -22.5 },
            "faces": {
                "north": { "texture": "#base", "uv": [ 0, 0, 2, 8.1 ] },
                "east": { "texture": "#base", "uv": [ 0, 0, 2, 8.1 ] },
                "south": { "texture": "#base", "uv": [ 0, 0, 2, 8.1 ] },
                "west": { "texture": "#base", "uv": [ 0, 0, 2, 8.1 ] },
                "up": { "texture": "#base", "uv": [ 0, 0, 2, 2 ] },
                "down": { "texture": "#base", "uv": [ 0, 0, 2, 2 ] }
            }
        },
        {
            "from": [ 5.5, 0, 5.3 ], 
            "to": [ 10.5, 7, 7.2 ], 
            "rotation": { "origin": [ 8.0, 0.0, 5.300000004470348 ], "axis": "x", "angle": -22.5 },
            "faces": {
                "north": { "texture": "#base", "uv": [ 0, 0, 5, 7 ] },
                "east": { "texture": "#base", "uv": [ 0, 0, 1.9, 7 ] },
                "south": { "texture": "#base", "uv": [ 0, 0, 5, 7 ] },
                "west": { "texture": "#base", "uv": [ 0, 0, 1.9, 7 ] },
                "up": { "texture": "#base", "uv": [ 0, 0, 5, 1.9 ] },
                "down": { "texture": "#base", "uv": [ 0, 0, 5, 1.9 ] }
            }
        },
        {
            "from": [ 7, 1, 14.7 ], 
            "to": [ 9, 6, 16.2 ], 
            "rotation": { "origin": [ 8.0, 0.0, 17.0 ], "axis": "x", "angle": 22.5 },
            "faces": {
                "north": { "texture": "#base", "uv": [ 0, 0, 2, 5 ] },
                "east": { "texture": "#base", "uv": [ 0, 0, 1.5, 5 ] },
                "south": { "texture": "#base", "uv": [ 0, 0, 2, 5 ] },
                "west": { "texture": "#base", "uv": [ 0, 0, 1.5, 5 ] },
                "up": { "texture": "#base", "uv": [ 0, 0, 2, 1.5 ] },
                "down": { "texture": "#base", "uv": [ 0, 0, 2, 1.5 ] }
            }
        },
        {
            "from": [ 7, 5.5, 17 ], 
            "to": [ 9, 11.5, 18.5 ], 
            "faces": {
                "north": { "texture": "#base", "uv": [ 0, 0, 2, 6 ] },
                "east": { "texture": "#base", "uv": [ 0, 0, 1.5, 6 ] },
                "west": { "texture": "#base", "uv": [ 0, 0, 1.5, 6 ] },
                "up": { "texture": "#base", "uv": [ 0, 0, 2, 1.5 ] },
                "down": { "texture": "#base", "uv": [ 0, 0, 2, 1.5 ] }
            }
        },
        {
            "from": [ 4, 7, 0.5 ], 
            "to": [ 12, 8, 1.5 ], 
            "faces": {
                "north": { "texture": "#detail", "uv": [ 0, 0, 8, 1 ] },
                "east": { "texture": "#detail", "uv": [ 0, 0, 1, 1 ] },
                "south": { "texture": "#detail", "uv": [ 0, 0, 8, 1 ] },
                "west": { "texture": "#detail", "uv": [ 0, 0, 1, 1 ] },
                "up": { "texture": "#detail", "uv": [ 0, 0, 8, 1 ] },
                "down": { "texture": "#detail", "uv": [ 0, 0, 8, 1 ] }
            }
        },
        {
            "from": [ 4, 7, -6.5 ], 
            "to": [ 12, 8, -5.5 ], 
            "faces": {
                "north": { "texture": "#detail", "uv": [ 0, 0, 8, 1 ] },
                "east": { "texture": "#detail", "uv": [ 0, 0, 1, 1 ] },
                "south": { "texture": "#detail", "uv": [ 0, 0, 8, 1 ] },
                "west": { "texture": "#detail", "uv": [ 0, 0, 1, 1 ] },
                "up": { "texture": "#detail", "uv": [ 0, 0, 8, 1 ] },
                "down": { "texture": "#detail", "uv": [ 0, 0, 8, 1 ] }
            }
        },
        {
            "from": [ 4, 7, -5.5 ], 
            "to": [ 5, 8, 0.5 ], 
            "faces": {
                "east": { "texture": "#detail", "uv": [ 0, 0, 6, 1 ] },
                "west": { "texture": "#detail", "uv": [ 0, 0, 6, 1 ] },
                "up": { "texture": "#detail", "uv": [ 0, 0, 1, 6 ] },
                "down": { "texture": "#detail", "uv": [ 0, 0, 1, 6 ] }
            }
        },
        {
            "from": [ 11, 7, -5.5 ], 
            "to": [ 12, 8, 0.5 ], 
            "faces": {
                "east": { "texture": "#detail", "uv": [ 0, 0, 6, 1 ] },
                "west": { "texture": "#detail", "uv": [ 0, 0, 6, 1 ] },
                "up": { "texture": "#detail", "uv": [ 0, 0, 1, 6 ] },
                "down": { "texture": "#detail", "uv": [ 0, 0, 1, 6 ] }
            }
        },
        {
            "from": [ 6.5, 7, -5.5 ], 
            "to": [ 7.5, 8, 0.5 ], 
            "faces": {
                "east": { "texture": "#detail", "uv": [ 0, 0, 6, 1 ] },
                "west": { "texture": "#detail", "uv": [ 0, 0, 6, 1 ] },
                "up": { "texture": "#detail", "uv": [ 0, 0, 1, 6 ] },
                "down": { "texture": "#detail", "uv": [ 0, 0, 1, 6 ] }
            }
        },
        {
            "from": [ 8.5, 7, -5.5 ], 
            "to": [ 9.5, 8, 0.5 ], 
            "faces": {
                "east": { "texture": "#detail", "uv": [ 0, 0, 6, 1 ] },
                "west": { "texture": "#detail", "uv": [ 0, 0, 6, 1 ] },
                "up": { "texture": "#detail", "uv": [ 0, 0, 1, 6 ] },
                "down": { "texture": "#detail", "uv": [ 0, 0, 1, 6 ] }
            }
        },
        {
            "from": [ 6, 7, -6.5 ], 
            "to": [ 7, 8, -1.5 ], 
            "rotation": { "origin": [ 8.0, 7.0, -6.499999992549419 ], "axis": "x", "angle": 45.0 },
            "faces": {
                "north": { "texture": "#detail", "uv": [ 0, 0, 1, 1 ] },
                "east": { "texture": "#detail", "uv": [ 0, 0, 5, 1 ] },
                "south": { "texture": "#detail", "uv": [ 0, 0, 1, 1 ] },
                "west": { "texture": "#detail", "uv": [ 0, 0, 5, 1 ] },
                "up": { "texture": "#detail", "uv": [ 0, 0, 1, 5 ] },
                "down": { "texture": "#detail", "uv": [ 0, 0, 1, 5 ] }
            }
        },
        {
            "from": [ 9, 7, -6.5 ], 
            "to": [ 10, 8, -1.5 ], 
            "rotation": { "origin": [ 8.0, 7.0, -6.499999992549419 ], "axis": "x", "angle": 45.0 },
            "faces": {
                "north": { "texture": "#detail", "uv": [ 0, 0, 1, 1 ] },
                "east": { "texture": "#detail", "uv": [ 0, 0, 5, 1 ] },
                "south": { "texture": "#detail", "uv": [ 0, 0, 1, 1 ] },
                "west": { "texture": "#detail", "uv": [ 0, 0, 5, 1 ] },
                "up": { "texture": "#detail", "uv": [ 0, 0, 1, 5 ] },
                "down": { "texture": "#detail", "uv": [ 0, 0, 1, 5 ] }
            }
        }
    ]
}