{
    "__comment": "Model generated using MrCrayfish's Model Creator (https://mrcrayfish.com/tools?id=mc)",
    "textures": {
        "indicator_light": "minecraft:block/orange_stained_glass",
        "brake_light": "minecraft:block/red_stained_glass",
        "headlight_glass": "minecraft:block/white_stained_glass",
        "headlight": "minecraft:block/redstone_lamp",
        "body": "minecraft:block/white_concrete",
        "seat": "minecraft:block/black_wool",
        "spring": "vehicle:model/spring",
        "axel": "minecraft:block/light_gray_concrete",
        "trim": "minecraft:block/white_concrete",
        "logo": "vehicle:model/cray_industries",
        "window_frame": "minecraft:block/black_concrete",
        "windshield": "minecraft:block/glass",
        "bumper": "minecraft:block/iron_block",
        "grill": "vehicle:model/white_mesh",
        "frame": "minecraft:block/anvil"
    },
    "elements": [
        {
            "from": [ 0, 5, -13 ], 
            "to": [ 8, 8, 0 ], 
            "faces": {
                "west": { "texture": "#frame", "uv": [ 0, 0, 13, 3 ] },
                "up": { "texture": "#frame", "uv": [ 2, 0, 10, 13 ] },
                "down": { "texture": "#frame", "uv": [ 0, 0, 8, 13 ] }
            }
        },
        {
            "from": [ -2, 3, 2 ], 
            "to": [ 8, 4, 15 ], 
            "faces": {
                "west": { "texture": "#body", "uv": [ 0, 0, 13, 1 ], "tintindex": 0 },
                "up": { "texture": "#body", "uv": [ 0, 0, 10, 13 ], "tintindex": 0 },
                "down": { "texture": "#body", "uv": [ 0, 0, 10, 13 ], "tintindex": 0 }
            }
        },
        {
            "from": [ 0, 5, 16 ], 
            "to": [ 16, 8, 29 ], 
            "faces": {
                "east": { "texture": "#frame", "uv": [ 0, 0, 13, 3 ] },
                "south": { "texture": "#frame", "uv": [ 0, 0, 16, 3 ] },
                "west": { "texture": "#frame", "uv": [ 0, 0, 13, 3 ] },
                "up": { "texture": "#frame", "uv": [ 0, 0, 16, 13 ] },
                "down": { "texture": "#frame", "uv": [ 0, 0, 16, 13 ] }
            }
        },
        {
            "from": [ -2, 0, -7.5 ], 
            "to": [ 14, 2, -5.5 ], 
            "faces": {
                "north": { "texture": "#axel", "uv": [ 0, 0, 16, 2 ] },
                "south": { "texture": "#axel", "uv": [ 0, 0, 16, 2 ] },
                "west": { "texture": "#axel", "uv": [ 0, 0, 2, 2 ] },
                "up": { "texture": "#axel", "uv": [ 0, 0, 16, 2 ] },
                "down": { "texture": "#axel", "uv": [ 0, 0, 16, 2 ] }
            }
        },
        {
            "from": [ 14, 0, -7.5 ], 
            "to": [ 18, 2, -5.5 ], 
            "faces": {
                "north": { "texture": "#axel", "uv": [ 0, 0, 4, 2 ] },
                "east": { "texture": "#axel", "uv": [ 0, 0, 2, 2 ] },
                "south": { "texture": "#axel", "uv": [ 0, 0, 4, 2 ] },
                "up": { "texture": "#axel", "uv": [ 0, 0, 4, 2 ] },
                "down": { "texture": "#axel", "uv": [ 0, 0, 4, 2 ] }
            }
        },
        {
            "from": [ -1.6, -1, -8.5 ], 
            "to": [ -0.6, 3, -4.5 ], 
            "faces": {
                "north": { "texture": "#frame", "uv": [ 0, 0, 1, 4 ] },
                "east": { "texture": "#frame", "uv": [ 0, 0, 4, 4 ] },
                "south": { "texture": "#frame", "uv": [ 0, 0, 1, 4 ] },
                "west": { "texture": "#frame", "uv": [ 0, 0, 4, 4 ] },
                "up": { "texture": "#frame", "uv": [ 0, 0, 1, 4 ] },
                "down": { "texture": "#frame", "uv": [ 0, 0, 1, 4 ] }
            }
        },
        {
            "from": [ 16.6, -1, -8.5 ], 
            "to": [ 17.6, 3, -4.5 ], 
            "faces": {
                "north": { "texture": "#frame", "uv": [ 0, 0, 1, 4 ] },
                "east": { "texture": "#frame", "uv": [ 0, 0, 4, 4 ] },
                "south": { "texture": "#frame", "uv": [ 0, 0, 1, 4 ] },
                "west": { "texture": "#frame", "uv": [ 0, 0, 4, 4 ] },
                "up": { "texture": "#frame", "uv": [ 0, 0, 1, 4 ] },
                "down": { "texture": "#frame", "uv": [ 0, 0, 1, 4 ] }
            }
        },
        {
            "from": [ 6, -1, -8.5 ], 
            "to": [ 10, 3, -4.5 ], 
            "faces": {
                "north": { "texture": "#frame", "uv": [ 0, 0, 4, 4 ] },
                "east": { "texture": "#frame", "uv": [ 0, 0, 4, 4 ] },
                "south": { "texture": "#frame", "uv": [ 0, 0, 4, 4 ] },
                "west": { "texture": "#frame", "uv": [ 0, 0, 4, 4 ] },
                "up": { "texture": "#frame", "uv": [ 0, 0, 4, 4 ] },
                "down": { "texture": "#frame", "uv": [ 0, 0, 4, 4 ] }
            }
        },
        {
            "from": [ -2, 0, 21.5 ], 
            "to": [ 14, 2, 23.5 ], 
            "faces": {
                "north": { "texture": "#axel", "uv": [ 0, 0, 16, 2 ] },
                "south": { "texture": "#axel", "uv": [ 0, 0, 16, 2 ] },
                "west": { "texture": "#axel", "uv": [ 0, 0, 2, 2 ] },
                "up": { "texture": "#axel", "uv": [ 0, 0, 16, 2 ] },
                "down": { "texture": "#axel", "uv": [ 0, 0, 16, 2 ] }
            }
        },
        {
            "from": [ 14, 0, 21.5 ], 
            "to": [ 18, 2, 23.5 ], 
            "faces": {
                "north": { "texture": "#axel", "uv": [ 0, 0, 4, 2 ] },
                "east": { "texture": "#axel", "uv": [ 0, 0, 2, 2 ] },
                "south": { "texture": "#axel", "uv": [ 0, 0, 4, 2 ] },
                "up": { "texture": "#axel", "uv": [ 0, 0, 4, 2 ] },
                "down": { "texture": "#axel", "uv": [ 0, 0, 4, 2 ] }
            }
        },
        {
            "from": [ -1.6, -1, 20.4 ], 
            "to": [ -0.6, 3, 24.4 ], 
            "faces": {
                "north": { "texture": "#frame", "uv": [ 0, 0, 1, 4 ] },
                "east": { "texture": "#frame", "uv": [ 0, 0, 4, 4 ] },
                "south": { "texture": "#frame", "uv": [ 0, 0, 1, 4 ] },
                "west": { "texture": "#frame", "uv": [ 0, 0, 4, 4 ] },
                "up": { "texture": "#frame", "uv": [ 0, 0, 1, 4 ] },
                "down": { "texture": "#frame", "uv": [ 0, 0, 1, 4 ] }
            }
        },
        {
            "from": [ 16.6, -1, 20.5 ], 
            "to": [ 17.6, 3, 24.5 ], 
            "faces": {
                "north": { "texture": "#frame", "uv": [ 0, 0, 1, 4 ] },
                "east": { "texture": "#frame", "uv": [ 0, 0, 4, 4 ] },
                "south": { "texture": "#frame", "uv": [ 0, 0, 1, 4 ] },
                "west": { "texture": "#frame", "uv": [ 0, 0, 4, 4 ] },
                "up": { "texture": "#frame", "uv": [ 0, 0, 1, 4 ] },
                "down": { "texture": "#frame", "uv": [ 0, 0, 1, 4 ] }
            }
        },
        {
            "from": [ -4, 8, -15 ], 
            "to": [ -2, 13, 0 ], 
            "faces": {
                "north": { "texture": "#body", "uv": [ 0, 0, 2, 5 ], "tintindex": 0 },
                "east": { "texture": "#body", "uv": [ 0, 0, 15, 5 ], "tintindex": 0 },
                "west": { "texture": "#body", "uv": [ 0, 0, 15, 5 ], "tintindex": 0 },
                "up": { "texture": "#body", "uv": [ 0, 0, 2, 15 ], "tintindex": 0 },
                "down": { "texture": "#body", "uv": [ 0, 0, 2, 15 ], "tintindex": 0 }
            }
        },
        {
            "from": [ 18, 8, -15 ], 
            "to": [ 20, 13, 0 ], 
            "faces": {
                "north": { "texture": "#body", "uv": [ 0, 0, 2, 6 ], "tintindex": 0 },
                "east": { "texture": "#body", "uv": [ 0, 0, 15, 6 ], "tintindex": 0 },
                "west": { "texture": "#body", "uv": [ 0, 0, 15, 6 ], "tintindex": 0 },
                "up": { "texture": "#body", "uv": [ 0, 0, 2, 15 ], "tintindex": 0 },
                "down": { "texture": "#body", "uv": [ 0, 0, 2, 15 ], "tintindex": 0 }
            }
        },
        {
            "from": [ -2, 5, -15 ], 
            "to": [ 14, 13, -13 ], 
            "faces": {
                "north": { "texture": "#body", "uv": [ 0, 0, 16, 8 ], "tintindex": 0 },
                "south": { "texture": "#body", "uv": [ 0, 0, 16, 8 ], "tintindex": 0 },
                "west": { "texture": "#body", "uv": [ 0, 0, 2, 8 ], "tintindex": 0 },
                "up": { "texture": "#body", "uv": [ 0, 0, 16, 2 ], "tintindex": 0 },
                "down": { "texture": "#body", "uv": [ 0, 0, 16, 2 ], "tintindex": 0 }
            }
        },
        {
            "from": [ 14, 5, -15 ], 
            "to": [ 18, 13, -13 ], 
            "faces": {
                "north": { "texture": "#body", "uv": [ 0, 0, 4, 8 ], "tintindex": 0 },
                "east": { "texture": "#body", "uv": [ 0, 0, 2, 8 ], "tintindex": 0 },
                "south": { "texture": "#body", "uv": [ 0, 0, 4, 8 ], "tintindex": 0 },
                "up": { "texture": "#body", "uv": [ 0, 0, 4, 2 ], "tintindex": 0 },
                "down": { "texture": "#body", "uv": [ 0, 0, 4, 2 ], "tintindex": 0 }
            }
        },
        {
            "from": [ 8, 5, -13 ], 
            "to": [ 16, 8, 0 ], 
            "faces": {
                "north": { "texture": "#frame", "uv": [ 0, 0, 8, 3 ] },
                "east": { "texture": "#frame", "uv": [ 0, 0, 13, 3 ] },
                "up": { "texture": "#frame", "uv": [ 6, 0, 14, 13 ] },
                "down": { "texture": "#frame", "uv": [ 6, 0, 14, 13 ] }
            }
        },
        {
            "from": [ -4, 3, -15 ], 
            "to": [ -2, 8, -13 ], 
            "faces": {
                "north": { "texture": "#body", "uv": [ 0, 0, 2, 5 ], "tintindex": 0 },
                "east": { "texture": "#body", "uv": [ 0, 0, 2, 5 ], "tintindex": 0 },
                "south": { "texture": "#body", "uv": [ 0, 0, 2, 5 ], "tintindex": 0 },
                "west": { "texture": "#body", "uv": [ 0, 0, 2, 5 ], "tintindex": 0 },
                "down": { "texture": "#body", "uv": [ 0, 0, 2, 2 ], "tintindex": 0 }
            }
        },
        {
            "from": [ -4, 3, -15 ], 
            "to": [ -3, 9, -13 ], 
            "rotation": { "origin": [ 8.0, 3.0, -13.0 ], "axis": "x", "angle": 22.5 },
            "faces": {
                "north": { "texture": "#body", "uv": [ 0, 0, 1, 6 ], "tintindex": 0 },
                "east": { "texture": "#body", "uv": [ 0, 0, 2, 6 ], "tintindex": 0 },
                "south": { "texture": "#body", "uv": [ 0, 0, 1, 6 ], "tintindex": 0 },
                "west": { "texture": "#body", "uv": [ 0, 0, 2, 6 ], "tintindex": 0 },
                "up": { "texture": "#body", "uv": [ 0, 0, 1, 2 ], "tintindex": 0 },
                "down": { "texture": "#body", "uv": [ 0, 0, 1, 2 ], "tintindex": 0 }
            }
        },
        {
            "from": [ -4, 3, 0 ], 
            "to": [ -2, 9, 2 ], 
            "rotation": { "origin": [ 8.0, 3.0, 0.0 ], "axis": "x", "angle": -22.5 },
            "faces": {
                "north": { "texture": "#body", "uv": [ 0, 0, 2, 6 ], "tintindex": 0 },
                "east": { "texture": "#body", "uv": [ 0, 0, 2, 6 ], "tintindex": 0 },
                "south": { "texture": "#body", "uv": [ 0, 0, 2, 6 ], "tintindex": 0 },
                "west": { "texture": "#body", "uv": [ 0, 0, 2, 6 ], "tintindex": 0 },
                "up": { "texture": "#body", "uv": [ 0, 0, 2, 2 ], "tintindex": 0 },
                "down": { "texture": "#body", "uv": [ 0, 0, 2, 2 ], "tintindex": 0 }
            }
        },
        {
            "from": [ -2, 8, -13 ], 
            "to": [ 0, 9, 0 ], 
            "faces": {
                "east": { "texture": "#frame", "uv": [ 0, 0, 13, 1 ] },
                "up": { "texture": "#frame", "uv": [ 2, 0, 4, 13 ] },
                "down": { "texture": "#frame", "uv": [ 0, 0, 2, 13 ] }
            }
        },
        {
            "from": [ 16, 8, -13 ], 
            "to": [ 18, 9, 0 ], 
            "faces": {
                "west": { "texture": "#frame", "uv": [ 0, 0, 13, 1 ] },
                "up": { "texture": "#frame", "uv": [ 2, 0, 4, 13 ] },
                "down": { "texture": "#frame", "uv": [ 0, 0, 2, 13 ] }
            }
        },
        {
            "from": [ 18, 3, -15 ], 
            "to": [ 20, 8, -13 ], 
            "faces": {
                "north": { "texture": "#body", "uv": [ 0, 0, 2, 5 ], "tintindex": 0 },
                "east": { "texture": "#body", "uv": [ 0, 0, 2, 5 ], "tintindex": 0 },
                "south": { "texture": "#body", "uv": [ 0, 0, 2, 5 ], "tintindex": 0 },
                "west": { "texture": "#body", "uv": [ 0, 0, 2, 5 ], "tintindex": 0 },
                "down": { "texture": "#body", "uv": [ 0, 0, 2, 2 ], "tintindex": 0 }
            }
        },
        {
            "from": [ 18, 3, -15 ], 
            "to": [ 20, 9, -13 ], 
            "rotation": { "origin": [ 8.0, 3.0, -13.0 ], "axis": "x", "angle": 22.5 },
            "faces": {
                "north": { "texture": "#body", "uv": [ 0, 0, 2, 6 ], "tintindex": 0 },
                "east": { "texture": "#body", "uv": [ 0, 0, 2, 6 ], "tintindex": 0 },
                "south": { "texture": "#body", "uv": [ 0, 0, 2, 6 ], "tintindex": 0 },
                "west": { "texture": "#body", "uv": [ 0, 0, 2, 6 ], "tintindex": 0 },
                "up": { "texture": "#body", "uv": [ 0, 0, 2, 2 ], "tintindex": 0 },
                "down": { "texture": "#body", "uv": [ 0, 0, 2, 2 ], "tintindex": 0 }
            }
        },
        {
            "from": [ 18, 3, 0 ], 
            "to": [ 20, 9, 2 ], 
            "rotation": { "origin": [ 8.0, 3.0, 0.0 ], "axis": "x", "angle": -22.5 },
            "faces": {
                "north": { "texture": "#body", "uv": [ 0, 0, 2, 6 ], "tintindex": 0 },
                "east": { "texture": "#body", "uv": [ 0, 0, 2, 6 ], "tintindex": 0 },
                "south": { "texture": "#body", "uv": [ 0, 0, 2, 6 ], "tintindex": 0 },
                "west": { "texture": "#body", "uv": [ 0, 0, 2, 6 ], "tintindex": 0 },
                "up": { "texture": "#body", "uv": [ 0, 0, 2, 2 ], "tintindex": 0 },
                "down": { "texture": "#body", "uv": [ 0, 0, 2, 2 ], "tintindex": 0 }
            }
        },
        {
            "from": [ -3, 2.9, -16 ], 
            "to": [ 10, 4.9, -15 ], 
            "faces": {
                "north": { "texture": "#bumper", "uv": [ 1, 1, 14, 3 ] },
                "south": { "texture": "#bumper", "uv": [ 1, 2, 14, 4 ] },
                "west": { "texture": "#bumper", "uv": [ 1, 1, 2, 3 ] },
                "up": { "texture": "#bumper", "uv": [ 1, 1, 14, 2 ] },
                "down": { "texture": "#bumper", "uv": [ 1, 1, 14, 2 ] }
            }
        },
        {
            "from": [ 10, 2.9, -16 ], 
            "to": [ 19, 4.9, -15 ], 
            "faces": {
                "north": { "texture": "#bumper", "uv": [ 1, 1, 10, 3 ] },
                "east": { "texture": "#bumper", "uv": [ 1, 1, 2, 3 ] },
                "south": { "texture": "#bumper", "uv": [ 1, 2, 10, 4 ] },
                "up": { "texture": "#bumper", "uv": [ 1, 1, 10, 2 ] },
                "down": { "texture": "#bumper", "uv": [ 1, 1, 10, 2 ] }
            }
        },
        {
            "from": [ -4.5, 2.9, -16 ], 
            "to": [ -3, 4.9, -15 ], 
            "rotation": { "origin": [ -3.0, 5.0, -16.0 ], "axis": "y", "angle": 22.5 },
            "faces": {
                "north": { "texture": "#bumper", "uv": [ 1, 1, 2.5, 3 ] },
                "east": { "texture": "#bumper", "uv": [ 1, 1, 2, 3 ] },
                "south": { "texture": "#bumper", "uv": [ 1, 2, 2.5, 4 ] },
                "west": { "texture": "#bumper", "uv": [ 1, 1, 2, 3 ] },
                "up": { "texture": "#bumper", "uv": [ 1, 1, 2.5, 2 ] },
                "down": { "texture": "#bumper", "uv": [ 1, 1, 2.5, 2 ] }
            }
        },
        {
            "from": [ 19, 2.9, -16 ], 
            "to": [ 20.5, 4.9, -15 ], 
            "rotation": { "origin": [ 19.0, 5.0, -16.0 ], "axis": "y", "angle": -22.5 },
            "faces": {
                "north": { "texture": "#bumper", "uv": [ 1, 1, 2.5, 3 ] },
                "east": { "texture": "#bumper", "uv": [ 1, 1, 2, 3 ] },
                "south": { "texture": "#bumper", "uv": [ 1, 2, 2.5, 4 ] },
                "west": { "texture": "#bumper", "uv": [ 1, 1, 2, 3 ] },
                "up": { "texture": "#bumper", "uv": [ 1, 1, 2.5, 2 ] },
                "down": { "texture": "#bumper", "uv": [ 1, 1, 2.5, 2 ] }
            }
        },
        {
            "from": [ -4, 3, 0 ], 
            "to": [ 12, 13, 2.5 ], 
            "faces": {
                "north": { "texture": "#body", "uv": [ 0, 0, 16, 10 ], "tintindex": 0 },
                "south": { "texture": "#body", "uv": [ 0, 0, 16, 10 ], "tintindex": 0 },
                "west": { "texture": "#body", "uv": [ 0, 0, 2.5, 10 ], "tintindex": 0 },
                "up": { "texture": "#body", "uv": [ 0, 0, 16, 2.5 ], "tintindex": 0 },
                "down": { "texture": "#body", "uv": [ 0, 0, 16, 2.5 ], "tintindex": 0 }
            }
        },
        {
            "from": [ 12, 3, 0 ], 
            "to": [ 20, 13, 2.5 ], 
            "faces": {
                "north": { "texture": "#body", "uv": [ 0, 0, 8, 10 ], "tintindex": 0 },
                "east": { "texture": "#body", "uv": [ 0, 0, 2.5, 10 ], "tintindex": 0 },
                "south": { "texture": "#body", "uv": [ 0, 0, 8, 10 ], "tintindex": 0 },
                "up": { "texture": "#body", "uv": [ 0, 0, 8, 2.5 ], "tintindex": 0 },
                "down": { "texture": "#body", "uv": [ 0, 0, 8, 2.5 ], "tintindex": 0 }
            }
        },
        {
            "from": [ 8, 3, 2 ], 
            "to": [ 18, 4, 15 ], 
            "faces": {
                "east": { "texture": "#body", "uv": [ 0, 0, 13, 1 ], "tintindex": 0 },
                "up": { "texture": "#body", "uv": [ 6, 0, 16, 13 ], "tintindex": 0 },
                "down": { "texture": "#body", "uv": [ 0, 0, 10, 13 ], "tintindex": 0 }
            }
        },
        {
            "from": [ -4, 3, 2.5 ], 
            "to": [ -2, 13, 15 ], 
            "faces": {
                "east": { "texture": "#body", "uv": [ 0, 0, 12.5, 10 ], "tintindex": 0 },
                "west": { "texture": "#body", "uv": [ 0, 0, 12.5, 10 ], "tintindex": 0 },
                "up": { "texture": "#body", "uv": [ 0, 0, 2, 12.5 ], "tintindex": 0 },
                "down": { "texture": "#body", "uv": [ 0, 0, 2, 12.5 ], "tintindex": 0 }
            }
        },
        {
            "from": [ -4, 4, 29 ], 
            "to": [ -2, 9, 31 ], 
            "faces": {
                "north": { "texture": "#body", "uv": [ 0, 0, 2, 5 ], "tintindex": 0 },
                "east": { "texture": "#body", "uv": [ 0, 0, 2, 5 ], "tintindex": 0 },
                "south": { "texture": "#body", "uv": [ 0, 0, 2, 5 ], "tintindex": 0 },
                "west": { "texture": "#body", "uv": [ 0, 0, 2, 5 ], "tintindex": 0 },
                "down": { "texture": "#body", "uv": [ 0, 0, 2, 2 ], "tintindex": 0 }
            }
        },
        {
            "from": [ -2, 11, 29 ], 
            "to": [ 14, 12, 31 ], 
            "faces": {
                "north": { "texture": "#body", "uv": [ 0, 0, 16, 1 ], "tintindex": 0 },
                "south": { "texture": "#body", "uv": [ 0, 0, 16, 1 ], "tintindex": 0 },
                "up": { "texture": "#body", "uv": [ 0, 0, 16, 2 ], "tintindex": 0 },
                "down": { "texture": "#body", "uv": [ 0, 0, 16, 2 ], "tintindex": 0 }
            }
        },
        {
            "from": [ -2, 4, 29 ], 
            "to": [ 14, 6, 31 ], 
            "faces": {
                "north": { "texture": "#body", "uv": [ 0, 0, 16, 2 ], "tintindex": 0 },
                "south": { "texture": "#body", "uv": [ 0, 0, 16, 2 ], "tintindex": 0 },
                "up": { "texture": "#body", "uv": [ 0, 0, 16, 2 ], "tintindex": 0 },
                "down": { "texture": "#body", "uv": [ 0, 0, 16, 2 ], "tintindex": 0 }
            }
        },
        {
            "from": [ 18, 4, 29 ], 
            "to": [ 20, 8, 31 ], 
            "faces": {
                "north": { "texture": "#body", "uv": [ 0, 0, 2, 4 ], "tintindex": 0 },
                "east": { "texture": "#body", "uv": [ 0, 0, 2, 4 ], "tintindex": 0 },
                "south": { "texture": "#body", "uv": [ 0, 0, 2, 4 ], "tintindex": 0 },
                "west": { "texture": "#body", "uv": [ 0, 0, 2, 4 ], "tintindex": 0 },
                "down": { "texture": "#body", "uv": [ 0, 0, 2, 2 ], "tintindex": 0 }
            }
        },
        {
            "from": [ 14, 11, 29 ], 
            "to": [ 18, 12, 31 ], 
            "faces": {
                "north": { "texture": "#body", "uv": [ 0, 0, 4, 1 ], "tintindex": 0 },
                "south": { "texture": "#body", "uv": [ 0, 0, 4, 1 ], "tintindex": 0 },
                "up": { "texture": "#body", "uv": [ 0, 0, 4, 2 ], "tintindex": 0 },
                "down": { "texture": "#body", "uv": [ 0, 0, 4, 2 ], "tintindex": 0 }
            }
        },
        {
            "from": [ 14, 4, 29 ], 
            "to": [ 18, 6, 31 ], 
            "faces": {
                "north": { "texture": "#body", "uv": [ 0, 0, 4, 2 ], "tintindex": 0 },
                "south": { "texture": "#body", "uv": [ 0, 0, 4, 2 ], "tintindex": 0 },
                "up": { "texture": "#body", "uv": [ 0, 0, 4, 2 ], "tintindex": 0 },
                "down": { "texture": "#body", "uv": [ 0, 0, 4, 2 ], "tintindex": 0 }
            }
        },
        {
            "from": [ -4, 8, 16 ], 
            "to": [ -2, 13, 28.6 ], 
            "faces": {
                "east": { "texture": "#body", "uv": [ 0, 0, 12.6, 5 ], "tintindex": 0 },
                "south": { "texture": "#body", "uv": [ 0, 0, 2, 5 ], "tintindex": 0 },
                "west": { "texture": "#body", "uv": [ 0, 0, 12.6, 5 ], "tintindex": 0 },
                "up": { "texture": "#body", "uv": [ 0, 0, 2, 12.6 ], "tintindex": 0 },
                "down": { "texture": "#body", "uv": [ 0, 0, 2, 12.6 ], "tintindex": 0 }
            }
        },
        {
            "from": [ -4, 3, 15 ], 
            "to": [ -2, 13, 16 ], 
            "faces": {
                "west": { "texture": "#body", "uv": [ 0, 0, 1, 10 ], "tintindex": 0 },
                "up": { "texture": "#body", "uv": [ 0, 0, 2, 1 ], "tintindex": 0 },
                "down": { "texture": "#body", "uv": [ 0, 0, 2, 1 ], "tintindex": 0 }
            }
        },
        {
            "from": [ -4, 3, 14 ], 
            "to": [ -2, 9, 16 ], 
            "rotation": { "origin": [ 8.0, 3.0, 16.0 ], "axis": "x", "angle": 22.5 },
            "faces": {
                "north": { "texture": "#body", "uv": [ 0, 0, 2, 6 ], "tintindex": 0 },
                "east": { "texture": "#body", "uv": [ 0, 0, 2, 6 ], "tintindex": 0 },
                "south": { "texture": "#body", "uv": [ 0, 0, 2, 6 ], "tintindex": 0 },
                "west": { "texture": "#body", "uv": [ 0, 0, 2, 6 ], "tintindex": 0 },
                "up": { "texture": "#body", "uv": [ 0, 0, 2, 2 ], "tintindex": 0 },
                "down": { "texture": "#body", "uv": [ 0, 0, 2, 2 ], "tintindex": 0 }
            }
        },
        {
            "from": [ -4, 4, 29 ], 
            "to": [ -2, 9, 31 ], 
            "rotation": { "origin": [ 8.0, 4.0, 29.0 ], "axis": "x", "angle": -22.5 },
            "faces": {
                "north": { "texture": "#body", "uv": [ 0, 0, 2, 5 ], "tintindex": 0 },
                "east": { "texture": "#body", "uv": [ 0, 0, 2, 5 ], "tintindex": 0 },
                "south": { "texture": "#body", "uv": [ 0, 0, 2, 5 ], "tintindex": 0 },
                "west": { "texture": "#body", "uv": [ 0, 0, 2, 5 ], "tintindex": 0 },
                "up": { "texture": "#body", "uv": [ 0, 0, 2, 2 ], "tintindex": 0 },
                "down": { "texture": "#body", "uv": [ 0, 0, 2, 2 ], "tintindex": 0 }
            }
        },
        {
            "from": [ -2, 3, 15 ], 
            "to": [ 12, 13, 16 ], 
            "faces": {
                "north": { "texture": "#frame", "uv": [ 0, 0, 14, 10 ] },
                "south": { "texture": "#body", "uv": [ 0, 0, 14, 10 ], "tintindex": 0 },
                "up": { "texture": "#body", "uv": [ 0, 0, 14, 1 ], "tintindex": 0 },
                "down": { "texture": "#body", "uv": [ 0, 0, 14, 1 ], "tintindex": 0 }
            }
        },
        {
            "from": [ 12, 3, 15 ], 
            "to": [ 18, 13, 16 ], 
            "faces": {
                "north": { "texture": "#frame", "uv": [ 0, 0, 6, 10 ] },
                "south": { "texture": "#body", "uv": [ 0, 0, 6, 10 ], "tintindex": 0 },
                "up": { "texture": "#body", "uv": [ 0, 0, 6, 1 ], "tintindex": 0 },
                "down": { "texture": "#body", "uv": [ 0, 0, 6, 1 ], "tintindex": 0 }
            }
        },
        {
            "from": [ 18, 8, 16 ], 
            "to": [ 20, 13, 28.6 ], 
            "faces": {
                "east": { "texture": "#body", "uv": [ 0, 0, 12.6, 5 ], "tintindex": 0 },
                "south": { "texture": "#body", "uv": [ 0, 0, 2, 5 ], "tintindex": 0 },
                "west": { "texture": "#body", "uv": [ 0, 0, 12.6, 5 ], "tintindex": 0 },
                "up": { "texture": "#body", "uv": [ 0, 0, 2, 12.6 ], "tintindex": 0 },
                "down": { "texture": "#body", "uv": [ 0, 0, 2, 12.6 ], "tintindex": 0 }
            }
        },
        {
            "from": [ 18, 4, 29 ], 
            "to": [ 20, 9, 31 ], 
            "rotation": { "origin": [ 8.0, 4.0, 29.0 ], "axis": "x", "angle": -22.5 },
            "faces": {
                "north": { "texture": "#body", "uv": [ 0, 0, 2, 5 ], "tintindex": 0 },
                "east": { "texture": "#body", "uv": [ 0, 0, 2, 5 ], "tintindex": 0 },
                "south": { "texture": "#body", "uv": [ 0, 0, 2, 5 ], "tintindex": 0 },
                "west": { "texture": "#body", "uv": [ 0, 0, 2, 5 ], "tintindex": 0 },
                "up": { "texture": "#body", "uv": [ 0, 0, 2, 2 ], "tintindex": 0 },
                "down": { "texture": "#body", "uv": [ 0, 0, 2, 2 ], "tintindex": 0 }
            }
        },
        {
            "from": [ 18, 3, 14 ], 
            "to": [ 20, 9, 16 ], 
            "rotation": { "origin": [ 8.0, 3.0, 16.0 ], "axis": "x", "angle": 22.5 },
            "faces": {
                "north": { "texture": "#body", "uv": [ 0, 0, 2, 6 ], "tintindex": 0 },
                "east": { "texture": "#body", "uv": [ 0, 0, 2, 6 ], "tintindex": 0 },
                "south": { "texture": "#body", "uv": [ 0, 0, 2, 6 ], "tintindex": 0 },
                "west": { "texture": "#body", "uv": [ 0, 0, 2, 6 ], "tintindex": 0 },
                "up": { "texture": "#body", "uv": [ 0, 0, 2, 2 ], "tintindex": 0 },
                "down": { "texture": "#body", "uv": [ 0, 0, 2, 2 ], "tintindex": 0 }
            }
        },
        {
            "from": [ 18, 3, 15 ], 
            "to": [ 20, 13, 16 ], 
            "faces": {
                "east": { "texture": "#body", "uv": [ 0, 0, 1, 10 ], "tintindex": 0 },
                "south": { "texture": "#body", "uv": [ 0, 0, 2, 10 ], "tintindex": 0 },
                "up": { "texture": "#body", "uv": [ 0, 0, 2, 1 ], "tintindex": 0 },
                "down": { "texture": "#body", "uv": [ 0, 0, 2, 1 ], "tintindex": 0 }
            }
        },
        {
            "from": [ 18, 3, 2.5 ], 
            "to": [ 20, 13, 15 ], 
            "faces": {
                "east": { "texture": "#body", "uv": [ 0, 0, 12.5, 10 ], "tintindex": 0 },
                "west": { "texture": "#body", "uv": [ 0, 0, 12.5, 10 ], "tintindex": 0 },
                "up": { "texture": "#body", "uv": [ 0, 0, 2, 12.5 ], "tintindex": 0 },
                "down": { "texture": "#body", "uv": [ 0, 0, 2, 12.5 ], "tintindex": 0 }
            }
        },
        {
            "from": [ -2, 6, 29 ], 
            "to": [ 3, 11, 30.4 ], 
            "faces": {
                "north": { "texture": "#bumper", "uv": [ 1, 1, 6, 6 ] },
                "east": { "texture": "#bumper", "uv": [ 0, 0, 1, 5 ] },
                "south": { "texture": "#bumper", "uv": [ 1, 1, 6, 6 ] }
            }
        },
        {
            "from": [ 13, 6, 29 ], 
            "to": [ 18, 11, 30.4 ], 
            "faces": {
                "north": { "texture": "#bumper", "uv": [ 1, 1, 6, 6 ] },
                "south": { "texture": "#bumper", "uv": [ 1, 1, 6, 6 ] },
                "west": { "texture": "#bumper", "uv": [ 0, 0, 1, 5 ], "rotation": 90 }
            }
        },
        {
            "from": [ -3, 3, 31 ], 
            "to": [ 8, 5, 32 ], 
            "faces": {
                "north": { "texture": "#bumper", "uv": [ 1, 1, 12, 3 ] },
                "south": { "texture": "#bumper", "uv": [ 1, 1, 12, 3 ] },
                "west": { "texture": "#bumper", "uv": [ 1, 1, 2, 3 ] },
                "up": { "texture": "#bumper", "uv": [ 1, 1, 12, 2 ] },
                "down": { "texture": "#bumper", "uv": [ 1, 1, 12, 2 ] }
            }
        },
        {
            "from": [ 8, 3, 31 ], 
            "to": [ 19, 5, 32 ], 
            "faces": {
                "north": { "texture": "#bumper", "uv": [ 1, 1, 12, 3 ] },
                "east": { "texture": "#bumper", "uv": [ 1, 1, 2, 3 ] },
                "south": { "texture": "#bumper", "uv": [ 1, 1, 12, 3 ] },
                "up": { "texture": "#bumper", "uv": [ 1, 1, 12, 2 ] },
                "down": { "texture": "#bumper", "uv": [ 1, 1, 12, 2 ] }
            }
        },
        {
            "from": [ 19, 3, 31 ], 
            "to": [ 20.5, 5, 32 ], 
            "rotation": { "origin": [ 19.0, 8.0, 32.0 ], "axis": "y", "angle": 22.5 },
            "faces": {
                "north": { "texture": "#bumper", "uv": [ 1, 1, 2.5, 3 ] },
                "east": { "texture": "#bumper", "uv": [ 1, 1, 2, 3 ] },
                "south": { "texture": "#bumper", "uv": [ 1, 1, 2.5, 3 ] },
                "west": { "texture": "#bumper", "uv": [ 1, 1, 2, 3 ] },
                "up": { "texture": "#bumper", "uv": [ 1, 1, 2.5, 2 ] },
                "down": { "texture": "#bumper", "uv": [ 1, 1, 2.5, 2 ] }
            }
        },
        {
            "from": [ -4.5, 3, 31 ], 
            "to": [ -3, 5, 32 ], 
            "rotation": { "origin": [ -3.0, 8.0, 32.0 ], "axis": "y", "angle": -22.5 },
            "faces": {
                "north": { "texture": "#bumper", "uv": [ 1, 1, 2.5, 3 ] },
                "east": { "texture": "#bumper", "uv": [ 1, 1, 2, 3 ] },
                "south": { "texture": "#bumper", "uv": [ 1, 1, 2.5, 3 ] },
                "west": { "texture": "#bumper", "uv": [ 1, 1, 2, 3 ] },
                "up": { "texture": "#bumper", "uv": [ 1, 1, 2.5, 2 ] },
                "down": { "texture": "#bumper", "uv": [ 1, 1, 2.5, 2 ] }
            }
        },
        {
            "from": [ 3, 6, 30 ], 
            "to": [ 13, 11, 30.4 ], 
            "faces": {
                "south": { "texture": "#grill", "uv": [ 0.5, 0.5, 14, 7 ] }
            }
        },
        {
            "from": [ 3, 6, 29 ], 
            "to": [ 13, 11, 30 ], 
            "faces": {
                "north": { "texture": "#frame", "uv": [ 1, 1, 11, 6 ] },
                "south": { "texture": "#frame", "uv": [ 1, 1, 11, 6 ] }
            }
        },
        {
            "from": [ 18, 11, 28.4 ], 
            "to": [ 20, 12, 31 ], 
            "rotation": { "origin": [ 8.0, 12.0, 31.0 ], "axis": "x", "angle": 22.5 },
            "faces": {
                "north": { "texture": "#body", "uv": [ 0, 0, 2, 1 ], "tintindex": 0 },
                "east": { "texture": "#body", "uv": [ 0, 0, 2.6, 1 ], "tintindex": 0 },
                "south": { "texture": "#body", "uv": [ 0, 0, 2, 1 ], "tintindex": 0 },
                "west": { "texture": "#body", "uv": [ 0, 0, 2.6, 1 ], "tintindex": 0 },
                "up": { "texture": "#body", "uv": [ 0, 0, 2, 2.6 ], "tintindex": 0 },
                "down": { "texture": "#body", "uv": [ 0, 0, 2, 2.6 ], "tintindex": 0 }
            }
        },
        {
            "from": [ 18, 8, 28.6 ], 
            "to": [ 20, 12, 31 ], 
            "faces": {
                "east": { "texture": "#body", "uv": [ 0, 0, 2.4, 4 ], "tintindex": 0 },
                "south": { "texture": "#body", "uv": [ 0, 0, 2, 4 ], "tintindex": 0 },
                "west": { "texture": "#body", "uv": [ 0, 0, 2.4, 4 ], "tintindex": 0 },
                "up": { "texture": "#body", "uv": [ 0, 0, 2, 2.4 ], "tintindex": 0 },
                "down": { "texture": "#body", "uv": [ 0, 0, 2, 2.4 ], "tintindex": 0 }
            }
        },
        {
            "from": [ -4, 11, 28.4 ], 
            "to": [ -2, 12, 31 ], 
            "rotation": { "origin": [ 8.0, 12.0, 31.0 ], "axis": "x", "angle": 22.5 },
            "faces": {
                "north": { "texture": "#body", "uv": [ 0, 0, 2, 1 ], "tintindex": 0 },
                "east": { "texture": "#body", "uv": [ 0, 0, 2.6, 1 ], "tintindex": 0 },
                "south": { "texture": "#body", "uv": [ 0, 0, 2, 1 ], "tintindex": 0 },
                "west": { "texture": "#body", "uv": [ 0, 0, 2.6, 1 ], "tintindex": 0 },
                "up": { "texture": "#body", "uv": [ 0, 0, 2, 2.6 ], "tintindex": 0 },
                "down": { "texture": "#body", "uv": [ 0, 0, 2, 2.6 ], "tintindex": 0 }
            }
        },
        {
            "from": [ -4, 9, 28.6 ], 
            "to": [ -2, 12, 31 ], 
            "faces": {
                "east": { "texture": "#body", "uv": [ 0, 0, 2.4, 3 ], "tintindex": 0 },
                "south": { "texture": "#body", "uv": [ 0, 0, 2, 3 ], "tintindex": 0 },
                "west": { "texture": "#body", "uv": [ 0, 0, 2.4, 3 ], "tintindex": 0 },
                "up": { "texture": "#body", "uv": [ 0, 0, 2, 2.4 ], "tintindex": 0 },
                "down": { "texture": "#body", "uv": [ 0, 0, 2, 2.4 ], "tintindex": 0 }
            }
        },
        {
            "from": [ -2, 11, 29.4 ], 
            "to": [ 14, 12, 31 ], 
            "rotation": { "origin": [ 8.0, 12.0, 31.0 ], "axis": "x", "angle": 22.5 },
            "faces": {
                "north": { "texture": "#body", "uv": [ 0, 0, 16, 1 ], "tintindex": 0 },
                "east": { "texture": "#body", "uv": [ 0, 0, 1.6, 1 ], "tintindex": 0 },
                "south": { "texture": "#body", "uv": [ 0, 0, 16, 1 ], "tintindex": 0 },
                "west": { "texture": "#body", "uv": [ 0, 0, 1.6, 1 ], "tintindex": 0 },
                "up": { "texture": "#body", "uv": [ 0, 0, 16, 1.6 ], "tintindex": 0 },
                "down": { "texture": "#body", "uv": [ 0, 0, 16, 1.6 ], "tintindex": 0 }
            }
        },
        {
            "from": [ -2, 11.6, 16.6 ], 
            "to": [ 14, 12.6, 29.6 ], 
            "faces": {
                "north": { "texture": "#body", "uv": [ 0, 0, 16, 1 ], "tintindex": 0 },
                "south": { "texture": "#body", "uv": [ 0, 0, 16, 1 ], "tintindex": 0 },
                "west": { "texture": "#body", "uv": [ 0, 0, 13, 1 ], "tintindex": 0 },
                "up": { "texture": "#body", "uv": [ 0, 0, 16, 13 ], "tintindex": 0 },
                "down": { "texture": "#body", "uv": [ 0, 0, 16, 13 ], "tintindex": 0 }
            }
        },
        {
            "from": [ 14, 11.6, 16.6 ], 
            "to": [ 18, 12.6, 29.6 ], 
            "faces": {
                "north": { "texture": "#body", "uv": [ 0, 0, 4, 1 ], "tintindex": 0 },
                "east": { "texture": "#body", "uv": [ 0, 0, 13, 1 ], "tintindex": 0 },
                "south": { "texture": "#body", "uv": [ 0, 0, 4, 1 ], "tintindex": 0 },
                "up": { "texture": "#body", "uv": [ 0, 0, 4, 13 ], "tintindex": 0 },
                "down": { "texture": "#body", "uv": [ 0, 0, 4, 13 ], "tintindex": 0 }
            }
        },
        {
            "from": [ 14, 11, 29.4 ], 
            "to": [ 18, 12, 31 ], 
            "rotation": { "origin": [ 8.0, 12.0, 31.0 ], "axis": "x", "angle": 22.5 },
            "faces": {
                "north": { "texture": "#body", "uv": [ 0, 0, 4, 1 ], "tintindex": 0 },
                "east": { "texture": "#body", "uv": [ 0, 0, 1.6, 1 ], "tintindex": 0 },
                "south": { "texture": "#body", "uv": [ 0, 0, 4, 1 ], "tintindex": 0 },
                "west": { "texture": "#body", "uv": [ 0, 0, 1.6, 1 ], "tintindex": 0 },
                "up": { "texture": "#body", "uv": [ 0, 0, 4, 1.6 ], "tintindex": 0 },
                "down": { "texture": "#body", "uv": [ 0, 0, 4, 1.6 ], "tintindex": 0 }
            }
        },
        {
            "from": [ -2, 11.6, 15.9 ], 
            "to": [ 14, 12.6, 17 ], 
            "rotation": { "origin": [ 8.0, 12.600000008940697, 17.0 ], "axis": "x", "angle": 22.5 },
            "faces": {
                "north": { "texture": "#body", "uv": [ 0, 0, 16, 1 ], "tintindex": 0 },
                "east": { "texture": "#body", "uv": [ 0, 0, 1.1, 1 ], "tintindex": 0 },
                "south": { "texture": "#body", "uv": [ 0, 0, 16, 1 ], "tintindex": 0 },
                "west": { "texture": "#body", "uv": [ 0, 0, 1.1, 1 ], "tintindex": 0 },
                "up": { "texture": "#body", "uv": [ 0, 0, 16, 1.1 ], "tintindex": 0 },
                "down": { "texture": "#body", "uv": [ 0, 0, 16, 1.1 ], "tintindex": 0 }
            }
        },
        {
            "from": [ 14, 11.6, 15.9 ], 
            "to": [ 18, 12.6, 17 ], 
            "rotation": { "origin": [ 8.0, 12.600000008940697, 17.0 ], "axis": "x", "angle": 22.5 },
            "faces": {
                "north": { "texture": "#body", "uv": [ 0, 0, 4, 1 ], "tintindex": 0 },
                "east": { "texture": "#body", "uv": [ 0, 0, 1.1, 1 ], "tintindex": 0 },
                "south": { "texture": "#body", "uv": [ 0, 0, 4, 1 ], "tintindex": 0 },
                "west": { "texture": "#body", "uv": [ 0, 0, 1.1, 1 ], "tintindex": 0 },
                "up": { "texture": "#body", "uv": [ 0, 0, 4, 1.1 ], "tintindex": 0 },
                "down": { "texture": "#body", "uv": [ 0, 0, 4, 1.1 ], "tintindex": 0 }
            }
        },
        {
            "from": [ -3, 13, 15 ], 
            "to": [ 13, 14.5, 16 ], 
            "rotation": { "origin": [ 8.0, 13.0, 16.0 ], "axis": "x", "angle": -22.5 },
            "faces": {
                "north": { "texture": "#body", "uv": [ 0, 0, 16, 1.5 ], "tintindex": 0 },
                "east": { "texture": "#body", "uv": [ 0, 0, 1, 1.5 ], "tintindex": 0 },
                "south": { "texture": "#body", "uv": [ 0, 0, 16, 1.5 ], "tintindex": 0 },
                "west": { "texture": "#body", "uv": [ 0, 0, 1, 1.5 ], "tintindex": 0 },
                "up": { "texture": "#body", "uv": [ 0, 0, 16, 1 ], "tintindex": 0 },
                "down": { "texture": "#body", "uv": [ 0, 0, 16, 1 ], "tintindex": 0 }
            }
        },
        {
            "from": [ -2, 8, 16 ], 
            "to": [ 0, 9, 29 ], 
            "faces": {
                "east": { "texture": "#frame", "uv": [ 0, 0, 13, 1 ] },
                "west": { "texture": "#frame", "uv": [ 0, 0, 13, 1 ] },
                "up": { "texture": "#frame", "uv": [ 2, 0, 4, 13 ] },
                "down": { "texture": "#frame", "uv": [ 0, 0, 2, 13 ] }
            }
        },
        {
            "from": [ 16, 8, 16 ], 
            "to": [ 18, 9, 29 ], 
            "faces": {
                "east": { "texture": "#frame", "uv": [ 0, 0, 13, 1 ] },
                "west": { "texture": "#frame", "uv": [ 0, 0, 13, 1 ] },
                "up": { "texture": "#frame", "uv": [ 2, 0, 4, 13 ] },
                "down": { "texture": "#frame", "uv": [ 0, 0, 2, 13 ] }
            }
        },
        {
            "from": [ 13, 13, 15 ], 
            "to": [ 19, 14.5, 16 ], 
            "rotation": { "origin": [ 8.0, 13.0, 16.0 ], "axis": "x", "angle": -22.5 },
            "faces": {
                "north": { "texture": "#body", "uv": [ 0, 0, 6, 1.5 ], "tintindex": 0 },
                "east": { "texture": "#body", "uv": [ 0, 0, 1, 1.5 ], "tintindex": 0 },
                "south": { "texture": "#body", "uv": [ 0, 0, 6, 1.5 ], "tintindex": 0 },
                "west": { "texture": "#body", "uv": [ 0, 0, 1, 1.5 ], "tintindex": 0 },
                "up": { "texture": "#body", "uv": [ 0, 0, 6, 1 ], "tintindex": 0 },
                "down": { "texture": "#body", "uv": [ 0, 0, 6, 1 ], "tintindex": 0 }
            }
        },
        {
            "from": [ -3, 14.5, 15 ], 
            "to": [ -2, 21.6, 16 ], 
            "rotation": { "origin": [ 8.0, 13.0, 16.0 ], "axis": "x", "angle": -22.5 },
            "faces": {
                "north": { "texture": "#body", "uv": [ 0, 0, 1, 7.1 ], "tintindex": 0 },
                "east": { "texture": "#body", "uv": [ 0, 0, 1, 7.1 ], "tintindex": 0 },
                "south": { "texture": "#body", "uv": [ 0, 0, 1, 7.1 ], "tintindex": 0 },
                "west": { "texture": "#body", "uv": [ 0, 0, 1, 7.1 ], "tintindex": 0 },
                "up": { "texture": "#body", "uv": [ 0, 0, 1, 1 ], "tintindex": 0 },
                "down": { "texture": "#body", "uv": [ 0, 0, 1, 1 ], "tintindex": 0 }
            }
        },
        {
            "from": [ -2, 14.5, 15 ], 
            "to": [ 13, 15, 16 ], 
            "rotation": { "origin": [ 8.0, 13.0, 16.0 ], "axis": "x", "angle": -22.5 },
            "faces": {
                "north": { "texture": "#window_frame", "uv": [ 0, 0, 15, 0.5 ] },
                "east": { "texture": "#window_frame", "uv": [ 0, 0, 1, 0.5 ] },
                "south": { "texture": "#window_frame", "uv": [ 0, 0, 15, 0.5 ] },
                "west": { "texture": "#window_frame", "uv": [ 0, 0, 1, 0.5 ] },
                "up": { "texture": "#window_frame", "uv": [ 0, 0, 15, 1 ] },
                "down": { "texture": "#window_frame", "uv": [ 0, 0, 15, 1 ] }
            }
        },
        {
            "from": [ -2, 15, 15 ], 
            "to": [ -1.5, 21, 16 ], 
            "rotation": { "origin": [ 8.0, 13.0, 16.0 ], "axis": "x", "angle": -22.5 },
            "faces": {
                "north": { "texture": "#window_frame", "uv": [ 0, 0, 0.5, 6 ] },
                "east": { "texture": "#window_frame", "uv": [ 0, 0, 1, 6 ] },
                "south": { "texture": "#window_frame", "uv": [ 0, 0, 0.5, 6 ] },
                "west": { "texture": "#window_frame", "uv": [ 0, 0, 1, 6 ] },
                "up": { "texture": "#window_frame", "uv": [ 0, 0, 0.5, 1 ] },
                "down": { "texture": "#window_frame", "uv": [ 0, 0, 0.5, 1 ] }
            }
        },
        {
            "from": [ 17.5, 15, 15 ], 
            "to": [ 18, 21.5, 16 ], 
            "rotation": { "origin": [ 8.0, 13.0, 16.0 ], "axis": "x", "angle": -22.5 },
            "faces": {
                "north": { "texture": "#window_frame", "uv": [ 0, 0, 0.5, 6.5 ] },
                "east": { "texture": "#window_frame", "uv": [ 0, 0, 1, 6.5 ] },
                "south": { "texture": "#window_frame", "uv": [ 0, 0, 0.5, 6.5 ] },
                "west": { "texture": "#window_frame", "uv": [ 0, 0, 1, 6.5 ] },
                "up": { "texture": "#window_frame", "uv": [ 0, 0, 0.5, 1 ] },
                "down": { "texture": "#window_frame", "uv": [ 0, 0, 0.5, 1 ] }
            }
        },
        {
            "from": [ 13, 14.5, 15 ], 
            "to": [ 18, 15, 16 ], 
            "rotation": { "origin": [ 8.0, 13.0, 16.0 ], "axis": "x", "angle": -22.5 },
            "faces": {
                "north": { "texture": "#window_frame", "uv": [ 0, 0, 5, 0.5 ] },
                "east": { "texture": "#window_frame", "uv": [ 0, 0, 1, 0.5 ] },
                "south": { "texture": "#window_frame", "uv": [ 0, 0, 5, 0.5 ] },
                "west": { "texture": "#window_frame", "uv": [ 0, 0, 1, 0.5 ] },
                "up": { "texture": "#window_frame", "uv": [ 0, 0, 5, 1 ] },
                "down": { "texture": "#window_frame", "uv": [ 0, 0, 5, 1 ] }
            }
        },
        {
            "from": [ -3, 20.4, 4.5 ], 
            "to": [ 13, 21.4, 12.7 ], 
            "faces": {
                "north": { "texture": "#body", "uv": [ 0, 0, 16, 1 ], "tintindex": 0 },
                "south": { "texture": "#body", "uv": [ 0, 0, 16, 1 ], "tintindex": 0 },
                "west": { "texture": "#body", "uv": [ 0, 0, 8.2, 1 ], "tintindex": 0 },
                "up": { "texture": "#body", "uv": [ 0, 0, 16, 8.2 ], "tintindex": 0 },
                "down": { "texture": "#body", "uv": [ 0, 0, 16, 8.2 ], "tintindex": 0 }
            }
        },
        {
            "from": [ -2, 21, 15 ], 
            "to": [ 13, 21.5, 16 ], 
            "rotation": { "origin": [ 8.0, 13.0, 16.0 ], "axis": "x", "angle": -22.5 },
            "faces": {
                "north": { "texture": "#window_frame", "uv": [ 0, 0, 15, 0.5 ] },
                "east": { "texture": "#window_frame", "uv": [ 0, 0, 1, 0.5 ] },
                "south": { "texture": "#window_frame", "uv": [ 0, 0, 15, 0.5 ] },
                "west": { "texture": "#window_frame", "uv": [ 0, 0, 1, 0.5 ] },
                "up": { "texture": "#window_frame", "uv": [ 0, 0, 15, 1 ] },
                "down": { "texture": "#window_frame", "uv": [ 0, 0, 15, 1 ] }
            }
        },
        {
            "from": [ 13, 21, 15 ], 
            "to": [ 17.5, 21.5, 16 ], 
            "rotation": { "origin": [ 8.0, 13.0, 16.0 ], "axis": "x", "angle": -22.5 },
            "faces": {
                "north": { "texture": "#window_frame", "uv": [ 0, 0, 4.5, 0.5 ] },
                "east": { "texture": "#window_frame", "uv": [ 0, 0, 1, 0.5 ] },
                "south": { "texture": "#window_frame", "uv": [ 0, 0, 4.5, 0.5 ] },
                "west": { "texture": "#window_frame", "uv": [ 0, 0, 1, 0.5 ] },
                "up": { "texture": "#window_frame", "uv": [ 0, 0, 4.5, 1 ] },
                "down": { "texture": "#window_frame", "uv": [ 0, 0, 4.5, 1 ] }
            }
        },
        {
            "from": [ -2.9, 21.4, 2.5 ], 
            "to": [ 13.1, 22.4, 11.7 ], 
            "faces": {
                "north": { "texture": "#trim", "uv": [ 0, 0, 16, 1 ] },
                "south": { "texture": "#trim", "uv": [ 0, 0, 16, 1 ] },
                "west": { "texture": "#trim", "uv": [ 0, 0, 9.2, 1 ] },
                "up": { "texture": "#trim", "uv": [ 0, 0, 16, 9.2 ] },
                "down": { "texture": "#trim", "uv": [ 0, 0, 16, 9.2 ] }
            }
        },
        {
            "from": [ -3.8, 9, -0.5 ], 
            "to": [ -2.3, 19, 1 ], 
            "faces": {
                "north": { "texture": "#axel", "uv": [ 1, 1, 2.5, 11 ] },
                "east": { "texture": "#axel", "uv": [ 1, 1, 2.5, 11 ] },
                "south": { "texture": "#axel", "uv": [ 1, 1, 2.5, 11 ] },
                "west": { "texture": "#axel", "uv": [ 1, 1, 2.5, 11 ] },
                "up": { "texture": "#axel", "uv": [ 1, 1, 2.5, 2.5 ] },
                "down": { "texture": "#axel", "uv": [ 1, 1, 2.5, 2.5 ] }
            }
        },
        {
            "from": [ 18.3, 9, -0.5 ], 
            "to": [ 19.8, 19, 1 ], 
            "faces": {
                "north": { "texture": "#axel", "uv": [ 1, 1, 2.5, 11 ] },
                "east": { "texture": "#axel", "uv": [ 1, 1, 2.5, 11 ] },
                "south": { "texture": "#axel", "uv": [ 1, 1, 2.5, 11 ] },
                "west": { "texture": "#axel", "uv": [ 1, 1, 2.5, 11 ] },
                "up": { "texture": "#axel", "uv": [ 1, 1, 2.5, 2.5 ] },
                "down": { "texture": "#axel", "uv": [ 1, 1, 2.5, 2.5 ] }
            }
        },
        {
            "from": [ -3.8, 19, -0.5 ], 
            "to": [ -2.3, 23.1, 1 ], 
            "rotation": { "origin": [ -3.7999999970197678, 19.0, 1.0 ], "axis": "z", "angle": -45.0 },
            "faces": {
                "north": { "texture": "#axel", "uv": [ 1, 1, 2.5, 5.1 ] },
                "east": { "texture": "#axel", "uv": [ 1, 1, 2.5, 5.1 ] },
                "south": { "texture": "#axel", "uv": [ 1, 1, 2.5, 5.1 ] },
                "west": { "texture": "#axel", "uv": [ 1, 1, 2.5, 5.1 ] },
                "up": { "texture": "#axel", "uv": [ 1, 1, 2.5, 2.5 ] },
                "down": { "texture": "#axel", "uv": [ 1, 1, 2.5, 2.5 ] }
            }
        },
        {
            "from": [ -0.9, 20.4, -0.5 ], 
            "to": [ 15.1, 21.9, 1 ], 
            "faces": {
                "north": { "texture": "#axel", "uv": [ 0, 1, 16, 2.5 ] },
                "south": { "texture": "#axel", "uv": [ 0, 1, 16, 2.5 ] },
                "west": { "texture": "#axel", "uv": [ 1, 1, 2.5, 2.5 ] },
                "up": { "texture": "#axel", "uv": [ 0, 1, 16, 2.5 ] },
                "down": { "texture": "#axel", "uv": [ 0, 1, 16, 2.5 ] }
            }
        },
        {
            "from": [ 18.3, 19, -0.5 ], 
            "to": [ 19.8, 23.1, 1 ], 
            "rotation": { "origin": [ 19.80000001192093, 19.0, 1.0 ], "axis": "z", "angle": 45.0 },
            "faces": {
                "north": { "texture": "#axel", "uv": [ 1, 1, 2.5, 5.1 ] },
                "east": { "texture": "#axel", "uv": [ 1, 1, 2.5, 5.1 ] },
                "south": { "texture": "#axel", "uv": [ 1, 1, 2.5, 5.1 ] },
                "west": { "texture": "#axel", "uv": [ 1, 1, 2.5, 5.1 ] },
                "up": { "texture": "#axel", "uv": [ 1, 1, 2.5, 2.5 ] },
                "down": { "texture": "#axel", "uv": [ 1, 1, 2.5, 2.5 ] }
            }
        },
        {
            "from": [ 15.1, 20.4, -0.5 ], 
            "to": [ 16.9, 21.9, 1 ], 
            "faces": {
                "north": { "texture": "#axel", "uv": [ 1, 1, 2.8, 2.5 ] },
                "east": { "texture": "#axel", "uv": [ 1, 1, 2.5, 2.5 ] },
                "south": { "texture": "#axel", "uv": [ 1, 1, 2.8, 2.5 ] },
                "up": { "texture": "#axel", "uv": [ 1, 1, 2.8, 2.5 ] },
                "down": { "texture": "#axel", "uv": [ 1, 1, 2.8, 2.5 ] }
            }
        },
        {
            "from": [ -3.8, 10, -3.5 ], 
            "to": [ -2.3, 19, -2 ], 
            "rotation": { "origin": [ -3.0, 19.0, -3.500000022351742 ], "axis": "x", "angle": 45.0 },
            "faces": {
                "north": { "texture": "#axel", "uv": [ 0, 0, 1.5, 9 ] },
                "east": { "texture": "#axel", "uv": [ 0, 0, 1.5, 9 ] },
                "south": { "texture": "#axel", "uv": [ 0, 0, 1.5, 9 ] },
                "west": { "texture": "#axel", "uv": [ 0, 0, 1.5, 9 ] },
                "up": { "texture": "#axel", "uv": [ 0, 0, 1.5, 1.5 ] },
                "down": { "texture": "#axel", "uv": [ 0, 0, 1.5, 1.5 ] }
            }
        },
        {
            "from": [ -3.8, 17.5, -3.5 ], 
            "to": [ -2.3, 19, -0.5 ], 
            "faces": {
                "north": { "texture": "#axel", "uv": [ 1, 1, 2.5, 2.5 ] },
                "east": { "texture": "#axel", "uv": [ 1, 1, 4, 2.5 ] },
                "west": { "texture": "#axel", "uv": [ 1, 1, 4, 2.5 ] },
                "up": { "texture": "#axel", "uv": [ 1, 1, 2.5, 4 ] },
                "down": { "texture": "#axel", "uv": [ 1, 1, 2.5, 4 ] }
            }
        },
        {
            "from": [ 18.3, 10, -3.5 ], 
            "to": [ 19.8, 19, -2 ], 
            "rotation": { "origin": [ -3.0, 19.0, -3.500000022351742 ], "axis": "x", "angle": 45.0 },
            "faces": {
                "north": { "texture": "#axel", "uv": [ 0, 0, 1.5, 9 ] },
                "east": { "texture": "#axel", "uv": [ 0, 0, 1.5, 9 ] },
                "south": { "texture": "#axel", "uv": [ 0, 0, 1.5, 9 ] },
                "west": { "texture": "#axel", "uv": [ 0, 0, 1.5, 9 ] },
                "up": { "texture": "#axel", "uv": [ 0, 0, 1.5, 1.5 ] },
                "down": { "texture": "#axel", "uv": [ 0, 0, 1.5, 1.5 ] }
            }
        },
        {
            "from": [ 18.3, 17.5, -3.5 ], 
            "to": [ 19.8, 19, -0.5 ], 
            "faces": {
                "north": { "texture": "#axel", "uv": [ 1, 1, 2.5, 2.5 ] },
                "east": { "texture": "#axel", "uv": [ 1, 1, 4, 2.5 ] },
                "west": { "texture": "#axel", "uv": [ 1, 1, 4, 2.5 ] },
                "up": { "texture": "#axel", "uv": [ 1, 1, 2.5, 4 ] },
                "down": { "texture": "#axel", "uv": [ 1, 1, 2.5, 4 ] }
            }
        },
        {
            "from": [ -2, 13, 1.5 ], 
            "to": [ 14, 15, 2.5 ], 
            "faces": {
                "north": { "texture": "#trim", "uv": [ 0, 0, 16, 2 ] },
                "south": { "texture": "#trim", "uv": [ 0, 0, 16, 2 ] },
                "up": { "texture": "#trim", "uv": [ 0, 0, 16, 1 ] },
                "down": { "texture": "#trim", "uv": [ 0, 0, 16, 1 ] }
            }
        },
        {
            "from": [ 14, 13, 1.5 ], 
            "to": [ 18, 15, 2.5 ], 
            "faces": {
                "north": { "texture": "#trim", "uv": [ 0, 0, 4, 2 ] },
                "up": { "texture": "#trim", "uv": [ 0, 0, 4, 1 ] }
            }
        },
        {
            "from": [ -3, 13, 1.5 ], 
            "to": [ -2, 21.4, 4 ], 
            "faces": {
                "north": { "texture": "#trim", "uv": [ 0, 0, 1, 8.4 ] },
                "east": { "texture": "#trim", "uv": [ 0, 0, 2.5, 8.4 ] },
                "west": { "texture": "#trim", "uv": [ 0, 0, 2.5, 8.4 ] },
                "up": { "texture": "#trim", "uv": [ 0, 0, 1, 2.5 ] },
                "down": { "texture": "#trim", "uv": [ 0, 0, 1, 2.5 ] }
            }
        },
        {
            "from": [ -2, 19.4, 1.5 ], 
            "to": [ 14, 21.4, 2.5 ], 
            "faces": {
                "north": { "texture": "#trim", "uv": [ 0, 0, 16, 2 ] },
                "south": { "texture": "#trim", "uv": [ 0, 0, 16, 2 ] },
                "up": { "texture": "#trim", "uv": [ 0, 0, 16, 1 ] },
                "down": { "texture": "#trim", "uv": [ 0, 0, 16, 1 ] }
            }
        },
        {
            "from": [ 14, 19.4, 1.5 ], 
            "to": [ 18, 21.4, 2.5 ], 
            "faces": {
                "north": { "texture": "#trim", "uv": [ 0, 0, 4, 2 ] },
                "south": { "texture": "#trim", "uv": [ 0, 0, 4, 2 ] },
                "up": { "texture": "#trim", "uv": [ 0, 0, 4, 1 ] },
                "down": { "texture": "#trim", "uv": [ 0, 0, 4, 1 ] }
            }
        },
        {
            "from": [ 18, 13, 1.5 ], 
            "to": [ 19, 21.4, 4 ], 
            "faces": {
                "north": { "texture": "#trim", "uv": [ 0, 0, 1, 8.4 ] },
                "east": { "texture": "#trim", "uv": [ 0, 0, 2.5, 8.4 ] },
                "west": { "texture": "#trim", "uv": [ 0, 0, 2.5, 8.4 ] },
                "up": { "texture": "#trim", "uv": [ 0, 0, 1, 2.5 ] },
                "down": { "texture": "#trim", "uv": [ 0, 0, 1, 2.5 ] }
            }
        },
        {
            "from": [ 13, 20.4, 4.5 ], 
            "to": [ 19, 21.4, 12.7 ], 
            "faces": {
                "north": { "texture": "#body", "uv": [ 0, 0, 6, 1 ], "tintindex": 0 },
                "east": { "texture": "#body", "uv": [ 0, 0, 8.2, 1 ], "tintindex": 0 },
                "south": { "texture": "#body", "uv": [ 0, 0, 6, 1 ], "tintindex": 0 },
                "up": { "texture": "#body", "uv": [ 0, 0, 6, 8.2 ], "tintindex": 0 },
                "down": { "texture": "#body", "uv": [ 0, 0, 6, 8.2 ], "tintindex": 0 }
            }
        },
        {
            "from": [ 18, 14.5, 15 ], 
            "to": [ 19, 21.6, 16 ], 
            "rotation": { "origin": [ 8.0, 13.0, 16.0 ], "axis": "x", "angle": -22.5 },
            "faces": {
                "north": { "texture": "#body", "uv": [ 0, 0, 1, 7.1 ], "tintindex": 0 },
                "east": { "texture": "#body", "uv": [ 0, 0, 1, 7.1 ], "tintindex": 0 },
                "south": { "texture": "#body", "uv": [ 0, 0, 1, 7.1 ], "tintindex": 0 },
                "west": { "texture": "#body", "uv": [ 0, 0, 1, 7.1 ], "tintindex": 0 },
                "up": { "texture": "#body", "uv": [ 0, 0, 1, 1 ], "tintindex": 0 },
                "down": { "texture": "#body", "uv": [ 0, 0, 1, 1 ], "tintindex": 0 }
            }
        },
        {
            "from": [ 13.1, 21.4, 2.5 ], 
            "to": [ 18.9, 22.4, 11.7 ], 
            "faces": {
                "north": { "texture": "#trim", "uv": [ 0, 0, 5.8, 1 ] },
                "east": { "texture": "#trim", "uv": [ 0, 0, 9.2, 1 ] },
                "south": { "texture": "#trim", "uv": [ 0, 0, 5.8, 1 ] },
                "up": { "texture": "#trim", "uv": [ 0, 0, 5.8, 9.2 ] },
                "down": { "texture": "#trim", "uv": [ 0, 0, 5.8, 9.2 ] }
            }
        },
        {
            "from": [ -2.9, 21.4, 1.1 ], 
            "to": [ 13.1, 22.4, 2.5 ], 
            "rotation": { "origin": [ 8.0, 22.399999991059303, 2.5000000074505806 ], "axis": "x", "angle": -45.0 },
            "faces": {
                "north": { "texture": "#trim", "uv": [ 0, 0, 16, 1 ] },
                "east": { "texture": "#trim", "uv": [ 0, 0, 1.4, 1 ] },
                "south": { "texture": "#trim", "uv": [ 0, 0, 16, 1 ] },
                "west": { "texture": "#trim", "uv": [ 0, 0, 1.4, 1 ] },
                "up": { "texture": "#trim", "uv": [ 0, 0, 16, 1.4 ] },
                "down": { "texture": "#trim", "uv": [ 0, 0, 16, 1.4 ] }
            }
        },
        {
            "from": [ 12.9, 21.4, 1.1 ], 
            "to": [ 18.9, 22.4, 2.5 ], 
            "rotation": { "origin": [ 8.0, 22.399999991059303, 2.5000000074505806 ], "axis": "x", "angle": -45.0 },
            "faces": {
                "north": { "texture": "#trim", "uv": [ 0, 0, 6, 1 ] },
                "east": { "texture": "#trim", "uv": [ 0, 0, 1.4, 1 ] },
                "south": { "texture": "#trim", "uv": [ 0, 0, 6, 1 ] },
                "west": { "texture": "#trim", "uv": [ 0, 0, 1.4, 1 ] },
                "up": { "texture": "#trim", "uv": [ 0, 0, 6, 1.4 ] },
                "down": { "texture": "#trim", "uv": [ 0, 0, 6, 1.4 ] }
            }
        },
        {
            "from": [ -3, 13, 4 ], 
            "to": [ -2, 21.4, 4.5 ], 
            "faces": {
                "east": { "texture": "#body", "uv": [ 0, 0, 0.5, 8.4 ], "tintindex": 0 },
                "south": { "texture": "#body", "uv": [ 0, 0, 1, 8.4 ], "tintindex": 0 },
                "west": { "texture": "#body", "uv": [ 0, 0, 0.5, 8.4 ], "tintindex": 0 },
                "up": { "texture": "#body", "uv": [ 0, 0, 1, 0.5 ], "tintindex": 0 }
            }
        },
        {
            "from": [ 18, 13, 4 ], 
            "to": [ 19, 21.4, 4.5 ], 
            "faces": {
                "east": { "texture": "#body", "uv": [ 0, 0, 0.5, 8.4 ], "tintindex": 0 },
                "south": { "texture": "#body", "uv": [ 0, 0, 1, 8.4 ], "tintindex": 0 },
                "west": { "texture": "#body", "uv": [ 0, 0, 0.5, 8.4 ], "tintindex": 0 },
                "up": { "texture": "#body", "uv": [ 0, 0, 1, 0.5 ], "tintindex": 0 }
            }
        },
        {
            "from": [ -2.9, 21.4, 11.7 ], 
            "to": [ 13.1, 22.4, 13.1 ], 
            "rotation": { "origin": [ 8.0, 22.399999991059303, 11.700000010430813 ], "axis": "x", "angle": 45.0 },
            "faces": {
                "north": { "texture": "#trim", "uv": [ 0, 0, 16, 1 ] },
                "east": { "texture": "#trim", "uv": [ 0, 0, 1.4, 1 ] },
                "south": { "texture": "#trim", "uv": [ 0, 0, 16, 1 ] },
                "west": { "texture": "#trim", "uv": [ 0, 0, 1.4, 1 ] },
                "up": { "texture": "#trim", "uv": [ 0, 0, 16, 1.4 ] },
                "down": { "texture": "#trim", "uv": [ 0, 0, 16, 1.4 ] }
            }
        },
        {
            "from": [ 13.1, 21.4, 11.7 ], 
            "to": [ 18.9, 22.4, 13.1 ], 
            "rotation": { "origin": [ 8.0, 22.399999991059303, 11.700000010430813 ], "axis": "x", "angle": 45.0 },
            "faces": {
                "north": { "texture": "#trim", "uv": [ 0, 0, 5.8, 1 ] },
                "east": { "texture": "#trim", "uv": [ 0, 0, 1.4, 1 ] },
                "south": { "texture": "#trim", "uv": [ 0, 0, 5.8, 1 ] },
                "west": { "texture": "#trim", "uv": [ 0, 0, 1.4, 1 ] },
                "up": { "texture": "#trim", "uv": [ 0, 0, 5.8, 1.4 ] },
                "down": { "texture": "#trim", "uv": [ 0, 0, 5.8, 1.4 ] }
            }
        },
        {
            "from": [ 6, -1, 20.5 ], 
            "to": [ 10, 3, 24.5 ], 
            "faces": {
                "north": { "texture": "#frame", "uv": [ 0, 0, 4, 4 ] },
                "east": { "texture": "#frame", "uv": [ 0, 0, 4, 4 ] },
                "south": { "texture": "#frame", "uv": [ 0, 0, 4, 4 ] },
                "west": { "texture": "#frame", "uv": [ 0, 0, 4, 4 ] },
                "up": { "texture": "#frame", "uv": [ 0, 0, 4, 4 ] },
                "down": { "texture": "#frame", "uv": [ 0, 0, 4, 4 ] }
            }
        },
        {
            "from": [ -5, 4, -11.5 ], 
            "to": [ -4, 9.2, -10.3 ], 
            "rotation": { "origin": [ -4.0, 9.200000002980232, -11.49999999254942 ], "axis": "x", "angle": 22.5 },
            "faces": {
                "north": { "texture": "#trim", "uv": [ 0, 0, 1, 5.2 ] },
                "east": { "texture": "#trim", "uv": [ 0, 0, 1.2, 5.2 ] },
                "south": { "texture": "#trim", "uv": [ 0, 0, 1, 5.2 ] },
                "west": { "texture": "#trim", "uv": [ 0, 0, 1.2, 5.2 ] },
                "up": { "texture": "#trim", "uv": [ 0, 0, 1, 1.2 ] },
                "down": { "texture": "#trim", "uv": [ 0, 0, 1, 1.2 ] }
            }
        },
        {
            "from": [ -5, 8, -11.5 ], 
            "to": [ -4, 9.2, -1.5 ], 
            "faces": {
                "north": { "texture": "#trim", "uv": [ 0, 0, 1, 1.2 ] },
                "south": { "texture": "#trim", "uv": [ 0, 0, 1, 1.2 ] },
                "west": { "texture": "#trim", "uv": [ 0, 0, 10, 1.2 ] },
                "up": { "texture": "#trim", "uv": [ 0, 0, 1, 10 ] },
                "down": { "texture": "#trim", "uv": [ 0, 0, 1, 10 ] }
            }
        },
        {
            "from": [ -5, 3, -13.5 ], 
            "to": [ -4, 4.4, -12.3 ], 
            "faces": {
                "north": { "texture": "#trim", "uv": [ 0, 0, 1, 1.4 ] },
                "east": { "texture": "#trim", "uv": [ 0, 0, 1.2, 1.4 ] },
                "south": { "texture": "#trim", "uv": [ 0, 0, 1, 1.4 ] },
                "west": { "texture": "#trim", "uv": [ 0, 0, 1.2, 1.4 ] },
                "up": { "texture": "#trim", "uv": [ 0, 0, 1, 1.2 ] },
                "down": { "texture": "#trim", "uv": [ 0, 0, 1, 1.2 ] }
            }
        },
        {
            "from": [ -5, 3, -0.7 ], 
            "to": [ -4, 4.4, 0.5 ], 
            "faces": {
                "north": { "texture": "#trim", "uv": [ 0, 0, 1, 1.4 ] },
                "east": { "texture": "#trim", "uv": [ 0, 0, 1.2, 1.4 ] },
                "south": { "texture": "#trim", "uv": [ 0, 0, 1, 1.4 ] },
                "west": { "texture": "#trim", "uv": [ 0, 0, 1.2, 1.4 ] },
                "up": { "texture": "#trim", "uv": [ 0, 0, 1, 1.2 ] },
                "down": { "texture": "#trim", "uv": [ 0, 0, 1, 1.2 ] }
            }
        },
        {
            "from": [ -5, 4, -2.7 ], 
            "to": [ -4, 9.2, -1.5 ], 
            "rotation": { "origin": [ -4.0, 9.200000002980232, -1.4999999925494194 ], "axis": "x", "angle": -22.5 },
            "faces": {
                "north": { "texture": "#trim", "uv": [ 0, 0, 1, 5.2 ] },
                "east": { "texture": "#trim", "uv": [ 0, 0, 1.2, 5.2 ] },
                "south": { "texture": "#trim", "uv": [ 0, 0, 1, 5.2 ] },
                "west": { "texture": "#trim", "uv": [ 0, 0, 1.2, 5.2 ] },
                "up": { "texture": "#trim", "uv": [ 0, 0, 1, 1.2 ] },
                "down": { "texture": "#trim", "uv": [ 0, 0, 1, 1.2 ] }
            }
        },
        {
            "from": [ 20, 3, -13.5 ], 
            "to": [ 21, 4.4, -12.3 ], 
            "faces": {
                "north": { "texture": "#trim", "uv": [ 0, 0, 1, 1.4 ] },
                "east": { "texture": "#trim", "uv": [ 0, 0, 1.2, 1.4 ] },
                "south": { "texture": "#trim", "uv": [ 0, 0, 1, 1.4 ] },
                "west": { "texture": "#trim", "uv": [ 0, 0, 1.2, 1.4 ] },
                "up": { "texture": "#trim", "uv": [ 0, 0, 1, 1.2 ] },
                "down": { "texture": "#trim", "uv": [ 0, 0, 1, 1.2 ] }
            }
        },
        {
            "from": [ 20, 4, -11.5 ], 
            "to": [ 21, 9.2, -10.3 ], 
            "rotation": { "origin": [ -4.0, 9.200000002980232, -11.49999999254942 ], "axis": "x", "angle": 22.5 },
            "faces": {
                "north": { "texture": "#trim", "uv": [ 0, 0, 1, 5.2 ] },
                "east": { "texture": "#trim", "uv": [ 0, 0, 1.2, 5.2 ] },
                "south": { "texture": "#trim", "uv": [ 0, 0, 1, 5.2 ] },
                "west": { "texture": "#trim", "uv": [ 0, 0, 1.2, 5.2 ] },
                "up": { "texture": "#trim", "uv": [ 0, 0, 1, 1.2 ] },
                "down": { "texture": "#trim", "uv": [ 0, 0, 1, 1.2 ] }
            }
        },
        {
            "from": [ 20, 8, -11.5 ], 
            "to": [ 21, 9.2, -1.5 ], 
            "faces": {
                "north": { "texture": "#trim", "uv": [ 0, 0, 1, 1.2 ] },
                "east": { "texture": "#trim", "uv": [ 0, 0, 10, 1.2 ] },
                "south": { "texture": "#trim", "uv": [ 0, 0, 1, 1.2 ] },
                "up": { "texture": "#trim", "uv": [ 0, 0, 1, 10 ] },
                "down": { "texture": "#trim", "uv": [ 0, 0, 1, 10 ] }
            }
        },
        {
            "from": [ 20, 4, -2.7 ], 
            "to": [ 21, 9.2, -1.5 ], 
            "rotation": { "origin": [ -4.0, 9.200000002980232, -1.4999999925494194 ], "axis": "x", "angle": -22.5 },
            "faces": {
                "north": { "texture": "#trim", "uv": [ 0, 0, 1, 5.2 ] },
                "east": { "texture": "#trim", "uv": [ 0, 0, 1.2, 5.2 ] },
                "south": { "texture": "#trim", "uv": [ 0, 0, 1, 5.2 ] },
                "west": { "texture": "#trim", "uv": [ 0, 0, 1.2, 5.2 ] },
                "up": { "texture": "#trim", "uv": [ 0, 0, 1, 1.2 ] },
                "down": { "texture": "#trim", "uv": [ 0, 0, 1, 1.2 ] }
            }
        },
        {
            "from": [ 20, 3, -0.7 ], 
            "to": [ 21, 4.4, 0.5 ], 
            "faces": {
                "north": { "texture": "#trim", "uv": [ 0, 0, 1, 1.4 ] },
                "east": { "texture": "#trim", "uv": [ 0, 0, 1.2, 1.4 ] },
                "south": { "texture": "#trim", "uv": [ 0, 0, 1, 1.4 ] },
                "west": { "texture": "#trim", "uv": [ 0, 0, 1.2, 1.4 ] },
                "up": { "texture": "#trim", "uv": [ 0, 0, 1, 1.2 ] },
                "down": { "texture": "#trim", "uv": [ 0, 0, 1, 1.2 ] }
            }
        },
        {
            "from": [ -5, 8, 17.5 ], 
            "to": [ -4, 9.2, 27.5 ], 
            "faces": {
                "north": { "texture": "#trim", "uv": [ 0, 0, 1, 1.2 ] },
                "south": { "texture": "#trim", "uv": [ 0, 0, 1, 1.2 ] },
                "west": { "texture": "#trim", "uv": [ 0, 0, 10, 1.2 ] },
                "up": { "texture": "#trim", "uv": [ 0, 0, 1, 10 ] },
                "down": { "texture": "#trim", "uv": [ 0, 0, 1, 10 ] }
            }
        },
        {
            "from": [ -5, 4, 17.5 ], 
            "to": [ -4, 9.2, 18.7 ], 
            "rotation": { "origin": [ -4.0, 9.200000002980232, 17.50000000745058 ], "axis": "x", "angle": 22.5 },
            "faces": {
                "north": { "texture": "#trim", "uv": [ 0, 0, 1, 5.2 ] },
                "east": { "texture": "#trim", "uv": [ 0, 0, 1.2, 5.2 ] },
                "south": { "texture": "#trim", "uv": [ 0, 0, 1, 5.2 ] },
                "west": { "texture": "#trim", "uv": [ 0, 0, 1.2, 5.2 ] },
                "up": { "texture": "#trim", "uv": [ 0, 0, 1, 1.2 ] },
                "down": { "texture": "#trim", "uv": [ 0, 0, 1, 1.2 ] }
            }
        },
        {
            "from": [ -5, 4, 26.3 ], 
            "to": [ -4, 9.2, 27.5 ], 
            "rotation": { "origin": [ -4.0, 9.200000002980232, 27.50000000745058 ], "axis": "x", "angle": -22.5 },
            "faces": {
                "north": { "texture": "#trim", "uv": [ 0, 0, 1, 5.2 ] },
                "east": { "texture": "#trim", "uv": [ 0, 0, 1.2, 5.2 ] },
                "south": { "texture": "#trim", "uv": [ 0, 0, 1, 5.2 ] },
                "west": { "texture": "#trim", "uv": [ 0, 0, 1.2, 5.2 ] },
                "up": { "texture": "#trim", "uv": [ 0, 0, 1, 1.2 ] },
                "down": { "texture": "#trim", "uv": [ 0, 0, 1, 1.2 ] }
            }
        },
        {
            "from": [ -5, 3, 15.5 ], 
            "to": [ -4, 4.4, 16.7 ], 
            "faces": {
                "north": { "texture": "#trim", "uv": [ 0, 0, 1, 1.4 ] },
                "east": { "texture": "#trim", "uv": [ 0, 0, 1.2, 1.4 ] },
                "south": { "texture": "#trim", "uv": [ 0, 0, 1, 1.4 ] },
                "west": { "texture": "#trim", "uv": [ 0, 0, 1.2, 1.4 ] },
                "up": { "texture": "#trim", "uv": [ 0, 0, 1, 1.2 ] },
                "down": { "texture": "#trim", "uv": [ 0, 0, 1, 1.2 ] }
            }
        },
        {
            "from": [ -5, 3.9, 28.3 ], 
            "to": [ -4, 4.4, 29.5 ], 
            "faces": {
                "north": { "texture": "#trim", "uv": [ 0, 0, 1, 0.5 ] },
                "east": { "texture": "#trim", "uv": [ 0, 0, 1.2, 0.5 ] },
                "south": { "texture": "#trim", "uv": [ 0, 0, 1, 0.5 ] },
                "west": { "texture": "#trim", "uv": [ 0, 0, 1.2, 0.5 ] },
                "up": { "texture": "#trim", "uv": [ 0, 0, 1, 1.2 ] },
                "down": { "texture": "#trim", "uv": [ 0, 0, 1, 1.2 ] }
            }
        },
        {
            "from": [ 20, 3, 15.5 ], 
            "to": [ 21, 4.4, 16.7 ], 
            "faces": {
                "north": { "texture": "#trim", "uv": [ 0, 0, 1, 1.4 ] },
                "east": { "texture": "#trim", "uv": [ 0, 0, 1.2, 1.4 ] },
                "south": { "texture": "#trim", "uv": [ 0, 0, 1, 1.4 ] },
                "west": { "texture": "#trim", "uv": [ 0, 0, 1.2, 1.4 ] },
                "up": { "texture": "#trim", "uv": [ 0, 0, 1, 1.2 ] },
                "down": { "texture": "#trim", "uv": [ 0, 0, 1, 1.2 ] }
            }
        },
        {
            "from": [ 20, 4, 17.5 ], 
            "to": [ 21, 9.2, 18.7 ], 
            "rotation": { "origin": [ -4.0, 9.200000002980232, 17.50000000745058 ], "axis": "x", "angle": 22.5 },
            "faces": {
                "north": { "texture": "#trim", "uv": [ 0, 0, 1, 5.2 ] },
                "east": { "texture": "#trim", "uv": [ 0, 0, 1.2, 5.2 ] },
                "south": { "texture": "#trim", "uv": [ 0, 0, 1, 5.2 ] },
                "west": { "texture": "#trim", "uv": [ 0, 0, 1.2, 5.2 ] },
                "up": { "texture": "#trim", "uv": [ 0, 0, 1, 1.2 ] },
                "down": { "texture": "#trim", "uv": [ 0, 0, 1, 1.2 ] }
            }
        },
        {
            "from": [ 20, 8, 17.5 ], 
            "to": [ 21, 9.2, 27.5 ], 
            "faces": {
                "north": { "texture": "#trim", "uv": [ 0, 0, 1, 1.2 ] },
                "east": { "texture": "#trim", "uv": [ 0, 0, 10, 1.2 ] },
                "south": { "texture": "#trim", "uv": [ 0, 0, 1, 1.2 ] },
                "up": { "texture": "#trim", "uv": [ 0, 0, 1, 10 ] },
                "down": { "texture": "#trim", "uv": [ 0, 0, 1, 10 ] }
            }
        },
        {
            "from": [ 20, 4, 26.3 ], 
            "to": [ 21, 9.2, 27.5 ], 
            "rotation": { "origin": [ -4.0, 9.200000002980232, 27.50000000745058 ], "axis": "x", "angle": -22.5 },
            "faces": {
                "north": { "texture": "#trim", "uv": [ 0, 0, 1, 5.2 ] },
                "east": { "texture": "#trim", "uv": [ 0, 0, 1.2, 5.2 ] },
                "south": { "texture": "#trim", "uv": [ 0, 0, 1, 5.2 ] },
                "west": { "texture": "#trim", "uv": [ 0, 0, 1.2, 5.2 ] },
                "up": { "texture": "#trim", "uv": [ 0, 0, 1, 1.2 ] },
                "down": { "texture": "#trim", "uv": [ 0, 0, 1, 1.2 ] }
            }
        },
        {
            "from": [ 20, 3.9, 28.3 ], 
            "to": [ 21, 4.4, 29.5 ], 
            "faces": {
                "north": { "texture": "#trim", "uv": [ 0, 0, 1, 0.5 ] },
                "east": { "texture": "#trim", "uv": [ 0, 0, 1.2, 0.5 ] },
                "south": { "texture": "#trim", "uv": [ 0, 0, 1, 0.5 ] },
                "west": { "texture": "#trim", "uv": [ 0, 0, 1.2, 0.5 ] },
                "up": { "texture": "#trim", "uv": [ 0, 0, 1, 1.2 ] },
                "down": { "texture": "#trim", "uv": [ 0, 0, 1, 1.2 ] }
            }
        },
        {
            "from": [ 5, 3.2, 15 ], 
            "to": [ 11, 13.2, 17.4 ], 
            "rotation": { "origin": [ 8.0, 13.0, 15.0 ], "axis": "x", "angle": 22.5 },
            "faces": {
                "north": { "texture": "#frame", "uv": [ 0, 0, 6, 10 ] },
                "east": { "texture": "#frame", "uv": [ 0, 0, 2.4, 10 ] },
                "south": { "texture": "#frame", "uv": [ 0, 0, 6, 10 ] },
                "west": { "texture": "#frame", "uv": [ 0, 0, 2.4, 10 ] },
                "up": { "texture": "#frame", "uv": [ 0, 0, 6, 2.4 ] },
                "down": { "texture": "#frame", "uv": [ 0, 0, 6, 2.4 ] }
            }
        },
        {
            "from": [ 5, 4.2, 17.4 ], 
            "to": [ 11, 7.2, 18.9 ], 
            "rotation": { "origin": [ 8.0, 13.0, 15.0 ], "axis": "x", "angle": 22.5 },
            "faces": {
                "north": { "texture": "#frame", "uv": [ 0, 0, 6, 3 ] },
                "east": { "texture": "#frame", "uv": [ 0, 0, 1.5, 3 ] },
                "south": { "texture": "#frame", "uv": [ 0, 0, 6, 3 ] },
                "west": { "texture": "#frame", "uv": [ 0, 0, 1.5, 3 ] },
                "up": { "texture": "#frame", "uv": [ 0, 0, 6, 1.5 ] },
                "down": { "texture": "#frame", "uv": [ 0, 0, 6, 1.5 ] }
            }
        },
        {
            "from": [ -1, 4, 2 ], 
            "to": [ 15, 6, 9 ], 
            "faces": {
                "south": { "texture": "#frame", "uv": [ 0, 0, 16, 2 ] },
                "west": { "texture": "#frame", "uv": [ 0, 0, 7, 2 ] }
            }
        },
        {
            "from": [ -2, 6, 2 ], 
            "to": [ 14, 8, 10 ], 
            "faces": {
                "north": { "texture": "#seat", "uv": [ 0, 0, 16, 2 ] },
                "south": { "texture": "#seat", "uv": [ 0, 0, 16, 2 ] },
                "west": { "texture": "#seat", "uv": [ 0, 0, 8, 2 ] },
                "up": { "texture": "#seat", "uv": [ 0, 0, 16, 8 ] },
                "down": { "texture": "#seat", "uv": [ 0, 0, 16, 8 ] }
            }
        },
        {
            "from": [ 14, 6, 2 ], 
            "to": [ 18, 8, 10 ], 
            "faces": {
                "east": { "texture": "#seat", "uv": [ 0, 0, 8, 2 ] },
                "south": { "texture": "#seat", "uv": [ 0, 0, 4, 2 ] },
                "up": { "texture": "#seat", "uv": [ 0, 0, 4, 8 ] },
                "down": { "texture": "#seat", "uv": [ 0, 0, 4, 8 ] }
            }
        },
        {
            "from": [ 15, 4, 2 ], 
            "to": [ 17, 6, 9 ], 
            "faces": {
                "east": { "texture": "#frame", "uv": [ 0, 0, 7, 2 ] },
                "south": { "texture": "#frame", "uv": [ 0, 0, 2, 2 ] }
            }
        },
        {
            "from": [ -2, 8, 2.5 ], 
            "to": [ 8, 15, 3.5 ], 
            "faces": {
                "north": { "texture": "#seat", "uv": [ 0, 0, 10, 7 ] },
                "south": { "texture": "#seat", "uv": [ 0, 0, 10, 7 ] },
                "west": { "texture": "#seat", "uv": [ 0, 0, 1, 7 ] },
                "up": { "texture": "#seat", "uv": [ 0, 0, 10, 1 ] }
            }
        },
        {
            "from": [ 8, 8, 2.5 ], 
            "to": [ 18, 15, 3.5 ], 
            "faces": {
                "north": { "texture": "#seat", "uv": [ 0, 0, 10, 7 ] },
                "east": { "texture": "#seat", "uv": [ 0, 0, 1, 7 ] },
                "south": { "texture": "#seat", "uv": [ 0, 0, 10, 7 ] },
                "up": { "texture": "#seat", "uv": [ 0, 0, 10, 1 ] },
                "down": { "texture": "#seat", "uv": [ 0, 0, 10, 1 ] }
            }
        },
        {
            "from": [ 2.5, 7, 16 ], 
            "to": [ 3.5, 14, 17 ], 
            "rotation": { "origin": [ 8.0, 8.0, 15.0 ], "axis": "x", "angle": -45.0 },
            "faces": {
                "north": { "texture": "#axel", "uv": [ 0, 0, 1, 7 ] },
                "east": { "texture": "#axel", "uv": [ 0, 0, 1, 7 ] },
                "south": { "texture": "#axel", "uv": [ 0, 0, 1, 7 ] },
                "west": { "texture": "#axel", "uv": [ 0, 0, 1, 7 ] },
                "up": { "texture": "#axel", "uv": [ 0, 0, 1, 1 ] },
                "down": { "texture": "#axel", "uv": [ 0, 0, 1, 1 ] }
            }
        },
        {
            "from": [ -1, 7, 30.4 ], 
            "to": [ 2, 10, 30.5 ], 
            "faces": {
                "south": { "texture": "#headlight", "uv": [ 0, 0, 16, 16 ] }
            }
        },
        {
            "from": [ -1.1, 6.9, 30.4 ], 
            "to": [ 2.1, 10.1, 30.9 ], 
            "faces": {
                "east": { "texture": "#headlight_glass", "uv": [ 0, 0, 0.5, 3.2 ] },
                "south": { "texture": "#headlight_glass", "uv": [ 1, 1, 4.2, 4.2 ] },
                "west": { "texture": "#headlight_glass", "uv": [ 0, 0, 0.5, 3.2 ] },
                "up": { "texture": "#headlight_glass", "uv": [ 0, 0, 3.2, 0.5 ] },
                "down": { "texture": "#headlight_glass", "uv": [ 0, 0, 3.2, 0.5 ] }
            }
        },
        {
            "from": [ 14, 7, 30.4 ], 
            "to": [ 17, 10, 30.5 ], 
            "faces": {
                "south": { "texture": "#headlight", "uv": [ 0, 0, 16, 16 ] }
            }
        },
        {
            "from": [ 13.9, 6.9, 30.4 ], 
            "to": [ 17.1, 10.1, 30.9 ], 
            "faces": {
                "east": { "texture": "#headlight_glass", "uv": [ 0, 0, 0.5, 3.2 ] },
                "south": { "texture": "#headlight_glass", "uv": [ 1, 1, 4.2, 4.2 ] },
                "west": { "texture": "#headlight_glass", "uv": [ 0, 0, 0.5, 3.2 ] },
                "up": { "texture": "#headlight_glass", "uv": [ 0, 0, 3.2, 0.5 ] },
                "down": { "texture": "#headlight_glass", "uv": [ 0, 0, 3.2, 0.5 ] }
            }
        },
        {
            "from": [ -3, 10, -15.3 ], 
            "to": [ -1, 12, -15 ], 
            "faces": {
                "east": { "texture": "#frame", "uv": [ 0, 0, 0.3, 2 ] },
                "south": { "texture": "#frame", "uv": [ 0, 0, 2, 2 ] },
                "west": { "texture": "#frame", "uv": [ 0, 0, 0.3, 2 ] },
                "up": { "texture": "#frame", "uv": [ 0, 0, 2, 0.3 ] },
                "down": { "texture": "#frame", "uv": [ 0, 0, 2, 0.3 ] }
            }
        },
        {
            "from": [ -3, 10, -15.6 ], 
            "to": [ -1, 12, -15.3 ], 
            "faces": {
                "north": { "texture": "#brake_light", "uv": [ 1, 1, 3, 3 ] },
                "east": { "texture": "#brake_light", "uv": [ 0, 0, 0.3, 2 ] },
                "west": { "texture": "#brake_light", "uv": [ 0, 0, 0.3, 2 ] },
                "up": { "texture": "#brake_light", "uv": [ 0, 0, 2, 0.3 ] },
                "down": { "texture": "#brake_light", "uv": [ 0, 0, 2, 0.3 ] }
            }
        },
        {
            "from": [ -3, 7.5, -15.3 ], 
            "to": [ -1, 9.5, -15 ], 
            "faces": {
                "east": { "texture": "#frame", "uv": [ 0, 0, 0.3, 2 ] },
                "south": { "texture": "#frame", "uv": [ 0, 0, 2, 2 ] },
                "west": { "texture": "#frame", "uv": [ 0, 0, 0.3, 2 ] },
                "up": { "texture": "#frame", "uv": [ 0, 0, 2, 0.3 ] },
                "down": { "texture": "#frame", "uv": [ 0, 0, 2, 0.3 ] }
            }
        },
        {
            "from": [ -3, 7.5, -15.6 ], 
            "to": [ -1, 9.5, -15.3 ], 
            "faces": {
                "north": { "texture": "#indicator_light", "uv": [ 1, 1, 3, 3 ] },
                "east": { "texture": "#indicator_light", "uv": [ 0, 0, 0.3, 2 ] },
                "west": { "texture": "#indicator_light", "uv": [ 0, 0, 0.3, 2 ] },
                "up": { "texture": "#indicator_light", "uv": [ 0, 0, 2, 0.3 ] },
                "down": { "texture": "#indicator_light", "uv": [ 0, 0, 2, 0.3 ] }
            }
        },
        {
            "from": [ 17, 10, -15.3 ], 
            "to": [ 19, 12, -15 ], 
            "faces": {
                "east": { "texture": "#frame", "uv": [ 0, 0, 0.3, 2 ] },
                "south": { "texture": "#frame", "uv": [ 0, 0, 2, 2 ] },
                "west": { "texture": "#frame", "uv": [ 0, 0, 0.3, 2 ] },
                "up": { "texture": "#frame", "uv": [ 0, 0, 2, 0.3 ] },
                "down": { "texture": "#frame", "uv": [ 0, 0, 2, 0.3 ] }
            }
        },
        {
            "from": [ 17, 10, -15.6 ], 
            "to": [ 19, 12, -15.3 ], 
            "faces": {
                "north": { "texture": "#brake_light", "uv": [ 1, 1, 3, 3 ] },
                "east": { "texture": "#brake_light", "uv": [ 0, 0, 0.3, 2 ] },
                "west": { "texture": "#brake_light", "uv": [ 0, 0, 0.3, 2 ] },
                "up": { "texture": "#brake_light", "uv": [ 0, 0, 2, 0.3 ] },
                "down": { "texture": "#brake_light", "uv": [ 0, 0, 2, 0.3 ] }
            }
        },
        {
            "from": [ 17, 7.5, -15.3 ], 
            "to": [ 19, 9.5, -15 ], 
            "faces": {
                "east": { "texture": "#frame", "uv": [ 0, 0, 0.3, 2 ] },
                "south": { "texture": "#frame", "uv": [ 0, 0, 2, 2 ] },
                "west": { "texture": "#frame", "uv": [ 0, 0, 0.3, 2 ] },
                "up": { "texture": "#frame", "uv": [ 0, 0, 2, 0.3 ] },
                "down": { "texture": "#frame", "uv": [ 0, 0, 2, 0.3 ] }
            }
        },
        {
            "from": [ 17, 7.5, -15.6 ], 
            "to": [ 19, 9.5, -15.3 ], 
            "faces": {
                "north": { "texture": "#indicator_light", "uv": [ 1, 1, 3, 3 ] },
                "east": { "texture": "#indicator_light", "uv": [ 0, 0, 0.3, 2 ] },
                "west": { "texture": "#indicator_light", "uv": [ 0, 0, 0.3, 2 ] },
                "up": { "texture": "#indicator_light", "uv": [ 0, 0, 2, 0.3 ] },
                "down": { "texture": "#indicator_light", "uv": [ 0, 0, 2, 0.3 ] }
            }
        },
        {
            "from": [ 8.5, 10, -15.1 ], 
            "to": [ 12.5, 11, -15 ], 
            "faces": {
                "north": { "texture": "#logo", "uv": [ 0, 0, 14, 4 ] }
            }
        },
        {
            "from": [ 3.5, 10, -15.1 ], 
            "to": [ 7.5, 11, -15 ], 
            "faces": {
                "north": { "texture": "#logo", "uv": [ 0, 4, 14, 8 ] }
            }
        },
        {
            "from": [ 7, 0, -4.5 ], 
            "to": [ 9, 2, 11.5 ], 
            "faces": {
                "east": { "texture": "#frame", "uv": [ 0, 0, 16, 2 ] },
                "west": { "texture": "#frame", "uv": [ 0, 0, 16, 2 ] },
                "up": { "texture": "#frame", "uv": [ 0, 0, 2, 16 ] },
                "down": { "texture": "#frame", "uv": [ 0, 0, 2, 16 ] }
            }
        },
        {
            "from": [ 7, 0, 11.5 ], 
            "to": [ 9, 2, 20.5 ], 
            "faces": {
                "east": { "texture": "#frame", "uv": [ 0, 0, 9, 2 ] },
                "west": { "texture": "#frame", "uv": [ 0, 0, 9, 2 ] },
                "up": { "texture": "#frame", "uv": [ 0, 0, 2, 9 ] },
                "down": { "texture": "#frame", "uv": [ 0, 0, 2, 9 ] }
            }
        },
        {
            "from": [ -1, 2, 22 ], 
            "to": [ 0, 8, 23 ], 
            "faces": {
                "north": { "texture": "#bumper", "uv": [ 0, 0, 1, 6 ] },
                "east": { "texture": "#bumper", "uv": [ 0, 0, 1, 6 ] },
                "south": { "texture": "#bumper", "uv": [ 0, 0, 1, 6 ] },
                "west": { "texture": "#bumper", "uv": [ 0, 0, 1, 6 ] }
            }
        },
        {
            "from": [ -1.5, 2, 21.5 ], 
            "to": [ 0.5, 8, 23.5 ], 
            "faces": {
                "north": { "texture": "#spring", "uv": [ 0, 0, 1.6, 16 ] },
                "east": { "texture": "#spring", "uv": [ 0, 0, 1.6, 16 ] },
                "south": { "texture": "#spring", "uv": [ 0, 0, 1.6, 16 ] },
                "west": { "texture": "#spring", "uv": [ 0, 0, 1.6, 16 ] }
            }
        },
        {
            "from": [ 16, 2, 22 ], 
            "to": [ 17, 8, 23 ], 
            "faces": {
                "north": { "texture": "#bumper", "uv": [ 0, 0, 1, 6 ] },
                "east": { "texture": "#bumper", "uv": [ 0, 0, 1, 6 ] },
                "south": { "texture": "#bumper", "uv": [ 0, 0, 1, 6 ] },
                "west": { "texture": "#bumper", "uv": [ 0, 0, 1, 6 ] }
            }
        },
        {
            "from": [ 15.5, 2, 21.5 ], 
            "to": [ 17.5, 8, 23.5 ], 
            "faces": {
                "north": { "texture": "#spring", "uv": [ 0, 0, 1.6, 16 ] },
                "east": { "texture": "#spring", "uv": [ 0, 0, 1.6, 16 ] },
                "south": { "texture": "#spring", "uv": [ 0, 0, 1.6, 16 ] },
                "west": { "texture": "#spring", "uv": [ 0, 0, 1.6, 16 ] }
            }
        },
        {
            "from": [ -1, 2, -7 ], 
            "to": [ 0, 8, -6 ], 
            "faces": {
                "north": { "texture": "#bumper", "uv": [ 0, 0, 1, 6 ] },
                "east": { "texture": "#bumper", "uv": [ 0, 0, 1, 6 ] },
                "south": { "texture": "#bumper", "uv": [ 0, 0, 1, 6 ] },
                "west": { "texture": "#bumper", "uv": [ 0, 0, 1, 6 ] }
            }
        },
        {
            "from": [ -1.5, 2, -7.5 ], 
            "to": [ 0.5, 8, -5.5 ], 
            "faces": {
                "north": { "texture": "#spring", "uv": [ 0, 0, 1.6, 16 ] },
                "east": { "texture": "#spring", "uv": [ 0, 0, 1.6, 16 ] },
                "south": { "texture": "#spring", "uv": [ 0, 0, 1.6, 16 ] },
                "west": { "texture": "#spring", "uv": [ 0, 0, 1.6, 16 ] }
            }
        },
        {
            "from": [ 16, 2, -7 ], 
            "to": [ 17, 8, -6 ], 
            "faces": {
                "north": { "texture": "#bumper", "uv": [ 0, 0, 1, 6 ] },
                "east": { "texture": "#bumper", "uv": [ 0, 0, 1, 6 ] },
                "south": { "texture": "#bumper", "uv": [ 0, 0, 1, 6 ] },
                "west": { "texture": "#bumper", "uv": [ 0, 0, 1, 6 ] }
            }
        },
        {
            "from": [ 15.5, 2, -7.5 ], 
            "to": [ 17.5, 8, -5.5 ], 
            "faces": {
                "north": { "texture": "#spring", "uv": [ 0, 0, 1.6, 16 ] },
                "east": { "texture": "#spring", "uv": [ 0, 0, 1.6, 16 ] },
                "south": { "texture": "#spring", "uv": [ 0, 0, 1.6, 16 ] },
                "west": { "texture": "#spring", "uv": [ 0, 0, 1.6, 16 ] }
            }
        },
        {
            "from": [ -1.5, 17, 15 ], 
            "to": [ 7.5, 21, 16 ], 
            "rotation": { "origin": [ 8.0, 13.0, 16.0 ], "axis": "x", "angle": -22.5 },
            "faces": {
                "north": { "texture": "#windshield", "uv": [ 1, 1, 15, 7 ] },
                "south": { "texture": "#windshield", "uv": [ 1, 1, 15, 7 ] }
            }
        },
        {
            "from": [ 8.5, 15, 15 ], 
            "to": [ 17.5, 19, 16 ], 
            "rotation": { "origin": [ 8.0, 13.0, 16.0 ], "axis": "x", "angle": -22.5 },
            "faces": {
                "north": { "texture": "#windshield", "uv": [ 1, 9, 15, 15 ] },
                "south": { "texture": "#windshield", "uv": [ 1, 9, 15, 15 ] }
            }
        },
        {
            "from": [ 2, 15.5, 1.5 ], 
            "to": [ 14, 19, 2.5 ], 
            "faces": {
                "north": { "texture": "#windshield", "uv": [ 1, 3, 14, 7 ] },
                "south": { "texture": "#windshield", "uv": [ 1, 1, 14, 5 ] }
            }
        }
    ]
}