{
    "__comment": "Model generated using MrCrayfish's Model Creator (https://mrcrayfish.com/tools?id=mc)",
    "textures": {
        "base": "minecraft:block/gray_concrete"
    },
    "elements": [
        {
            "from": [ 7.5, 5.5, 6.5 ], 
            "to": [ 8.5, 10.5, 9.5 ], 
            "faces": {
                "north": { "texture": "#base", "uv": [ 0, 0, 1, 5 ] },
                "east": { "texture": "#base", "uv": [ 0, 0, 3, 5 ] },
                "south": { "texture": "#base", "uv": [ 0, 0, 1, 5 ] },
                "west": { "texture": "#base", "uv": [ 0, 0, 3, 5 ] },
                "up": { "texture": "#base", "uv": [ 0, 0, 1, 3 ] },
                "down": { "texture": "#base", "uv": [ 0, 0, 1, 3 ] }
            }
        },
        {
            "from": [ 7.5, 6.5, 9.5 ], 
            "to": [ 8.5, 9.5, 10.5 ], 
            "faces": {
                "east": { "texture": "#base", "uv": [ 0, 0, 1, 3 ] },
                "south": { "texture": "#base", "uv": [ 0, 0, 1, 3 ] },
                "west": { "texture": "#base", "uv": [ 0, 0, 1, 3 ] },
                "up": { "texture": "#base", "uv": [ 0, 0, 1, 1 ] },
                "down": { "texture": "#base", "uv": [ 0, 0, 1, 1 ] }
            }
        },
        {
            "from": [ 7.5, 6.5, 5.5 ], 
            "to": [ 8.5, 9.5, 6.5 ], 
            "faces": {
                "north": { "texture": "#base", "uv": [ 0, 0, 1, 3 ] },
                "east": { "texture": "#base", "uv": [ 0, 0, 1, 3 ] },
                "west": { "texture": "#base", "uv": [ 0, 0, 1, 3 ] },
                "up": { "texture": "#base", "uv": [ 0, 0, 1, 1 ] },
                "down": { "texture": "#base", "uv": [ 0, 0, 1, 1 ] }
            }
        },
        {
            "from": [ 7.5, 9.5, 5.5 ], 
            "to": [ 8.5, 10.9, 6.5 ], 
            "rotation": { "origin": [ 8.0, 9.50000000745058, 5.499999992549419 ], "axis": "x", "angle": 45.0 },
            "faces": {
                "north": { "texture": "#base", "uv": [ 0, 0, 1, 1.4 ] },
                "east": { "texture": "#base", "uv": [ 0, 0, 1, 1.4 ] },
                "west": { "texture": "#base", "uv": [ 0, 0, 1, 1.4 ] },
                "up": { "texture": "#base", "uv": [ 0, 0, 1, 1 ] },
                "down": { "texture": "#base", "uv": [ 0, 0, 1, 1 ] }
            }
        },
        {
            "from": [ 7.5, 9.5, 9.5 ], 
            "to": [ 8.5, 10.9, 10.5 ], 
            "rotation": { "origin": [ 8.0, 9.50000000745058, 10.50000000745058 ], "axis": "x", "angle": -45.0 },
            "faces": {
                "east": { "texture": "#base", "uv": [ 0, 0, 1, 1.4 ] },
                "south": { "texture": "#base", "uv": [ 0, 0, 1, 1.4 ] },
                "west": { "texture": "#base", "uv": [ 0, 0, 1, 1.4 ] },
                "up": { "texture": "#base", "uv": [ 0, 0, 1, 1 ] },
                "down": { "texture": "#base", "uv": [ 0, 0, 1, 1 ] }
            }
        },
        {
            "from": [ 7.5, 5.1, 9.5 ], 
            "to": [ 8.5, 6.5, 10.5 ], 
            "rotation": { "origin": [ 8.0, 6.500000007450581, 10.49999999254942 ], "axis": "x", "angle": 45.0 },
            "faces": {
                "east": { "texture": "#base", "uv": [ 0, 0, 1, 1.4 ] },
                "south": { "texture": "#base", "uv": [ 0, 0, 1, 1.4 ] },
                "west": { "texture": "#base", "uv": [ 0, 0, 1, 1.4 ] },
                "up": { "texture": "#base", "uv": [ 0, 0, 1, 1 ] },
                "down": { "texture": "#base", "uv": [ 0, 0, 1, 1 ] }
            }
        },
        {
            "from": [ 7.5, 5.1, 5.5 ], 
            "to": [ 8.5, 6.5, 6.5 ], 
            "rotation": { "origin": [ 8.0, 6.500000007450581, 5.500000007450581 ], "axis": "x", "angle": -45.0 },
            "faces": {
                "north": { "texture": "#base", "uv": [ 0, 0, 1, 1.4 ] },
                "east": { "texture": "#base", "uv": [ 0, 0, 1, 1.4 ] },
                "west": { "texture": "#base", "uv": [ 0, 0, 1, 1.4 ] },
                "up": { "texture": "#base", "uv": [ 0, 0, 1, 1 ] },
                "down": { "texture": "#base", "uv": [ 0, 0, 1, 1 ] }
            }
        },
        {
            "from": [ 7.6, 4.5, 7.5 ], 
            "to": [ 8.4, 11.5, 8.5 ], 
            "faces": {
                "north": { "texture": "#base", "uv": [ 0, 0, 0.8, 7 ] },
                "east": { "texture": "#base", "uv": [ 0, 0, 1, 7 ] },
                "south": { "texture": "#base", "uv": [ 0, 0, 0.8, 7 ] },
                "west": { "texture": "#base", "uv": [ 0, 0, 1, 7 ] },
                "up": { "texture": "#base", "uv": [ 0, 0, 0.8, 1 ] },
                "down": { "texture": "#base", "uv": [ 0, 0, 0.8, 1 ] }
            }
        },
        {
            "from": [ 7.6, 4.3, 7.5 ], 
            "to": [ 8.4, 11.7, 8.5 ], 
            "rotation": { "origin": [ 8.0, 8.0, 8.0 ], "axis": "x", "angle": 45.0 },
            "faces": {
                "north": { "texture": "#base", "uv": [ 0, 0, 0.8, 7.4 ] },
                "east": { "texture": "#base", "uv": [ 0, 0, 1, 7.4 ] },
                "south": { "texture": "#base", "uv": [ 0, 0, 0.8, 7.4 ] },
                "west": { "texture": "#base", "uv": [ 0, 0, 1, 7.4 ] },
                "up": { "texture": "#base", "uv": [ 0, 0, 0.8, 1 ] },
                "down": { "texture": "#base", "uv": [ 0, 0, 0.8, 1 ] }
            }
        },
        {
            "from": [ 7.6, 4.3, 7.5 ], 
            "to": [ 8.4, 11.7, 8.5 ], 
            "rotation": { "origin": [ 8.0, 8.0, 8.0 ], "axis": "x", "angle": -45.0 },
            "faces": {
                "north": { "texture": "#base", "uv": [ 0, 0, 0.8, 7.4 ] },
                "east": { "texture": "#base", "uv": [ 0, 0, 1, 7.4 ] },
                "south": { "texture": "#base", "uv": [ 0, 0, 0.8, 7.4 ] },
                "west": { "texture": "#base", "uv": [ 0, 0, 1, 7.4 ] },
                "up": { "texture": "#base", "uv": [ 0, 0, 0.8, 1 ] },
                "down": { "texture": "#base", "uv": [ 0, 0, 0.8, 1 ] }
            }
        },
        {
            "from": [ 7.6, 7.5, 4.5 ], 
            "to": [ 8.4, 8.5, 11.5 ], 
            "faces": {
                "north": { "texture": "#base", "uv": [ 0, 0, 0.8, 1 ] },
                "east": { "texture": "#base", "uv": [ 0, 0, 7, 1 ] },
                "south": { "texture": "#base", "uv": [ 0, 0, 0.8, 1 ] },
                "west": { "texture": "#base", "uv": [ 0, 0, 7, 1 ] },
                "up": { "texture": "#base", "uv": [ 0, 0, 0.8, 7 ] },
                "down": { "texture": "#base", "uv": [ 0, 0, 0.8, 7 ] }
            }
        }
    ]
}