{
    "__comment": "Model generated using MrCrayfish's Model Creator (https://mrcrayfish.com/tools?id=mc)",
    "textures": {
        "plastic_frame": "minecraft:block/light_gray_concrete",
        "plastic_mesh_two": "vehicle:model/mesh_angled",
        "metal_mesh": "vehicle:model/white_mesh",
        "metal": "minecraft:block/white_concrete",
        "logo": "vehicle:model/cray_industries",
        "plastic_mesh_one": "vehicle:model/mesh_angled_flipped",
        "plastic_mesh_three": "vehicle:model/mesh"
    },
    "elements": [
        {
            "from": [ 1, 3, -4 ], 
            "to": [ 2, 4, 13 ], 
            "faces": {
                "north": { "texture": "#metal", "uv": [ 0, 0, 1, 1 ] },
                "east": { "texture": "#metal", "uv": [ 0, 0, 16, 1 ] },
                "south": { "texture": "#metal", "uv": [ 0, 0, 1, 1 ] },
                "west": { "texture": "#metal", "uv": [ 0, 0, 16, 1 ] },
                "up": { "texture": "#metal", "uv": [ 0, 0, 1, 16 ] },
                "down": { "texture": "#metal", "uv": [ 0, 0, 1, 16 ] }
            }
        },
        {
            "from": [ 14, 3, -4 ], 
            "to": [ 15, 4, 13 ], 
            "faces": {
                "north": { "texture": "#metal", "uv": [ 0, 0, 1, 1 ] },
                "east": { "texture": "#metal", "uv": [ 0, 0, 16, 1 ] },
                "south": { "texture": "#metal", "uv": [ 0, 0, 1, 1 ] },
                "west": { "texture": "#metal", "uv": [ 0, 0, 16, 1 ] },
                "up": { "texture": "#metal", "uv": [ 0, 0, 1, 16 ] },
                "down": { "texture": "#metal", "uv": [ 0, 0, 1, 16 ] }
            }
        },
        {
            "from": [ 3.7, 3, 18.5 ], 
            "to": [ 12.3, 4, 19.5 ], 
            "faces": {
                "north": { "texture": "#metal", "uv": [ 0, 0, 8.6, 1 ] },
                "east": { "texture": "#metal", "uv": [ 0, 0, 1, 1 ] },
                "south": { "texture": "#metal", "uv": [ 0, 0, 8.6, 1 ] },
                "west": { "texture": "#metal", "uv": [ 0, 0, 1, 1 ] },
                "up": { "texture": "#metal", "uv": [ 0, 0, 8.6, 1 ] },
                "down": { "texture": "#metal", "uv": [ 0, 0, 8.6, 1 ] }
            }
        },
        {
            "from": [ 1, 4, 8 ], 
            "to": [ 2, 9.5, 9 ], 
            "faces": {
                "north": { "texture": "#metal", "uv": [ 0, 0, 1, 5.5 ] },
                "east": { "texture": "#metal", "uv": [ 0, 0, 1, 5.5 ] },
                "south": { "texture": "#metal", "uv": [ 0, 0, 1, 5.5 ] },
                "west": { "texture": "#metal", "uv": [ 0, 0, 1, 5.5 ] }
            }
        },
        {
            "from": [ 14, 4, 8 ], 
            "to": [ 15, 9.5, 9 ], 
            "faces": {
                "north": { "texture": "#metal", "uv": [ 0, 0, 1, 5.5 ] },
                "east": { "texture": "#metal", "uv": [ 0, 0, 1, 5.5 ] },
                "south": { "texture": "#metal", "uv": [ 0, 0, 1, 5.5 ] },
                "west": { "texture": "#metal", "uv": [ 0, 0, 1, 5.5 ] }
            }
        },
        {
            "from": [ 14, 4, -4 ], 
            "to": [ 15, 5, -3 ], 
            "faces": {
                "north": { "texture": "#metal", "uv": [ 0, 0, 1, 1 ] },
                "east": { "texture": "#metal", "uv": [ 0, 0, 1, 1 ] },
                "south": { "texture": "#metal", "uv": [ 0, 0, 1, 1 ] },
                "west": { "texture": "#metal", "uv": [ 0, 0, 1, 1 ] },
                "up": { "texture": "#metal", "uv": [ 0, 0, 1, 1 ] }
            }
        },
        {
            "from": [ 1, 4, -4 ], 
            "to": [ 2, 5, -3 ], 
            "faces": {
                "north": { "texture": "#metal", "uv": [ 0, 0, 1, 1 ] },
                "east": { "texture": "#metal", "uv": [ 0, 0, 1, 1 ] },
                "south": { "texture": "#metal", "uv": [ 0, 0, 1, 1 ] },
                "west": { "texture": "#metal", "uv": [ 0, 0, 1, 1 ] },
                "up": { "texture": "#metal", "uv": [ 0, 0, 1, 1 ] }
            }
        },
        {
            "from": [ 1, 5, -4 ], 
            "to": [ 2, 11, -3 ], 
            "rotation": { "origin": [ 8.0, 5.0, -4.0 ], "axis": "x", "angle": 45.0 },
            "faces": {
                "north": { "texture": "#metal", "uv": [ 0, 0, 1, 6 ] },
                "east": { "texture": "#metal", "uv": [ 0, 0, 1, 6 ] },
                "south": { "texture": "#metal", "uv": [ 0, 0, 1, 6 ] },
                "west": { "texture": "#metal", "uv": [ 0, 0, 1, 6 ] },
                "up": { "texture": "#metal", "uv": [ 0, 0, 1, 1 ] },
                "down": { "texture": "#metal", "uv": [ 0, 0, 1, 1 ] }
            }
        },
        {
            "from": [ 14, 5, -4 ], 
            "to": [ 15, 11, -3 ], 
            "rotation": { "origin": [ 8.0, 5.0, -4.0 ], "axis": "x", "angle": 45.0 },
            "faces": {
                "north": { "texture": "#metal", "uv": [ 0, 0, 1, 6 ] },
                "east": { "texture": "#metal", "uv": [ 0, 0, 1, 6 ] },
                "south": { "texture": "#metal", "uv": [ 0, 0, 1, 6 ] },
                "west": { "texture": "#metal", "uv": [ 0, 0, 1, 6 ] },
                "up": { "texture": "#metal", "uv": [ 0, 0, 1, 1 ] },
                "down": { "texture": "#metal", "uv": [ 0, 0, 1, 1 ] }
            }
        },
        {
            "from": [ 1, 8.5, 0 ], 
            "to": [ 2, 9.5, 1 ], 
            "faces": {
                "north": { "texture": "#metal", "uv": [ 0, 0, 1, 1 ] },
                "east": { "texture": "#metal", "uv": [ 0, 0, 1, 1 ] },
                "south": { "texture": "#metal", "uv": [ 0, 0, 1, 1 ] },
                "west": { "texture": "#metal", "uv": [ 0, 0, 1, 1 ] },
                "down": { "texture": "#metal", "uv": [ 0, 0, 1, 1 ] }
            }
        },
        {
            "from": [ 14, 8.5, 0 ], 
            "to": [ 15, 9.5, 1 ], 
            "faces": {
                "north": { "texture": "#metal", "uv": [ 0, 0, 1, 1 ] },
                "east": { "texture": "#metal", "uv": [ 0, 0, 1, 1 ] },
                "south": { "texture": "#metal", "uv": [ 0, 0, 1, 1 ] },
                "west": { "texture": "#metal", "uv": [ 0, 0, 1, 1 ] },
                "down": { "texture": "#metal", "uv": [ 0, 0, 1, 1 ] }
            }
        },
        {
            "from": [ 1, 9.5, 0 ], 
            "to": [ 2, 10.5, 16 ], 
            "faces": {
                "north": { "texture": "#plastic_frame", "tintindex": 0, "uv": [ 0, 0, 1, 1 ] },
                "east": { "texture": "#plastic_frame", "tintindex": 0, "uv": [ 0, 0, 16, 1 ] },
                "west": { "texture": "#plastic_frame", "tintindex": 0, "uv": [ 0, 0, 16, 1 ] },
                "up": { "texture": "#plastic_frame", "tintindex": 0, "uv": [ 0, 0, 1, 16 ] },
                "down": { "texture": "#plastic_frame", "tintindex": 0, "uv": [ 0, 0, 1, 16 ] }
            }
        },
        {
            "from": [ 14, 9.5, 0 ], 
            "to": [ 15, 10.5, 16 ], 
            "faces": {
                "north": { "texture": "#plastic_frame", "tintindex": 0, "uv": [ 0, 0, 1, 1 ] },
                "east": { "texture": "#plastic_frame", "tintindex": 0, "uv": [ 0, 0, 16, 1 ] },
                "west": { "texture": "#plastic_frame", "tintindex": 0, "uv": [ 0, 0, 16, 1 ] },
                "up": { "texture": "#plastic_frame", "tintindex": 0, "uv": [ 0, 0, 1, 16 ] },
                "down": { "texture": "#plastic_frame", "tintindex": 0, "uv": [ 0, 0, 1, 16 ] }
            }
        },
        {
            "from": [ 2, 9.5, 18 ], 
            "to": [ 14, 10.5, 19 ], 
            "faces": {
                "north": { "texture": "#plastic_frame", "tintindex": 0, "uv": [ 0, 0, 12, 1 ] },
                "south": { "texture": "#plastic_frame", "tintindex": 0, "uv": [ 0, 0, 12, 1 ] },
                "up": { "texture": "#plastic_frame", "tintindex": 0, "uv": [ 0, 0, 12, 1 ] },
                "down": { "texture": "#plastic_frame", "tintindex": 0, "uv": [ 0, 0, 12, 1 ] }
            }
        },
        {
            "from": [ 1, 10.5, 18 ], 
            "to": [ 2, 18.5, 19 ], 
            "faces": {
                "north": { "texture": "#plastic_frame", "tintindex": 0, "uv": [ 0, 0, 1, 8 ] },
                "east": { "texture": "#plastic_frame", "tintindex": 0, "uv": [ 0, 0, 1, 8 ] },
                "south": { "texture": "#plastic_frame", "tintindex": 0, "uv": [ 0, 0, 1, 8 ] },
                "west": { "texture": "#plastic_frame", "tintindex": 0, "uv": [ 0, 0, 1, 8 ] },
                "up": { "texture": "#plastic_frame", "tintindex": 0, "uv": [ 0, 0, 1, 1 ] }
            }
        },
        {
            "from": [ 14, 10.5, 18 ], 
            "to": [ 15, 18.5, 19 ], 
            "faces": {
                "north": { "texture": "#plastic_frame", "tintindex": 0, "uv": [ 0, 0, 1, 8 ] },
                "east": { "texture": "#plastic_frame", "tintindex": 0, "uv": [ 0, 0, 1, 8 ] },
                "south": { "texture": "#plastic_frame", "tintindex": 0, "uv": [ 0, 0, 1, 8 ] },
                "west": { "texture": "#plastic_frame", "tintindex": 0, "uv": [ 0, 0, 1, 8 ] },
                "up": { "texture": "#plastic_frame", "tintindex": 0, "uv": [ 0, 0, 1, 1 ] }
            }
        },
        {
            "from": [ 14, 9.5, 0 ], 
            "to": [ 15, 18.8, 1 ], 
            "rotation": { "origin": [ 8.0, 9.50000000745058, 0.0 ], "axis": "x", "angle": -22.5 },
            "faces": {
                "north": { "texture": "#plastic_frame", "tintindex": 0, "uv": [ 0, 0, 1, 9.3 ] },
                "east": { "texture": "#plastic_frame", "tintindex": 0, "uv": [ 0, 0, 1, 9.3 ] },
                "south": { "texture": "#plastic_frame", "tintindex": 0, "uv": [ 0, 0, 1, 9.3 ] },
                "west": { "texture": "#plastic_frame", "tintindex": 0, "uv": [ 0, 0, 1, 9.3 ] },
                "up": { "texture": "#plastic_frame", "tintindex": 0, "uv": [ 0, 0, 1, 1 ] },
                "down": { "texture": "#plastic_frame", "tintindex": 0, "uv": [ 0, 0, 1, 1 ] }
            }
        },
        {
            "from": [ 1, 9.5, 0 ], 
            "to": [ 2, 18.8, 1 ], 
            "rotation": { "origin": [ 8.0, 9.50000000745058, 0.0 ], "axis": "x", "angle": -22.5 },
            "faces": {
                "north": { "texture": "#plastic_frame", "tintindex": 0, "uv": [ 0, 0, 1, 9.3 ] },
                "east": { "texture": "#plastic_frame", "tintindex": 0, "uv": [ 0, 0, 1, 9.7 ] },
                "south": { "texture": "#plastic_frame", "tintindex": 0, "uv": [ 0, 0, 1, 9.3 ] },
                "west": { "texture": "#plastic_frame", "tintindex": 0, "uv": [ 0, 0, 1, 9.3 ] },
                "up": { "texture": "#plastic_frame", "tintindex": 0, "uv": [ 0, 0, 1, 1 ] },
                "down": { "texture": "#plastic_frame", "tintindex": 0, "uv": [ 0, 0, 1, 1 ] }
            }
        },
        {
            "from": [ 2, 9.5, 0 ], 
            "to": [ 14, 10.5, 1 ], 
            "faces": {
                "north": { "texture": "#plastic_frame", "tintindex": 0, "uv": [ 0, 0, 12, 1 ] },
                "south": { "texture": "#plastic_frame", "tintindex": 0, "uv": [ 0, 0, 12, 1 ] },
                "up": { "texture": "#plastic_frame", "tintindex": 0, "uv": [ 0, 0, 12, 1 ] },
                "down": { "texture": "#plastic_frame", "tintindex": 0, "uv": [ 0, 0, 12, 1 ] }
            }
        },
        {
            "from": [ 2, 17.5, 18 ], 
            "to": [ 14, 18.5, 19 ], 
            "faces": {
                "north": { "texture": "#plastic_frame", "tintindex": 0, "uv": [ 0, 0, 12, 1 ] },
                "south": { "texture": "#plastic_frame", "tintindex": 0, "uv": [ 0, 0, 12, 1 ] },
                "up": { "texture": "#plastic_frame", "tintindex": 0, "uv": [ 0, 0, 12, 1 ] },
                "down": { "texture": "#plastic_frame", "tintindex": 0, "uv": [ 0, 0, 12, 1 ] }
            }
        },
        {
            "from": [ 1, 17.5, -3 ], 
            "to": [ 2, 18.5, 13 ], 
            "faces": {
                "north": { "texture": "#plastic_frame", "tintindex": 0, "uv": [ 0, 0, 1, 1 ] },
                "east": { "texture": "#plastic_frame", "tintindex": 0, "uv": [ 0, 0, 16, 1 ] },
                "west": { "texture": "#plastic_frame", "tintindex": 0, "uv": [ 0, 0, 16, 1 ] },
                "up": { "texture": "#plastic_frame", "tintindex": 0, "uv": [ 0, 0, 1, 16 ] },
                "down": { "texture": "#plastic_frame", "tintindex": 0, "uv": [ 0, 0, 1, 16 ] }
            }
        },
        {
            "from": [ 14, 17.5, -3 ], 
            "to": [ 15, 18.5, 13 ], 
            "faces": {
                "north": { "texture": "#plastic_frame", "tintindex": 0, "uv": [ 0, 0, 1, 1 ] },
                "east": { "texture": "#plastic_frame", "tintindex": 0, "uv": [ 0, 0, 16, 1 ] },
                "west": { "texture": "#plastic_frame", "tintindex": 0, "uv": [ 0, 0, 16, 1 ] },
                "up": { "texture": "#plastic_frame", "tintindex": 0, "uv": [ 0, 0, 1, 16 ] },
                "down": { "texture": "#plastic_frame", "tintindex": 0, "uv": [ 0, 0, 1, 16 ] }
            }
        },
        {
            "from": [ 1.3, 10.5, -3 ], 
            "to": [ 1.7, 17.5, 4 ], 
            "faces": {
                "east": { "texture": "#plastic_mesh_one", "tintindex": 0, "uv": [ 8, 0, 16, 8 ] },
                "west": { "texture": "#plastic_mesh_two", "tintindex": 0, "uv": [ 0, 0, 8, 8 ] }
            }
        },
        {
            "from": [ 14.3, 10.5, -3 ], 
            "to": [ 14.7, 17.5, 4 ], 
            "faces": {
                "east": { "texture": "#plastic_mesh_one", "tintindex": 0, "uv": [ 8, 0, 16, 8 ] },
                "west": { "texture": "#plastic_mesh_two", "tintindex": 0, "uv": [ 0, 0, 8, 8 ] }
            }
        },
        {
            "from": [ 1.3, 10.5, 4 ], 
            "to": [ 1.7, 17.5, 11 ], 
            "faces": {
                "east": { "texture": "#plastic_mesh_three", "tintindex": 0, "uv": [ 0.5, 0, 8.5, 8 ] },
                "west": { "texture": "#plastic_mesh_three", "tintindex": 0, "uv": [ 0, 0, 8, 8 ] }
            }
        },
        {
            "from": [ 14.3, 10.5, 4 ], 
            "to": [ 14.7, 17.5, 11 ], 
            "faces": {
                "east": { "texture": "#plastic_mesh_three", "tintindex": 0, "uv": [ 0.5, 0, 8.5, 8 ] },
                "west": { "texture": "#plastic_mesh_three", "tintindex": 0, "uv": [ 0, 0, 8, 8 ] }
            }
        },
        {
            "from": [ 1.3, 10.5, 11 ], 
            "to": [ 1.7, 17.5, 18 ], 
            "faces": {
                "east": { "texture": "#plastic_mesh_three", "tintindex": 0, "uv": [ 0.5, 0, 8.5, 8 ] },
                "west": { "texture": "#plastic_mesh_three", "tintindex": 0, "uv": [ 0, 0, 8, 8 ] }
            }
        },
        {
            "from": [ 14.3, 10.5, 11 ], 
            "to": [ 14.7, 17.5, 18 ], 
            "faces": {
                "east": { "texture": "#plastic_mesh_three", "tintindex": 0, "uv": [ 0.5, 0, 8.5, 8 ] },
                "west": { "texture": "#plastic_mesh_three", "tintindex": 0, "uv": [ 0, 0, 8, 8 ] }
            }
        },
        {
            "from": [ 2, 10.5, 18.3 ], 
            "to": [ 14, 17.5, 18.7 ], 
            "faces": {
                "north": { "texture": "#plastic_mesh_three", "tintindex": 0, "uv": [ 0, 0, 14, 8 ] },
                "south": { "texture": "#plastic_mesh_three", "tintindex": 0, "uv": [ 0, 0, 14, 8 ] }
            }
        },
        {
            "from": [ 2, 9.8, 1 ], 
            "to": [ 14, 10.2, 13 ], 
            "faces": {
                "up": { "texture": "#plastic_mesh_three", "tintindex": 0, "uv": [ 0, 0, 14, 14 ] },
                "down": { "texture": "#plastic_mesh_three", "tintindex": 0, "uv": [ 0, 0, 14, 14 ] }
            }
        },
        {
            "from": [ 2, 9.8, 13 ], 
            "to": [ 14, 10.2, 18 ], 
            "faces": {
                "east": { "texture": "#plastic_mesh_three", "tintindex": 0, "uv": [ 0, 0, 5, 0.4 ] },
                "west": { "texture": "#plastic_mesh_three", "tintindex": 0, "uv": [ 0, 0, 5, 0.4 ] },
                "up": { "texture": "#plastic_mesh_three", "tintindex": 0, "uv": [ 0, 0, 14, 6 ] },
                "down": { "texture": "#plastic_mesh_three", "tintindex": 0, "uv": [ 0, 0, 14, 6 ] }
            }
        },
        {
            "from": [ 0.9, 17.7, -3.6 ], 
            "to": [ 15.1, 18.7, -2.6 ], 
            "rotation": { "origin": [ 8.0, 18.600000008940697, -3.0 ], "axis": "x", "angle": 22.5 },
            "faces": {
                "north": { "texture": "#metal", "uv": [ 0, 0, 14.2, 1 ] },
                "east": { "texture": "#metal", "uv": [ 0, 0, 1, 1 ] },
                "south": { "texture": "#metal", "uv": [ 0, 0, 14.2, 1 ] },
                "west": { "texture": "#metal", "uv": [ 0, 0, 1, 1 ] },
                "up": { "texture": "#metal", "uv": [ 0, 0, 14.2, 1 ] },
                "down": { "texture": "#metal", "uv": [ 0, 0, 14.2, 1 ] }
            }
        },
        {
            "from": [ 0.9, 17.7, -5.6 ], 
            "to": [ 1.9, 18.7, -3.6 ], 
            "rotation": { "origin": [ 8.0, 18.600000008940697, -3.0 ], "axis": "x", "angle": 22.5 },
            "faces": {
                "north": { "texture": "#metal", "uv": [ 0, 0, 1, 1 ] },
                "east": { "texture": "#metal", "uv": [ 0, 0, 2, 1 ] },
                "south": { "texture": "#metal", "uv": [ 0, 0, 1, 1 ] },
                "west": { "texture": "#metal", "uv": [ 0, 0, 2, 1 ] },
                "up": { "texture": "#metal", "uv": [ 0, 0, 1, 2 ] },
                "down": { "texture": "#metal", "uv": [ 0, 0, 1, 2 ] }
            }
        },
        {
            "from": [ 14.1, 17.7, -5.6 ], 
            "to": [ 15.1, 18.7, -3.6 ], 
            "rotation": { "origin": [ 8.0, 18.600000008940697, -3.0 ], "axis": "x", "angle": 22.5 },
            "faces": {
                "north": { "texture": "#metal", "uv": [ 0, 0, 1, 1 ] },
                "east": { "texture": "#metal", "uv": [ 0, 0, 2, 1 ] },
                "south": { "texture": "#metal", "uv": [ 0, 0, 1, 1 ] },
                "west": { "texture": "#metal", "uv": [ 0, 0, 2, 1 ] },
                "up": { "texture": "#metal", "uv": [ 0, 0, 1, 2 ] },
                "down": { "texture": "#metal", "uv": [ 0, 0, 1, 2 ] }
            }
        },
        {
            "from": [ 0.9, 17.7, -6.6 ], 
            "to": [ 15.1, 18.7, -5.6 ], 
            "rotation": { "origin": [ 8.0, 18.600000008940697, -3.0 ], "axis": "x", "angle": 22.5 },
            "faces": {
                "north": { "texture": "#metal", "uv": [ 0, 0, 14.2, 1 ] },
                "east": { "texture": "#metal", "uv": [ 0, 0, 1, 1 ] },
                "south": { "texture": "#metal", "uv": [ 0, 0, 14.2, 1 ] },
                "west": { "texture": "#metal", "uv": [ 0, 0, 1, 1 ] },
                "up": { "texture": "#metal", "uv": [ 0, 0, 14.2, 1 ] },
                "down": { "texture": "#metal", "uv": [ 0, 0, 14.2, 1 ] }
            }
        },
        {
            "from": [ 2, 9.5, 0.3 ], 
            "to": [ 14, 19, 0.7 ], 
            "rotation": { "origin": [ 8.0, 9.49999999254942, 0.0 ], "axis": "x", "angle": -22.5 },
            "faces": {
                "north": { "texture": "#metal_mesh", "uv": [ 0, 0, 12, 9.5 ] },
                "east": { "texture": "#metal_mesh", "uv": [ 0, 0, 0.4, 9.5 ] },
                "south": { "texture": "#metal_mesh", "uv": [ 0, 0, 12, 9.5 ] },
                "west": { "texture": "#metal_mesh", "uv": [ 0, 0, 0.4, 9.5 ] },
                "up": { "texture": "#metal_mesh", "uv": [ 0, 0, 12, 0.4 ] },
                "down": { "texture": "#metal_mesh", "uv": [ 0, 0, 12, 0.4 ] }
            }
        },
        {
            "from": [ 3, 17.6, -6.7 ], 
            "to": [ 13, 18.8, -5.5 ], 
            "rotation": { "origin": [ 8.0, 18.600000008940697, -3.0 ], "axis": "x", "angle": 22.5 },
            "faces": {
                "north": { "texture": "#plastic_frame", "tintindex": 0, "uv": [ 0, 0, 10, 1.2 ] },
                "east": { "texture": "#plastic_frame", "tintindex": 0, "uv": [ 0, 0, 1.2, 1.2 ] },
                "south": { "texture": "#plastic_frame", "tintindex": 0, "uv": [ 0, 0, 10, 1.2 ] },
                "west": { "texture": "#plastic_frame", "tintindex": 0, "uv": [ 0, 0, 1.2, 1.2 ] },
                "up": { "texture": "#plastic_frame", "tintindex": 0, "uv": [ 0, 0, 10, 1.2 ] },
                "down": { "texture": "#plastic_frame", "tintindex": 0, "uv": [ 0, 0, 10, 1.2 ] }
            }
        },
        {
            "from": [ 5, 13, 18.5 ], 
            "to": [ 11, 16, 18.9 ], 
            "faces": {
                "east": { "texture": "#plastic_frame", "tintindex": 0, "uv": [ 0, 0, 0.4, 3 ] },
                "south": { "texture": "#plastic_frame", "tintindex": 0, "uv": [ 0, 0, 6, 3 ] },
                "west": { "texture": "#plastic_frame", "tintindex": 0, "uv": [ 0, 0, 0.4, 3 ] },
                "up": { "texture": "#plastic_frame", "tintindex": 0, "uv": [ 0, 0, 6, 0.4 ] },
                "down": { "texture": "#plastic_frame", "tintindex": 0, "uv": [ 0, 0, 6, 0.4 ] }
            }
        },
        {
            "from": [ 6, 14.6, 18.6 ], 
            "to": [ 10, 15.6, 19 ], 
            "faces": {
                "south": { "texture": "#logo", "uv": [ 0, 0, 15, 4 ] }
            }
        },
        {
            "from": [ 6.2, 13.2, 18.6 ], 
            "to": [ 10.2, 14.2, 19 ], 
            "faces": {
                "south": { "texture": "#logo", "uv": [ 0, 4, 15, 8 ] }
            }
        },
        {
            "from": [ 1, 3, 13 ], 
            "to": [ 2, 4, 20 ], 
            "rotation": { "origin": [ 1.0, 4.0, 13.0 ], "axis": "y", "angle": 22.5 },
            "faces": {
                "north": { "texture": "#metal", "uv": [ 0, 0, 1, 1 ] },
                "east": { "texture": "#metal", "uv": [ 0, 0, 7, 1 ] },
                "south": { "texture": "#metal", "uv": [ 0, 0, 1, 1 ] },
                "west": { "texture": "#metal", "uv": [ 0, 0, 7, 1 ] },
                "up": { "texture": "#metal", "uv": [ 0, 0, 1, 7 ] },
                "down": { "texture": "#metal", "uv": [ 0, 0, 1, 7 ] }
            }
        },
        {
            "from": [ 14, 3, 13 ], 
            "to": [ 15, 4, 20 ], 
            "rotation": { "origin": [ 15.0, 4.0, 13.0 ], "axis": "y", "angle": -22.5 },
            "faces": {
                "north": { "texture": "#metal", "uv": [ 0, 0, 1, 1 ] },
                "east": { "texture": "#metal", "uv": [ 0, 0, 7, 1 ] },
                "south": { "texture": "#metal", "uv": [ 0, 0, 1, 1 ] },
                "west": { "texture": "#metal", "uv": [ 0, 0, 7, 1 ] },
                "up": { "texture": "#metal", "uv": [ 0, 0, 1, 7 ] },
                "down": { "texture": "#metal", "uv": [ 0, 0, 1, 7 ] }
            }
        },
        {
            "from": [ 14, 17.5, 13 ], 
            "to": [ 15, 18.5, 18 ], 
            "faces": {
                "east": { "texture": "#plastic_frame", "tintindex": 0, "uv": [ 0, 0, 5, 1 ] },
                "west": { "texture": "#plastic_frame", "tintindex": 0, "uv": [ 0, 0, 5, 1 ] },
                "up": { "texture": "#plastic_frame", "tintindex": 0, "uv": [ 0, 0, 1, 5 ] },
                "down": { "texture": "#plastic_frame", "tintindex": 0, "uv": [ 0, 0, 1, 5 ] }
            }
        },
        {
            "from": [ 1, 17.5, 13 ], 
            "to": [ 2, 18.5, 18 ], 
            "faces": {
                "east": { "texture": "#plastic_frame", "tintindex": 0, "uv": [ 0, 0, 5, 1 ] },
                "west": { "texture": "#plastic_frame", "tintindex": 0, "uv": [ 0, 0, 5, 1 ] },
                "up": { "texture": "#plastic_frame", "tintindex": 0, "uv": [ 0, 0, 1, 5 ] },
                "down": { "texture": "#plastic_frame", "tintindex": 0, "uv": [ 0, 0, 1, 5 ] }
            }
        },
        {
            "from": [ 14, 9.5, 16 ], 
            "to": [ 15, 10.5, 19 ], 
            "faces": {
                "east": { "texture": "#plastic_frame", "tintindex": 0, "uv": [ 0, 0, 3, 1 ] },
                "south": { "texture": "#plastic_frame", "tintindex": 0, "uv": [ 0, 0, 1, 1 ] },
                "west": { "texture": "#plastic_frame", "tintindex": 0, "uv": [ 0, 0, 3, 1 ] },
                "up": { "texture": "#plastic_frame", "tintindex": 0, "uv": [ 0, 0, 1, 3 ] },
                "down": { "texture": "#plastic_frame", "tintindex": 0, "uv": [ 0, 0, 1, 3 ] }
            }
        },
        {
            "from": [ 1, 9.5, 16 ], 
            "to": [ 2, 10.5, 19 ], 
            "faces": {
                "east": { "texture": "#plastic_frame", "tintindex": 0, "uv": [ 0, 0, 3, 1 ] },
                "south": { "texture": "#plastic_frame", "tintindex": 0, "uv": [ 0, 0, 1, 1 ] },
                "west": { "texture": "#plastic_frame", "tintindex": 0, "uv": [ 0, 0, 3, 1 ] },
                "up": { "texture": "#plastic_frame", "tintindex": 0, "uv": [ 0, 0, 1, 3 ] },
                "down": { "texture": "#plastic_frame", "tintindex": 0, "uv": [ 0, 0, 1, 3 ] }
            }
        }
    ]
}