{
    "__comment": "Model generated using MrCrayfish's Model Creator (https://mrcrayfish.com/tools?id=mc)",
    "textures": {
        "lid": "minecraft:block/black_concrete",
        "base": "minecraft:block/gray_concrete"
    },
    "elements": [
        {
            "from": [ 6.8, 5, 7.8 ], 
            "to": [ 9.2, 7, 8.9 ], 
            "faces": {
                "east": { "texture": "#lid", "uv": [ 0, 0, 0.5, 1 ] },
                "south": { "texture": "#lid", "uv": [ 0, 0, 2.4, 2 ] },
                "west": { "texture": "#lid", "uv": [ 0, 0, 0.5, 1 ] },
                "down": { "texture": "#lid", "uv": [ 0, 0, 6, 0.5 ] }
            }
        },
        {
            "from": [ 6.8, 9.3, 7.8 ], 
            "to": [ 9.2, 11.14, 8.9 ], 
            "faces": {
                "east": { "texture": "#lid", "uv": [ 0, 0, 0.5, 1 ] },
                "south": { "texture": "#lid", "uv": [ 0, 0, 6, 1 ] },
                "west": { "texture": "#lid", "uv": [ 0, 0, 0.5, 1 ] },
                "up": { "texture": "#lid", "uv": [ 0, 0, 6, 0.5 ] }
            }
        },
        {
            "from": [ 5, 6.9, 7.8 ], 
            "to": [ 11, 9.3, 8.9 ], 
            "faces": {
                "east": { "texture": "#lid", "uv": [ 0, 0, 0.5, 6 ] },
                "south": { "texture": "#lid", "uv": [ 0, 0, 6, 2.4 ] },
                "west": { "texture": "#lid", "uv": [ 0, 0, 0.5, 6 ] },
                "up": { "texture": "#lid", "uv": [ 0, 0, 1, 0.5 ] },
                "down": { "texture": "#lid", "uv": [ 0, 0, 1, 0.5 ] }
            }
        },
        {
            "from": [ 5.6, 11.2, 7.8 ], 
            "to": [ 7.6, 13.8, 8.89 ], 
            "rotation": { "origin": [ 3, 11, 1 ], "axis": "z", "angle": -45.0 },
            "faces": {
                "east": { "texture": "#lid", "uv": [ 0, 0, 0.5, 2.8 ] },
                "south": { "texture": "#lid", "uv": [ 0, 0, 1, 2.8 ] },
                "west": { "texture": "#lid", "uv": [ 0, 0, 0.5, 2.8 ] },
                "up": { "texture": "#lid", "uv": [ 0, 0, 1, 0.5 ] },
                "down": { "texture": "#lid", "uv": [ 0, 0, 1, 0.5 ] }
            }
        },
        {
            "from": [ 8.4, 11.2, 7.8 ], 
            "to": [ 10.4, 13.8, 8.89 ], 
            "rotation": { "origin": [ 13, 11, 1 ], "axis": "z", "angle": 45.0 },
            "faces": {
                "east": { "texture": "#lid", "uv": [ 0, 0, 0.5, 2.8 ] },
                "south": { "texture": "#lid", "uv": [ 0, 0, 1, 2.8 ] },
                "west": { "texture": "#lid", "uv": [ 0, 0, 0.5, 2.8 ] },
                "up": { "texture": "#lid", "uv": [ 0, 0, 1, 0.5 ] },
                "down": { "texture": "#lid", "uv": [ 0, 0, 1, 0.5 ] }
            }
        },
        {
            "from": [ 5.7, 2.3, 7.8 ], 
            "to": [ 7.7, 4.9, 8.89 ], 
            "rotation": { "origin": [ 3, 5, 1 ], "axis": "z", "angle": 45.0 },
            "faces": {
                "east": { "texture": "#lid", "uv": [ 0, 0, 0.5, 2.8 ] },
                "south": { "texture": "#lid", "uv": [ 0, 0, 1, 2.8 ] },
                "west": { "texture": "#lid", "uv": [ 0, 0, 0.5, 2.8 ] },
                "up": { "texture": "#lid", "uv": [ 0, 0, 1, 0.5 ] },
                "down": { "texture": "#lid", "uv": [ 0, 0, 1, 0.5 ] }
            }
        },
        {
            "from": [ 8.3, 2.3, 7.8 ], 
            "to": [ 10.3, 4.9, 8.89 ], 
            "rotation": { "origin": [ 13, 5, 1 ], "axis": "z", "angle": -45.0 },
            "faces": {
                "east": { "texture": "#lid", "uv": [ 0, 0, 0.5, 2.8 ] },
                "south": { "texture": "#lid", "uv": [ 0, 0, 1, 2.8 ] },
                "west": { "texture": "#lid", "uv": [ 0, 0, 0.5, 2.8 ] },
                "up": { "texture": "#lid", "uv": [ 0, 0, 1, 0.5 ] },
                "down": { "texture": "#lid", "uv": [ 0, 0, 1, 0.5 ] }
            }
        },
        {
            "from": [ 7.2, 6, 7 ], 
            "to": [ 8.8, 6.5, 8 ], 
            "faces": {
                "east": { "texture": "#base", "uv": [ 0, 0, 0.5, 0.5 ] },
                "west": { "texture": "#base", "uv": [ 0, 0, 0.5, 0.5 ] },
                "up": { "texture": "#base", "uv": [ 0, 0, 1.4, 0.5 ] },
                "down": { "texture": "#base", "uv": [ 0, 0, 1.4, 0.5 ] }
            }
        },
        {
            "from": [ 6, 7.2, 7 ], 
            "to": [ 6.5, 8.9, 8 ], 
            "faces": {
                "east": { "texture": "#base", "uv": [ 0, 0, 0.5, 1.4 ] },
                "west": { "texture": "#base", "uv": [ 0, 0, 0.5, 1.4 ] },
                "up": { "texture": "#base", "uv": [ 0, 0, 0.5, 0.5 ] },
                "down": { "texture": "#base", "uv": [ 0, 0, 0.5, 0.5 ] }
            }
        },
        {
            "from": [ 7.2, 9.6, 7 ], 
            "to": [ 8.8, 10.1, 8 ], 
            "faces": {
                "east": { "texture": "#base", "uv": [ 0, 0, 0.5, 0.5 ] },
                "west": { "texture": "#base", "uv": [ 0, 0, 0.5, 0.5 ] },
                "up": { "texture": "#base", "uv": [ 0, 0, 1.4, 0.5 ] },
                "down": { "texture": "#base", "uv": [ 0, 0, 1.4, 0.5 ] }
            }
        },
        {
            "from": [ 9.5, 7.2, 7 ], 
            "to": [ 10, 8.9, 8 ], 
            "faces": {
                "east": { "texture": "#base", "uv": [ 0, 0, 0.5, 1.4 ] },
                "west": { "texture": "#base", "uv": [ 0, 0, 0.5, 1.4 ] },
                "up": { "texture": "#base", "uv": [ 0, 0, 0.5, 0.5 ] },
                "down": { "texture": "#base", "uv": [ 0, 0, 0.5, 0.5 ] }
            }
        },
        {
            "from": [ 6.6, 11.6, 7 ], 
            "to": [ 7.1, 13.3, 8 ], 
            "rotation": { "origin": [ 3, 11, 1 ], "axis": "z", "angle": -45.0 },
            "faces": {
                "east": { "texture": "#base", "uv": [ 0, 0, 0.5, 1.2 ] },
                "south": { "texture": "#base", "uv": [ 0, 0, 0.5, 1.2 ] },
                "west": { "texture": "#base", "uv": [ 0, 0, 0.5, 1.2 ] },
                "up": { "texture": "#base", "uv": [ 0, 0, 0.5, 0.5 ] },
                "down": { "texture": "#base", "uv": [ 0, 0, 0.5, 0.5 ] }
            }
        },
        {
            "from": [ 8.9, 11.6, 7 ], 
            "to": [ 9.4, 13.3, 8 ], 
            "rotation": { "origin": [ 13, 11, 1 ], "axis": "z", "angle": 45.0 },
            "faces": {
                "east": { "texture": "#base", "uv": [ 0, 0, 0.5, 1.2 ] },
                "south": { "texture": "#base", "uv": [ 0, 0, 0.5, 1.2 ] },
                "west": { "texture": "#base", "uv": [ 0, 0, 0.5, 1.2 ] },
                "up": { "texture": "#base", "uv": [ 0, 0, 0.5, 0.5 ] },
                "down": { "texture": "#base", "uv": [ 0, 0, 0.5, 0.5 ] }
            }
        },
        {
            "from": [ 6.7, 2.7, 7 ], 
            "to": [ 7.2, 4.4, 8 ], 
            "rotation": { "origin": [ 3, 5, 1 ], "axis": "z", "angle": 45.0 },
            "faces": {
                "east": { "texture": "#base", "uv": [ 0, 0, 0.5, 1.1 ] },
                "south": { "texture": "#base", "uv": [ 0, 0, 0.5, 1.1 ] },
                "west": { "texture": "#base", "uv": [ 0, 0, 0.5, 1.1 ] },
                "up": { "texture": "#base", "uv": [ 0, 0, 0.5, 0.5 ] },
                "down": { "texture": "#base", "uv": [ 0, 0, 0.5, 0.5 ] }
            }
        },
        {
            "from": [ 8.8, 2.7, 7 ], 
            "to": [ 9.3, 4.4, 8 ], 
            "rotation": { "origin": [ 13, 5, 1 ], "axis": "z", "angle": -45.0 },
            "faces": {
                "east": { "texture": "#base", "uv": [ 0, 0, 0.5, 1.1 ] },
                "south": { "texture": "#base", "uv": [ 0, 0, 0.5, 1.1 ] },
                "west": { "texture": "#base", "uv": [ 0, 0, 0.5, 1.1 ] },
                "up": { "texture": "#base", "uv": [ 0, 0, 0.5, 0.5 ] },
                "down": { "texture": "#base", "uv": [ 0, 0, 0.5, 0.5 ] }
            }
        }
    ]
}