{
    "__comment": "Model generated using MrCrayfish's Model Creator (https://mrcrayfish.com/tools?id=mc)",
    "textures": {
        "lid": "minecraft:block/black_concrete",
        "pipe": "minecraft:block/gray_concrete"
    },
    "elements": [
        {
            "from": [ 7.2, 6, 8 ], 
            "to": [ 8.8, 6.5, 9 ], 
            "faces": {
                "east": { "texture": "#pipe", "uv": [ 0, 0, 0.5, 0.5 ] },
                "south": { "texture": "#pipe", "uv": [ 0, 0, 1.4, 0.5 ] },
                "west": { "texture": "#pipe", "uv": [ 0, 0, 0.5, 0.5 ] },
                "up": { "texture": "#pipe", "uv": [ 0, 0, 1.4, 0.5 ] },
                "down": { "texture": "#pipe", "uv": [ 0, 0, 1.4, 0.5 ] }
            }
        },
        {
            "from": [ 6, 7.2, 8 ], 
            "to": [ 6.5, 8.9, 9 ], 
            "faces": {
                "east": { "texture": "#pipe", "uv": [ 0, 0, 0.5, 1.4 ] },
                "south": { "texture": "#pipe", "uv": [ 0, 0, 0.5, 1.4 ] },
                "west": { "texture": "#pipe", "uv": [ 0, 0, 0.5, 1.4 ] },
                "up": { "texture": "#pipe", "uv": [ 0, 0, 0.5, 0.5 ] },
                "down": { "texture": "#pipe", "uv": [ 0, 0, 0.5, 0.5 ] }
            }
        },
        {
            "from": [ 7.2, 9.6, 8 ], 
            "to": [ 8.8, 10.1, 9 ], 
            "faces": {
                "east": { "texture": "#pipe", "uv": [ 0, 0, 0.5, 0.5 ] },
                "south": { "texture": "#pipe", "uv": [ 0, 0, 1.4, 0.5 ] },
                "west": { "texture": "#pipe", "uv": [ 0, 0, 0.5, 0.5 ] },
                "up": { "texture": "#pipe", "uv": [ 0, 0, 1.4, 0.5 ] },
                "down": { "texture": "#pipe", "uv": [ 0, 0, 1.4, 0.5 ] }
            }
        },
        {
            "from": [ 9.5, 7.2, 8 ], 
            "to": [ 10, 8.9, 9 ], 
            "faces": {
                "east": { "texture": "#pipe", "uv": [ 0, 0, 0.5, 1.4 ] },
                "south": { "texture": "#pipe", "uv": [ 0, 0, 0.5, 1.4 ] },
                "west": { "texture": "#pipe", "uv": [ 0, 0, 0.5, 1.4 ] },
                "up": { "texture": "#pipe", "uv": [ 0, 0, 0.5, 0.5 ] },
                "down": { "texture": "#pipe", "uv": [ 0, 0, 0.5, 0.5 ] }
            }
        },
        {
            "from": [ 6.6, 11.6, 8 ], 
            "to": [ 7.1, 13.3, 9 ], 
            "rotation": { "origin": [ 3, 11, 1 ], "axis": "z", "angle": -45.0 },
            "faces": {
                "east": { "texture": "#pipe", "uv": [ 0, 0, 0.5, 1.2 ] },
                "south": { "texture": "#pipe", "uv": [ 0, 0, 0.5, 1.2 ] },
                "west": { "texture": "#pipe", "uv": [ 0, 0, 0.5, 1.2 ] },
                "up": { "texture": "#pipe", "uv": [ 0, 0, 0.5, 0.5 ] },
                "down": { "texture": "#pipe", "uv": [ 0, 0, 0.5, 0.5 ] }
            }
        },
        {
            "from": [ 8.9, 11.6, 8 ], 
            "to": [ 9.4, 13.3, 9 ], 
            "rotation": { "origin": [ 13, 11, 1 ], "axis": "z", "angle": 45.0 },
            "faces": {
                "east": { "texture": "#pipe", "uv": [ 0, 0, 0.5, 1.2 ] },
                "south": { "texture": "#pipe", "uv": [ 0, 0, 0.5, 1.2 ] },
                "west": { "texture": "#pipe", "uv": [ 0, 0, 0.5, 1.2 ] },
                "up": { "texture": "#pipe", "uv": [ 0, 0, 0.5, 0.5 ] },
                "down": { "texture": "#pipe", "uv": [ 0, 0, 0.5, 0.5 ] }
            }
        },
        {
            "from": [ 6.7, 2.7, 8 ], 
            "to": [ 7.2, 4.4, 9 ], 
            "rotation": { "origin": [ 3, 5, 1 ], "axis": "z", "angle": 45.0 },
            "faces": {
                "east": { "texture": "#pipe", "uv": [ 0, 0, 0.5, 1.1 ] },
                "south": { "texture": "#pipe", "uv": [ 0, 0, 0.5, 1.1 ] },
                "west": { "texture": "#pipe", "uv": [ 0, 0, 0.5, 1.1 ] },
                "up": { "texture": "#pipe", "uv": [ 0, 0, 0.5, 0.5 ] },
                "down": { "texture": "#pipe", "uv": [ 0, 0, 0.5, 0.5 ] }
            }
        },
        {
            "from": [ 8.8, 2.7, 8 ], 
            "to": [ 9.3, 4.4, 9 ], 
            "rotation": { "origin": [ 13, 5, 1 ], "axis": "z", "angle": -45.0 },
            "faces": {
                "east": { "texture": "#pipe", "uv": [ 0, 0, 0.5, 1.1 ] },
                "south": { "texture": "#pipe", "uv": [ 0, 0, 0.5, 1.1 ] },
                "west": { "texture": "#pipe", "uv": [ 0, 0, 0.5, 1.1 ] },
                "up": { "texture": "#pipe", "uv": [ 0, 0, 0.5, 0.5 ] },
                "down": { "texture": "#pipe", "uv": [ 0, 0, 0.5, 0.5 ] }
            }
        },
        {
            "from": [ 6.5, 6.8, 8.102 ], 
            "to": [ 9.6, 9.3, 8.102 ], 
            "faces": {
                "south": { "texture": "#lid", "uv": [ 0, 0, 2.2, 2.1 ] }
            }
        },
        {
            "from": [ 6.8, 6.5, 8.102 ], 
            "to": [ 9.2, 9.7, 8.102 ], 
            "faces": {
                "south": { "texture": "#lid", "uv": [ 0, 0, 2.2, 2.1 ] }
            }
        }
    ]
}