{
    "__comment": "Model generated using MrCrayfish's Model Creator (https://mrcrayfish.com/tools?id=mc)",
    "textures": {
        "seat": "minecraft:block/black_wool",
        "indicator_light": "minecraft:block/orange_stained_glass",
        "axel": "minecraft:block/stone",
        "brake_light": "minecraft:block/red_stained_glass",
        "steering_wheel_shaft": "minecraft:block/light_gray_concrete",
        "headlights": "minecraft:block/white_stained_glass",
        "logo": "vehicle:model/cray_industries",
        "windshield": "minecraft:block/glass",
        "grill": "vehicle:model/grill",
        "frame": "minecraft:block/anvil",
        "base": "minecraft:block/white_concrete"
    },
    "elements": [
        {
            "from": [ -2, 1, 1.5 ], 
            "to": [ 14, 3, 14.5 ], 
            "faces": {
                "west": { "texture": "#frame", "uv": [ 0, 0, 13, 2 ] },
                "up": { "texture": "#frame", "uv": [ 0, 0, 16, 13 ] },
                "down": { "texture": "#frame", "uv": [ 0, 0, 16, 13 ] }
            }
        },
        {
            "from": [ 3.5, 2, 16 ], 
            "to": [ 12.5, 6.5, 24 ], 
            "faces": {
                "north": { "texture": "#frame", "uv": [ 0, 0, 9, 4.5 ] },
                "east": { "texture": "#frame", "uv": [ 0, 0, 8, 4.5 ] },
                "south": { "texture": "#frame", "uv": [ 0, 0, 9, 4.5 ] },
                "west": { "texture": "#frame", "uv": [ 0, 0, 8, 4.5 ] },
                "up": { "texture": "#frame", "uv": [ 0, 0, 9, 8 ] },
                "down": { "texture": "#frame", "uv": [ 0, 0, 9, 8 ] }
            }
        },
        {
            "from": [ 1.9, 2, -8 ], 
            "to": [ 14.1, 6, 0 ], 
            "faces": {
                "north": { "texture": "#frame", "uv": [ 0, 0, 12.2, 4 ] },
                "east": { "texture": "#frame", "uv": [ 0, 0, 8, 4 ] },
                "south": { "texture": "#frame", "uv": [ 0, 0, 12.2, 4 ] },
                "west": { "texture": "#frame", "uv": [ 0, 0, 8, 4 ] },
                "up": { "texture": "#frame", "uv": [ 0, 0, 12.2, 8 ] },
                "down": { "texture": "#frame", "uv": [ 0, 0, 12.2, 8 ] }
            }
        },
        {
            "from": [ 15, 3, 1 ], 
            "to": [ 17, 13, 15.9 ], 
            "faces": {
                "north": { "texture": "#base", "uv": [ 0, 0, 2, 10 ], "tintindex": 0 },
                "east": { "texture": "#base", "uv": [ 0, 0, 14.9, 10 ], "tintindex": 0 },
                "south": { "texture": "#base", "uv": [ 0, 0, 2, 10 ], "tintindex": 0 },
                "west": { "texture": "#frame", "uv": [ 0, 0, 14.9, 10 ] },
                "up": { "texture": "#base", "uv": [ 0, 0, 2, 14.9 ], "tintindex": 0 },
                "down": { "texture": "#base", "uv": [ 0, 0, 2, 14.9 ], "tintindex": 0 }
            }
        },
        {
            "from": [ -1, 3, 1 ], 
            "to": [ 1, 13, 15.9 ], 
            "faces": {
                "north": { "texture": "#base", "uv": [ 0, 0, 2, 10 ], "tintindex": 0 },
                "east": { "texture": "#frame", "uv": [ 0, 0, 14.9, 10 ] },
                "south": { "texture": "#base", "uv": [ 0, 0, 2, 10 ], "tintindex": 0 },
                "west": { "texture": "#base", "uv": [ 0, 0, 14.9, 10 ], "tintindex": 0 },
                "up": { "texture": "#base", "uv": [ 0, 0, 2, 14.9 ], "tintindex": 0 },
                "down": { "texture": "#base", "uv": [ 0, 0, 2, 14.9 ], "tintindex": 0 }
            }
        },
        {
            "from": [ -2, 1, 14.5 ], 
            "to": [ 14, 4.2, 16 ], 
            "faces": {
                "north": { "texture": "#frame", "uv": [ 0, 0, 16, 3.2 ] },
                "south": { "texture": "#frame", "uv": [ 0, 0, 16, 3.2 ] },
                "west": { "texture": "#frame", "uv": [ 0, 0, 1.5, 3.2 ] },
                "up": { "texture": "#frame", "uv": [ 0, 0, 16, 1.5 ] },
                "down": { "texture": "#frame", "uv": [ 0, 0, 16, 1.5 ] }
            }
        },
        {
            "from": [ -2, 1, 0 ], 
            "to": [ 14, 4.2, 1.5 ], 
            "faces": {
                "north": { "texture": "#frame", "uv": [ 0, 0, 16, 3.2 ] },
                "south": { "texture": "#frame", "uv": [ 0, 0, 16, 3.2 ] },
                "west": { "texture": "#frame", "uv": [ 0, 0, 1.5, 3.2 ] },
                "up": { "texture": "#frame", "uv": [ 0, 0, 16, 1.5 ] },
                "down": { "texture": "#frame", "uv": [ 0, 0, 16, 1.5 ] }
            }
        },
        {
            "from": [ -2, 4.2, 14.5 ], 
            "to": [ 14, 8.9, 16 ], 
            "rotation": { "origin": [ -2.0, 4.200000002980232, 14.50000000745058 ], "axis": "x", "angle": 45.0 },
            "faces": {
                "north": { "texture": "#frame", "uv": [ 0, 0, 16, 4.2 ] },
                "east": { "texture": "#frame", "uv": [ 0, 0, 1.5, 4.2 ] },
                "south": { "texture": "#frame", "uv": [ 0, 0, 16, 4.2 ] },
                "west": { "texture": "#frame", "uv": [ 0, 0, 1.5, 4.2 ] },
                "up": { "texture": "#frame", "uv": [ 0, 0, 16, 1.5 ] },
                "down": { "texture": "#frame", "uv": [ 0, 0, 16, 1.5 ] }
            }
        },
        {
            "from": [ -2, 3.8, 0 ], 
            "to": [ 14, 8.1, 1.5 ], 
            "rotation": { "origin": [ 8.0, 4.0, 1.0 ], "axis": "x", "angle": -45.0 },
            "faces": {
                "north": { "texture": "#frame", "uv": [ 0, 0, 16, 4.2 ] },
                "east": { "texture": "#frame", "uv": [ 0, 0, 1.5, 4.2 ] },
                "south": { "texture": "#frame", "uv": [ 0, 0, 16, 4.2 ] },
                "west": { "texture": "#frame", "uv": [ 0, 0, 1.5, 4.2 ] },
                "up": { "texture": "#frame", "uv": [ 0, 0, 16, 1.5 ] },
                "down": { "texture": "#frame", "uv": [ 0, 0, 16, 1.5 ] }
            }
        },
        {
            "from": [ -2, 6, -3.3 ], 
            "to": [ 14, 6.6, -2.4 ], 
            "faces": {
                "south": { "texture": "#frame", "uv": [ 0, 0, 16, 0.6 ] },
                "west": { "texture": "#frame", "uv": [ 0, 0, 3.4, 1.5 ] },
                "up": { "texture": "#frame", "uv": [ 0, 0, 16, 3.4 ] },
                "down": { "texture": "#frame", "uv": [ 0, 0, 16, 3.4 ] }
            }
        },
        {
            "from": [ -2, 6, 17.8 ], 
            "to": [ 14, 7.5, 22.2 ], 
            "faces": {
                "north": { "texture": "#frame", "uv": [ 0, 0, 16, 1.5 ] },
                "south": { "texture": "#frame", "uv": [ 0, 0, 16, 1.5 ] },
                "west": { "texture": "#frame", "uv": [ 0, 0, 4.4, 1.5 ] },
                "up": { "texture": "#frame", "uv": [ 0, 0, 16, 4.4 ] },
                "down": { "texture": "#frame", "uv": [ 0, 0, 16, 4.4 ] }
            }
        },
        {
            "from": [ -2, 4, -9 ], 
            "to": [ 14, 8.2, -8 ], 
            "rotation": { "origin": [ 8.0, 4.0, -9.0 ], "axis": "x", "angle": 45.0 },
            "faces": {
                "north": { "texture": "#frame", "uv": [ 0, 0, 16, 4.2 ] },
                "east": { "texture": "#frame", "uv": [ 0, 0, 1.5, 4.2 ] },
                "south": { "texture": "#frame", "uv": [ 0, 0, 16, 4.2 ] },
                "west": { "texture": "#frame", "uv": [ 0, 0, 1.5, 4.2 ] },
                "up": { "texture": "#frame", "uv": [ 0, 0, 16, 1 ] },
                "down": { "texture": "#frame", "uv": [ 0, 0, 16, 1 ] }
            }
        },
        {
            "from": [ -2, 3, -9.5 ], 
            "to": [ 14, 5, -8 ], 
            "faces": {
                "north": { "texture": "#frame", "uv": [ 0, 0, 16, 2 ] },
                "south": { "texture": "#frame", "uv": [ 0, 0, 16, 2 ] },
                "west": { "texture": "#frame", "uv": [ 0, 0, 1.5, 2 ] },
                "up": { "texture": "#frame", "uv": [ 0, 0, 16, 1.5 ] }
            }
        },
        {
            "from": [ -2, 5, -9.5 ], 
            "to": [ 2, 7, -8 ], 
            "faces": {
                "north": { "texture": "#frame", "uv": [ 0, 0, 4, 2 ] },
                "east": { "texture": "#frame", "uv": [ 0, 0, 1.5, 2 ] },
                "west": { "texture": "#frame", "uv": [ 0, 0, 1.5, 2 ] },
                "up": { "texture": "#frame", "uv": [ 0, 0, 4, 1.5 ] }
            }
        },
        {
            "from": [ 14, 5, -9.5 ], 
            "to": [ 18, 7, -8 ], 
            "faces": {
                "north": { "texture": "#frame", "uv": [ 0, 0, 4, 2 ] },
                "east": { "texture": "#frame", "uv": [ 0, 0, 1.5, 2 ] },
                "west": { "texture": "#frame", "uv": [ 0, 0, 1.5, 2 ] },
                "up": { "texture": "#frame", "uv": [ 0, 0, 4, 1.5 ] }
            }
        },
        {
            "from": [ -2, 5, -8.5 ], 
            "to": [ 2, 8, -7 ], 
            "faces": {
                "north": { "texture": "#frame", "uv": [ 0, 0, 4, 3 ] },
                "east": { "texture": "#frame", "uv": [ 0, 0, 1.5, 3 ] },
                "south": { "texture": "#frame", "uv": [ 0, 0, 4, 3 ] },
                "west": { "texture": "#frame", "uv": [ 0, 0, 1.5, 3 ] },
                "up": { "texture": "#frame", "uv": [ 0, 0, 4, 1.5 ] },
                "down": { "texture": "#frame", "uv": [ 0, 0, 4, 1.5 ] }
            }
        },
        {
            "from": [ -2, 6, -7 ], 
            "to": [ 14, 8, -3.3 ], 
            "faces": {
                "north": { "texture": "#frame", "uv": [ 0, 0, 16, 2 ] },
                "south": { "texture": "#frame", "uv": [ 0, 0, 16, 2 ] },
                "west": { "texture": "#frame", "uv": [ 0, 0, 2.6, 2 ] },
                "up": { "texture": "#frame", "uv": [ 0, 0, 16, 2.6 ] },
                "down": { "texture": "#frame", "uv": [ 0, 0, 16, 2.6 ] }
            }
        },
        {
            "from": [ -2, 6.7, -3.3 ], 
            "to": [ 14, 8, -1.4 ], 
            "rotation": { "origin": [ -2.0, 8.000000014901161, -3.299999989569187 ], "axis": "x", "angle": 22.5 },
            "faces": {
                "north": { "texture": "#frame", "uv": [ 0, 0, 16, 1.3 ] },
                "east": { "texture": "#frame", "uv": [ 0, 0, 2.6, 1 ] },
                "south": { "texture": "#frame", "uv": [ 0, 0, 16, 1.3 ] },
                "west": { "texture": "#frame", "uv": [ 0, 0, 2.6, 1 ] },
                "up": { "texture": "#frame", "uv": [ 0, 0, 16, 2.6 ] },
                "down": { "texture": "#frame", "uv": [ 0, 0, 16, 2.6 ] }
            }
        },
        {
            "from": [ -2, 7, -9.5 ], 
            "to": [ 2, 8.4, -8.5 ], 
            "rotation": { "origin": [ 8.0, 7.0, -9.50000000745058 ], "axis": "x", "angle": 45.0 },
            "faces": {
                "north": { "texture": "#frame", "uv": [ 0, 0, 4, 1.4 ] },
                "east": { "texture": "#frame", "uv": [ 0, 0, 1, 1.4 ] },
                "south": { "texture": "#frame", "uv": [ 0, 0, 4, 1.4 ] },
                "west": { "texture": "#frame", "uv": [ 0, 0, 1, 1.4 ] },
                "up": { "texture": "#frame", "uv": [ 0, 0, 4, 1 ] },
                "down": { "texture": "#frame", "uv": [ 0, 0, 4, 1 ] }
            }
        },
        {
            "from": [ 14, 7, -9.5 ], 
            "to": [ 18, 8.4, -8.5 ], 
            "rotation": { "origin": [ 8.0, 7.0, -9.50000000745058 ], "axis": "x", "angle": 45.0 },
            "faces": {
                "north": { "texture": "#frame", "uv": [ 0, 0, 4, 1.4 ] },
                "east": { "texture": "#frame", "uv": [ 0, 0, 1, 1.4 ] },
                "south": { "texture": "#frame", "uv": [ 0, 0, 4, 1.4 ] },
                "west": { "texture": "#frame", "uv": [ 0, 0, 1, 1.4 ] },
                "up": { "texture": "#frame", "uv": [ 0, 0, 4, 1 ] },
                "down": { "texture": "#frame", "uv": [ 0, 0, 4, 1 ] }
            }
        },
        {
            "from": [ 14, 3, -9.5 ], 
            "to": [ 18, 5, -8 ], 
            "faces": {
                "north": { "texture": "#frame", "uv": [ 0, 0, 4, 2 ] },
                "east": { "texture": "#frame", "uv": [ 0, 0, 1.5, 2 ] },
                "south": { "texture": "#frame", "uv": [ 0, 0, 4, 2 ] }
            }
        },
        {
            "from": [ 14, 4, -9 ], 
            "to": [ 18, 8.2, -8 ], 
            "rotation": { "origin": [ 8.0, 4.0, -9.0 ], "axis": "x", "angle": 45.0 },
            "faces": {
                "north": { "texture": "#frame", "uv": [ 0, 0, 4, 4.2 ] },
                "east": { "texture": "#frame", "uv": [ 0, 0, 1.5, 4.2 ] },
                "south": { "texture": "#frame", "uv": [ 0, 0, 4, 4.2 ] },
                "west": { "texture": "#frame", "uv": [ 0, 0, 1.5, 4.2 ] },
                "up": { "texture": "#frame", "uv": [ 0, 0, 4, 1 ] },
                "down": { "texture": "#frame", "uv": [ 0, 0, 4, 1 ] }
            }
        },
        {
            "from": [ 14, 5, -8.5 ], 
            "to": [ 18, 8, -7 ], 
            "faces": {
                "north": { "texture": "#frame", "uv": [ 0, 0, 4, 3 ] },
                "east": { "texture": "#frame", "uv": [ 0, 0, 1.5, 3 ] },
                "south": { "texture": "#frame", "uv": [ 0, 0, 4, 3 ] },
                "west": { "texture": "#frame", "uv": [ 0, 0, 1.5, 3 ] },
                "up": { "texture": "#frame", "uv": [ 0, 0, 4, 1.5 ] },
                "down": { "texture": "#frame", "uv": [ 0, 0, 4, 1.5 ] }
            }
        },
        {
            "from": [ 14, 6, -7 ], 
            "to": [ 18, 8, -3.3 ], 
            "faces": {
                "east": { "texture": "#frame", "uv": [ 0, 0, 2.6, 2 ] },
                "south": { "texture": "#frame", "uv": [ 0, 0, 4, 2 ] },
                "up": { "texture": "#frame", "uv": [ 0, 0, 4, 2.6 ] },
                "down": { "texture": "#frame", "uv": [ 0, 0, 4, 2.6 ] }
            }
        },
        {
            "from": [ 14, 6, -5.4 ], 
            "to": [ 18, 7.5, -2 ], 
            "faces": {
                "east": { "texture": "#frame", "uv": [ 0, 0, 3.4, 1.5 ] },
                "south": { "texture": "#frame", "uv": [ 0, 0, 4, 1.5 ] },
                "up": { "texture": "#frame", "uv": [ 0, 0, 4, 3.4 ] },
                "down": { "texture": "#frame", "uv": [ 0, 0, 4, 3.4 ] }
            }
        },
        {
            "from": [ 2, 5, -8 ], 
            "to": [ 14, 13, 0 ], 
            "faces": {
                "north": { "texture": "#base", "uv": [ 0, 0, 12, 8 ], "tintindex": 0 },
                "east": { "texture": "#base", "uv": [ 0, 0, 8, 8 ], "tintindex": 0 },
                "west": { "texture": "#base", "uv": [ 0, 0, 8, 8 ], "tintindex": 0 },
                "up": { "texture": "#base", "uv": [ 0, 0, 12, 8 ], "tintindex": 0 }
            }
        },
        {
            "from": [ -1, 6.1, -8 ], 
            "to": [ 2, 13, 0 ], 
            "faces": {
                "north": { "texture": "#base", "uv": [ 0, 0, 3, 6.9 ], "tintindex": 0 },
                "west": { "texture": "#base", "uv": [ 0, 0, 8, 6.9 ], "tintindex": 0 },
                "up": { "texture": "#base", "uv": [ 0, 0, 3, 8 ], "tintindex": 0 },
                "down": { "texture": "#base", "uv": [ 0, 0, 3, 8 ], "tintindex": 0 }
            }
        },
        {
            "from": [ 14, 6.1, -8 ], 
            "to": [ 17, 13, 0 ], 
            "faces": {
                "north": { "texture": "#base", "uv": [ 0, 0, 3, 6.9 ], "tintindex": 0 },
                "east": { "texture": "#base", "uv": [ 0, 0, 8, 6.9 ], "tintindex": 0 },
                "south": { "texture": "#base", "uv": [ 0, 0, 3, 6.9 ], "tintindex": 0 },
                "up": { "texture": "#base", "uv": [ 0, 0, 3, 8 ], "tintindex": 0 },
                "down": { "texture": "#base", "uv": [ 0, 0, 3, 8 ], "tintindex": 0 }
            }
        },
        {
            "from": [ -1, 5.1, -1 ], 
            "to": [ 0, 6.1, 0 ], 
            "faces": {
                "north": { "texture": "#base", "uv": [ 0, 0, 1, 2.1 ], "tintindex": 0 },
                "east": { "texture": "#base", "uv": [ 0, 0, 1.1, 2.1 ], "tintindex": 0 },
                "west": { "texture": "#base", "uv": [ 0, 0, 1.1, 2.1 ], "tintindex": 0 },
                "down": { "texture": "#base", "uv": [ 0, 0, 1, 1 ], "tintindex": 0 }
            }
        },
        {
            "from": [ 16, 5.1, -1 ], 
            "to": [ 17, 6.1, 0 ], 
            "faces": {
                "north": { "texture": "#base", "uv": [ 0, 0, 1, 2.1 ], "tintindex": 0 },
                "east": { "texture": "#base", "uv": [ 0, 0, 1.1, 2.1 ], "tintindex": 0 },
                "west": { "texture": "#base", "uv": [ 0, 0, 1.1, 2.1 ], "tintindex": 0 },
                "down": { "texture": "#base", "uv": [ 0, 0, 1, 1 ], "tintindex": 0 }
            }
        },
        {
            "from": [ -1, 4, 0 ], 
            "to": [ 15, 13, 1 ], 
            "faces": {
                "north": { "texture": "#base", "uv": [ 0, 0, 16, 9 ], "tintindex": 0 },
                "south": { "texture": "#frame", "uv": [ 0, 0, 16, 9 ] },
                "west": { "texture": "#base", "uv": [ 0, 0, 1, 9 ], "tintindex": 0 },
                "up": { "texture": "#base", "uv": [ 0, 0, 16, 1 ], "tintindex": 0 },
                "down": { "texture": "#base", "uv": [ 0, 0, 16, 1 ], "tintindex": 0 }
            }
        },
        {
            "from": [ 15, 4, 0 ], 
            "to": [ 17, 13, 1 ], 
            "faces": {
                "north": { "texture": "#base", "uv": [ 0, 0, 2, 9 ], "tintindex": 0 },
                "east": { "texture": "#base", "uv": [ 0, 0, 1, 9 ], "tintindex": 0 },
                "up": { "texture": "#base", "uv": [ 0, 0, 2, 1 ], "tintindex": 0 }
            }
        },
        {
            "from": [ -2, 4.2, 24 ], 
            "to": [ 14, 8.9, 25.5 ], 
            "rotation": { "origin": [ -2.0, 4.200000002980232, 25.50000000745058 ], "axis": "x", "angle": -45.0 },
            "faces": {
                "north": { "texture": "#frame", "uv": [ 0, 0, 16, 4.7 ] },
                "east": { "texture": "#frame", "uv": [ 0, 0, 1.5, 4.7 ] },
                "south": { "texture": "#frame", "uv": [ 0, 0, 16, 4.7 ] },
                "west": { "texture": "#frame", "uv": [ 0, 0, 1.5, 4.7 ] },
                "up": { "texture": "#frame", "uv": [ 0, 0, 16, 1.5 ] },
                "down": { "texture": "#frame", "uv": [ 0, 0, 16, 1.5 ] }
            }
        },
        {
            "from": [ -2, 3, 24 ], 
            "to": [ 14, 4.2, 25.5 ], 
            "faces": {
                "north": { "texture": "#frame", "uv": [ 0, 0, 16, 1.2 ] },
                "south": { "texture": "#frame", "uv": [ 0, 0, 16, 1.2 ] },
                "west": { "texture": "#frame", "uv": [ 0, 0, 1.5, 1.2 ] },
                "up": { "texture": "#frame", "uv": [ 0, 0, 16, 1.5 ] }
            }
        },
        {
            "from": [ -2, 2, -9.5 ], 
            "to": [ 14, 3, -8 ], 
            "faces": {
                "north": { "texture": "#frame", "uv": [ 0, 0, 16, 1 ] },
                "south": { "texture": "#frame", "uv": [ 0, 0, 16, 1 ] },
                "west": { "texture": "#frame", "uv": [ 0, 0, 1.5, 1 ] },
                "down": { "texture": "#frame", "uv": [ 0, 0, 16, 1.5 ] }
            }
        },
        {
            "from": [ 14, 2, -9.5 ], 
            "to": [ 18, 3, -8 ], 
            "faces": {
                "north": { "texture": "#frame", "uv": [ 0, 0, 4, 1 ] },
                "east": { "texture": "#frame", "uv": [ 0, 0, 1.5, 1 ] },
                "south": { "texture": "#frame", "uv": [ 0, 0, 4, 1 ] },
                "down": { "texture": "#frame", "uv": [ 0, 0, 4, 1.5 ] }
            }
        },
        {
            "from": [ 3, 3, 3 ], 
            "to": [ 13, 5, 10 ], 
            "faces": {
                "east": { "texture": "#seat", "uv": [ 0, 0, 7, 2 ] },
                "south": { "texture": "#seat", "uv": [ 0, 0, 10, 2 ] },
                "west": { "texture": "#seat", "uv": [ 0, 0, 7, 2 ] },
                "up": { "texture": "#seat", "uv": [ 0, 0, 10, 7 ] }
            }
        },
        {
            "from": [ 3, 3, 1 ], 
            "to": [ 13, 14, 3 ], 
            "faces": {
                "north": { "texture": "#seat", "uv": [ 0, 0, 10, 11 ] },
                "east": { "texture": "#seat", "uv": [ 0, 0, 2, 11 ] },
                "south": { "texture": "#seat", "uv": [ 0, 0, 10, 11 ] },
                "west": { "texture": "#seat", "uv": [ 0, 0, 2, 11 ] },
                "up": { "texture": "#seat", "uv": [ 0, 0, 10, 2 ] },
                "down": { "texture": "#seat", "uv": [ 0, 0, 10, 2 ] }
            }
        },
        {
            "from": [ -0.49, 13, -8 ], 
            "to": [ 1.5, 21.7, -5 ], 
            "rotation": { "origin": [ 8.0, 13.0, -8.0 ], "axis": "x", "angle": 22.5 },
            "faces": {
                "north": { "texture": "#frame", "uv": [ 0, 0, 1.99, 8.7 ] },
                "east": { "texture": "#frame", "uv": [ 0, 0, 3, 8.7 ] },
                "south": { "texture": "#frame", "uv": [ 0, 0, 1.99, 8.7 ] },
                "west": { "texture": "#frame", "uv": [ 0, 0, 3, 8.7 ] },
                "up": { "texture": "#frame", "uv": [ 0, 0, 1.99, 3 ] },
                "down": { "texture": "#frame", "uv": [ 0, 0, 1.99, 3 ] }
            }
        },
        {
            "from": [ 14.5, 13, -8 ], 
            "to": [ 16.49, 21.2, -5 ], 
            "rotation": { "origin": [ 8.0, 13.0, -8.0 ], "axis": "x", "angle": 22.5 },
            "faces": {
                "north": { "texture": "#frame", "uv": [ 0, 0, 1.99, 8.2 ] },
                "east": { "texture": "#frame", "uv": [ 0, 0, 3, 8.2 ] },
                "south": { "texture": "#frame", "uv": [ 0, 0, 1.99, 8.2 ] },
                "west": { "texture": "#frame", "uv": [ 0, 0, 3, 8.2 ] },
                "up": { "texture": "#frame", "uv": [ 0, 0, 1.99, 3 ] },
                "down": { "texture": "#frame", "uv": [ 0, 0, 1.99, 3 ] }
            }
        },
        {
            "from": [ -0.6, 20.2, -5.4 ], 
            "to": [ 13.6, 21.3, 10.6 ], 
            "faces": {
                "north": { "texture": "#base", "uv": [ 0, 0, 14.2, 1.1 ], "tintindex": 0 },
                "south": { "texture": "#base", "uv": [ 0, 0, 14.2, 1.1 ], "tintindex": 0 },
                "west": { "texture": "#base", "uv": [ 0, 0, 16, 1.1 ], "tintindex": 0 },
                "up": { "texture": "#base", "uv": [ 0, 0, 14.2, 16 ], "tintindex": 0 },
                "down": { "texture": "#base", "uv": [ 0, 0, 14.2, 16 ], "tintindex": 0 }
            }
        },
        {
            "from": [ 14.5, 13, -4.8 ], 
            "to": [ 16.5, 20.3, -1.8 ], 
            "faces": {
                "north": { "texture": "#frame", "uv": [ 0, 0, 3, 7.3 ] },
                "east": { "texture": "#frame", "uv": [ 0, 0, 5, 7.3 ] },
                "south": { "texture": "#frame", "uv": [ 0, 0, 3, 7.3 ] },
                "west": { "texture": "#frame", "uv": [ 0, 0, 5, 7.3 ] }
            }
        },
        {
            "from": [ 13.6, 20.2, -5.4 ], 
            "to": [ 16.6, 21.3, 10.6 ], 
            "faces": {
                "north": { "texture": "#base", "uv": [ 0, 0, 3, 1.1 ], "tintindex": 0 },
                "east": { "texture": "#base", "uv": [ 0, 0, 16, 1.1 ], "tintindex": 0 },
                "south": { "texture": "#base", "uv": [ 0, 0, 3, 1.1 ], "tintindex": 0 },
                "up": { "texture": "#base", "uv": [ 0, 0, 3, 16 ], "tintindex": 0 },
                "down": { "texture": "#base", "uv": [ 0, 0, 3, 16 ], "tintindex": 0 }
            }
        },
        {
            "from": [ 1, 2.7, 13.4 ], 
            "to": [ 15, 12.7, 15.4 ], 
            "rotation": { "origin": [ 8.0, 3.0, 14.0 ], "axis": "x", "angle": 22.5 },
            "faces": {
                "north": { "texture": "#frame", "uv": [ 0, 1, 14, 11 ] },
                "east": { "texture": "#base", "uv": [ 0, 0, 2, 10 ], "tintindex": 0 },
                "south": { "texture": "#base", "uv": [ 0, 0, 14, 10 ], "tintindex": 0 },
                "west": { "texture": "#base", "uv": [ 0, 0, 2, 10 ], "tintindex": 0 },
                "up": { "texture": "#base", "uv": [ 0, 0, 14, 2 ], "tintindex": 0 },
                "down": { "texture": "#base", "uv": [ 0, 0, 14, 2 ], "tintindex": 0 }
            }
        },
        {
            "from": [ 1.5, 14, -7.9 ], 
            "to": [ 14.5, 20, -7.1 ], 
            "rotation": { "origin": [ 8.0, 13.0, -8.0 ], "axis": "x", "angle": 22.5 },
            "faces": {
                "north": { "texture": "#windshield", "uv": [ 1, 4, 15, 11 ] },
                "east": { "texture": "#windshield", "uv": [ 0, 0, 0.8, 6 ] },
                "south": { "texture": "#windshield", "uv": [ 1, 4, 15, 11 ] },
                "west": { "texture": "#windshield", "uv": [ 0, 0, 0.8, 6 ] },
                "up": { "texture": "#windshield", "uv": [ 0, 0, 13, 0.8 ] },
                "down": { "texture": "#windshield", "uv": [ 0, 0, 13, 0.8 ] }
            }
        },
        {
            "from": [ 1.5, 20, -8 ], 
            "to": [ 14.5, 21, -7 ], 
            "rotation": { "origin": [ 8.0, 13.0, -8.0 ], "axis": "x", "angle": 22.5 },
            "faces": {
                "north": { "texture": "#frame", "uv": [ 0, 0, 13, 1 ] },
                "east": { "texture": "#frame", "uv": [ 0, 0, 1, 1 ] },
                "south": { "texture": "#frame", "uv": [ 0, 0, 13, 1 ] },
                "west": { "texture": "#frame", "uv": [ 0, 0, 1, 1 ] },
                "up": { "texture": "#frame", "uv": [ 0, 0, 13, 1 ] },
                "down": { "texture": "#frame", "uv": [ 0, 0, 13, 1 ] }
            }
        },
        {
            "from": [ 3, 2.5, 24.3 ], 
            "to": [ 13, 4, 26.2 ], 
            "faces": {
                "north": { "texture": "#base", "uv": [ 0, 0, 10, 1.5 ], "tintindex": 0 },
                "east": { "texture": "#base", "uv": [ 0, 0, 1.9, 1.5 ], "tintindex": 0 },
                "south": { "texture": "#base", "uv": [ 0, 0, 10, 1.5 ], "tintindex": 0 },
                "west": { "texture": "#base", "uv": [ 0, 0, 1.9, 1.5 ], "tintindex": 0 },
                "up": { "texture": "#base", "uv": [ 0, 0, 10, 1.9 ], "tintindex": 0 }
            }
        },
        {
            "from": [ -1, 6.1, 17 ], 
            "to": [ 15, 13, 20.2 ], 
            "faces": {
                "north": { "texture": "#base", "uv": [ 0, 0, 16, 6.9 ], "tintindex": 0 },
                "south": { "texture": "#base", "uv": [ 0, 0, 16, 6.9 ], "tintindex": 0 },
                "west": { "texture": "#base", "uv": [ 0, 0, 3.2, 6.9 ], "tintindex": 0 },
                "up": { "texture": "#base", "uv": [ 0, 0, 16, 3.2 ], "tintindex": 0 },
                "down": { "texture": "#base", "uv": [ 0, 0, 16, 3.2 ], "tintindex": 0 }
            }
        },
        {
            "from": [ -2, 1, 24 ], 
            "to": [ 14, 3, 26.7 ], 
            "faces": {
                "north": { "texture": "#frame", "uv": [ 0, 0, 16, 2 ] },
                "south": { "texture": "#frame", "uv": [ 0, 0, 16, 2 ] },
                "west": { "texture": "#frame", "uv": [ 0, 0, 2.7, 2 ] },
                "up": { "texture": "#frame", "uv": [ 0, 0, 16, 2.7 ] },
                "down": { "texture": "#frame", "uv": [ 0, 0, 16, 2.7 ] }
            }
        },
        {
            "from": [ 14, 6.7, -3.3 ], 
            "to": [ 18, 8, -1.4 ], 
            "rotation": { "origin": [ -2.0, 8.000000014901161, -3.299999989569187 ], "axis": "x", "angle": 22.5 },
            "faces": {
                "north": { "texture": "#frame", "uv": [ 0, 0, 4, 1.3 ] },
                "east": { "texture": "#frame", "uv": [ 0, 0, 2.6, 1 ] },
                "south": { "texture": "#frame", "uv": [ 0, 0, 4, 1.3 ] },
                "west": { "texture": "#frame", "uv": [ 0, 0, 2.6, 1 ] },
                "up": { "texture": "#frame", "uv": [ 0, 0, 16, 2.6 ] },
                "down": { "texture": "#frame", "uv": [ 0, 0, 16, 2.6 ] }
            }
        },
        {
            "from": [ 14, 3.8, 0 ], 
            "to": [ 18, 8.1, 1.5 ], 
            "rotation": { "origin": [ 8.0, 4.0, 1.0 ], "axis": "x", "angle": -45.0 },
            "faces": {
                "north": { "texture": "#frame", "uv": [ 0, 0, 4, 4.3 ] },
                "east": { "texture": "#frame", "uv": [ 0, 0, 1.5, 4.3 ] },
                "south": { "texture": "#frame", "uv": [ 0, 0, 4, 4.3 ] },
                "west": { "texture": "#frame", "uv": [ 0, 0, 1.5, 4.3 ] },
                "up": { "texture": "#frame", "uv": [ 0, 0, 4, 1.5 ] },
                "down": { "texture": "#frame", "uv": [ 0, 0, 4, 1.5 ] }
            }
        },
        {
            "from": [ 14, 1, 0 ], 
            "to": [ 18, 4.2, 1.5 ], 
            "faces": {
                "north": { "texture": "#frame", "uv": [ 0, 0, 4, 3.2 ] },
                "east": { "texture": "#frame", "uv": [ 0, 0, 1.5, 3.2 ] },
                "south": { "texture": "#frame", "uv": [ 0, 0, 4, 3.2 ] },
                "up": { "texture": "#frame", "uv": [ 0, 0, 4, 1.5 ] },
                "down": { "texture": "#frame", "uv": [ 0, 0, 4, 1.5 ] }
            }
        },
        {
            "from": [ 14, 1, 1.5 ], 
            "to": [ 18, 3, 14.5 ], 
            "faces": {
                "east": { "texture": "#frame", "uv": [ 0, 0, 13, 2 ] },
                "up": { "texture": "#frame", "uv": [ 0, 0, 4, 13 ] },
                "down": { "texture": "#frame", "uv": [ 0, 0, 4, 13 ] }
            }
        },
        {
            "from": [ 14, 1, 14.5 ], 
            "to": [ 18, 4.2, 16 ], 
            "faces": {
                "north": { "texture": "#frame", "uv": [ 0, 0, 4, 3.2 ] },
                "east": { "texture": "#frame", "uv": [ 0, 0, 1.5, 3.2 ] },
                "south": { "texture": "#frame", "uv": [ 0, 0, 4, 3.2 ] },
                "up": { "texture": "#frame", "uv": [ 0, 0, 4, 1.5 ] },
                "down": { "texture": "#frame", "uv": [ 0, 0, 4, 1.5 ] }
            }
        },
        {
            "from": [ 14, 4.2, 14.5 ], 
            "to": [ 18, 8.9, 16 ], 
            "rotation": { "origin": [ -2.0, 4.200000002980232, 14.50000000745058 ], "axis": "x", "angle": 45.0 },
            "faces": {
                "north": { "texture": "#frame", "uv": [ 0, 0, 16, 4.2 ] },
                "east": { "texture": "#frame", "uv": [ 0, 0, 1.5, 4.7 ] },
                "south": { "texture": "#frame", "uv": [ 0, 0, 4, 4.7 ] },
                "west": { "texture": "#frame", "uv": [ 0, 0, 1.5, 4.7 ] },
                "up": { "texture": "#frame", "uv": [ 0, 0, 4, 1.5 ] },
                "down": { "texture": "#frame", "uv": [ 0, 0, 4, 1.5 ] }
            }
        },
        {
            "from": [ 14, 6, 17.8 ], 
            "to": [ 18, 7.5, 22.2 ], 
            "faces": {
                "north": { "texture": "#frame", "uv": [ 0, 0, 4, 1.5 ] },
                "east": { "texture": "#frame", "uv": [ 0, 0, 4.4, 1.5 ] },
                "south": { "texture": "#frame", "uv": [ 0, 0, 4, 1.5 ] },
                "up": { "texture": "#frame", "uv": [ 0, 0, 4, 4.4 ] },
                "down": { "texture": "#frame", "uv": [ 0, 0, 4, 4.4 ] }
            }
        },
        {
            "from": [ 14, 4.2, 24 ], 
            "to": [ 18, 8.9, 25.5 ], 
            "rotation": { "origin": [ -2.0, 4.200000002980232, 25.50000000745058 ], "axis": "x", "angle": -45.0 },
            "faces": {
                "north": { "texture": "#frame", "uv": [ 0, 0, 4, 4.7 ] },
                "east": { "texture": "#frame", "uv": [ 0, 0, 1.5, 4.7 ] },
                "south": { "texture": "#frame", "uv": [ 0, 0, 4, 4.7 ] },
                "west": { "texture": "#frame", "uv": [ 0, 0, 1.5, 4.7 ] },
                "up": { "texture": "#frame", "uv": [ 0, 0, 4, 1.5 ] },
                "down": { "texture": "#frame", "uv": [ 0, 0, 4, 1.5 ] }
            }
        },
        {
            "from": [ 14, 3, 24 ], 
            "to": [ 18, 4.2, 25.5 ], 
            "faces": {
                "north": { "texture": "#frame", "uv": [ 0, 0, 4, 1.2 ] },
                "east": { "texture": "#frame", "uv": [ 0, 0, 1.5, 1.2 ] },
                "south": { "texture": "#frame", "uv": [ 0, 0, 4, 1.2 ] },
                "up": { "texture": "#frame", "uv": [ 0, 0, 4, 1.5 ] }
            }
        },
        {
            "from": [ 14, 1, 24 ], 
            "to": [ 18, 3, 26.7 ], 
            "faces": {
                "north": { "texture": "#frame", "uv": [ 0, 0, 4, 2 ] },
                "east": { "texture": "#frame", "uv": [ 0, 0, 2.7, 2 ] },
                "south": { "texture": "#frame", "uv": [ 0, 0, 4, 2 ] },
                "up": { "texture": "#frame", "uv": [ 0, 0, 4, 2.7 ] },
                "down": { "texture": "#frame", "uv": [ 0, 0, 4, 2.7 ] }
            }
        },
        {
            "from": [ 14, 2.5, 24.3 ], 
            "to": [ 17, 7, 26.2 ], 
            "faces": {
                "north": { "texture": "#base", "uv": [ 0, 0, 3, 4.5 ], "tintindex": 0 },
                "east": { "texture": "#base", "uv": [ 0, 0, 1.9, 4.5 ], "tintindex": 0 },
                "south": { "texture": "#base", "uv": [ 0, 0, 3, 4.5 ], "tintindex": 0 },
                "west": { "texture": "#base", "uv": [ 0, 0, 1.9, 4.5 ], "tintindex": 0 },
                "up": { "texture": "#base", "uv": [ 0, 0, 3, 1.9 ], "tintindex": 0 }
            }
        },
        {
            "from": [ 14, 7, 22.3 ], 
            "to": [ 17, 15.5, 26.2 ], 
            "rotation": { "origin": [ 16.0, 7.0, 26.200000002980232 ], "axis": "x", "angle": -45.0 },
            "faces": {
                "north": { "texture": "#base", "uv": [ 0, 0, 3, 8.5 ], "tintindex": 0 },
                "east": { "texture": "#base", "uv": [ 0, 0, 3.9, 8.5 ], "tintindex": 0 },
                "south": { "texture": "#base", "uv": [ 0, 0, 3, 8.5 ], "tintindex": 0 },
                "west": { "texture": "#base", "uv": [ 0, 0, 3.9, 8.5 ], "tintindex": 0 },
                "up": { "texture": "#base", "uv": [ 0, 0, 3, 3.9 ], "tintindex": 0 },
                "down": { "texture": "#base", "uv": [ 0, 0, 3, 3.9 ], "tintindex": 0 }
            }
        },
        {
            "from": [ -1, 7, 22.3 ], 
            "to": [ 2, 15.5, 26.2 ], 
            "rotation": { "origin": [ 16.0, 7.0, 26.200000002980232 ], "axis": "x", "angle": -45.0 },
            "faces": {
                "north": { "texture": "#base", "uv": [ 0, 0, 3, 8.5 ], "tintindex": 0 },
                "east": { "texture": "#base", "uv": [ 0, 0, 3.9, 8.5 ], "tintindex": 0 },
                "south": { "texture": "#base", "uv": [ 0, 0, 3, 8.5 ], "tintindex": 0 },
                "west": { "texture": "#base", "uv": [ 0, 0, 3.9, 8.5 ], "tintindex": 0 },
                "up": { "texture": "#base", "uv": [ 0, 0, 3, 3.9 ], "tintindex": 0 },
                "down": { "texture": "#base", "uv": [ 0, 0, 3, 3.9 ], "tintindex": 0 }
            }
        },
        {
            "from": [ 15, 6.1, 17 ], 
            "to": [ 17, 13, 20.2 ], 
            "faces": {
                "east": { "texture": "#base", "uv": [ 0, 0, 3.2, 6.9 ], "tintindex": 0 },
                "south": { "texture": "#base", "uv": [ 0, 0, 2, 6.9 ], "tintindex": 0 },
                "up": { "texture": "#base", "uv": [ 0, 0, 2, 3.2 ], "tintindex": 0 },
                "down": { "texture": "#base", "uv": [ 0, 0, 2, 3.2 ], "tintindex": 0 }
            }
        },
        {
            "from": [ 1, 1, -4.7 ], 
            "to": [ 15, 2.4, -3.3 ], 
            "faces": {
                "north": { "texture": "#axel", "uv": [ 0, 0, 14, 1 ] },
                "east": { "texture": "#axel", "uv": [ 0, 0, 1, 1 ] },
                "south": { "texture": "#axel", "uv": [ 0, 0, 14, 1 ] },
                "west": { "texture": "#axel", "uv": [ 0, 0, 1, 1 ] },
                "up": { "texture": "#axel", "uv": [ 0, 0, 14, 1 ] },
                "down": { "texture": "#axel", "uv": [ 0, 0, 14, 1 ] }
            }
        },
        {
            "from": [ 1, 1, 19.3 ], 
            "to": [ 15, 2.4, 20.7 ], 
            "faces": {
                "north": { "texture": "#axel", "uv": [ 0, 0, 14, 1 ] },
                "east": { "texture": "#axel", "uv": [ 0, 0, 1, 1 ] },
                "south": { "texture": "#axel", "uv": [ 0, 0, 14, 1 ] },
                "west": { "texture": "#axel", "uv": [ 0, 0, 1, 1 ] },
                "up": { "texture": "#axel", "uv": [ 0, 0, 14, 1 ] },
                "down": { "texture": "#axel", "uv": [ 0, 0, 14, 1 ] }
            }
        },
        {
            "from": [ -0.5, 19.8, 9.5 ], 
            "to": [ 1, 21.3, 21.5 ], 
            "rotation": { "origin": [ 0.0, 21.299999989569187, 9.50000000745058 ], "axis": "x", "angle": 45.0 },
            "faces": {
                "north": { "texture": "#frame", "uv": [ 0, 0, 1.5, 1.5 ] },
                "east": { "texture": "#frame", "uv": [ 0, 0, 12, 1.5 ] },
                "south": { "texture": "#frame", "uv": [ 0, 0, 1.5, 1.5 ] },
                "west": { "texture": "#frame", "uv": [ 0, 0, 12, 1.5 ] },
                "up": { "texture": "#frame", "uv": [ 0, 0, 1.5, 12 ] },
                "down": { "texture": "#frame", "uv": [ 0, 0, 1.5, 12 ] }
            }
        },
        {
            "from": [ 15, 19.8, 9.5 ], 
            "to": [ 16.5, 21.3, 21.5 ], 
            "rotation": { "origin": [ 0.0, 21.299999989569187, 9.50000000745058 ], "axis": "x", "angle": 45.0 },
            "faces": {
                "north": { "texture": "#frame", "uv": [ 0, 0, 1.5, 1.5 ] },
                "east": { "texture": "#frame", "uv": [ 0, 0, 12, 1.5 ] },
                "south": { "texture": "#frame", "uv": [ 0, 0, 1.5, 1.5 ] },
                "west": { "texture": "#frame", "uv": [ 0, 0, 12, 1.5 ] },
                "up": { "texture": "#frame", "uv": [ 0, 0, 1.5, 12 ] },
                "down": { "texture": "#frame", "uv": [ 0, 0, 1.5, 12 ] }
            }
        },
        {
            "from": [ 1, 19.9, 11.5 ], 
            "to": [ 15, 21.2, 19.5 ], 
            "rotation": { "origin": [ 0.0, 21.299999989569187, 9.50000000745058 ], "axis": "x", "angle": 45.0 },
            "faces": {
                "north": { "texture": "#windshield", "uv": [ 0, 0, 14, 1.3 ] },
                "east": { "texture": "#windshield", "uv": [ 0, 0, 8, 1.3 ] },
                "south": { "texture": "#windshield", "uv": [ 0, 0, 14, 1.3 ] },
                "west": { "texture": "#windshield", "uv": [ 0, 0, 8, 1.3 ] },
                "up": { "texture": "#windshield", "uv": [ 1, 2, 15, 10 ] },
                "down": { "texture": "#windshield", "uv": [ 1, 2, 15, 10 ] }
            }
        },
        {
            "from": [ 1, 19.8, 9.5 ], 
            "to": [ 15, 21.3, 11.5 ], 
            "rotation": { "origin": [ 0.0, 21.299999989569187, 9.50000000745058 ], "axis": "x", "angle": 45.0 },
            "faces": {
                "north": { "texture": "#frame", "uv": [ 0, 0, 14, 1.5 ] },
                "east": { "texture": "#frame", "uv": [ 0, 0, 2, 1.5 ] },
                "south": { "texture": "#frame", "uv": [ 0, 0, 14, 1.5 ] },
                "west": { "texture": "#frame", "uv": [ 0, 0, 2, 1.5 ] },
                "up": { "texture": "#frame", "uv": [ 1, 1, 15, 3 ] },
                "down": { "texture": "#frame", "uv": [ 1, 1, 15, 3 ] }
            }
        },
        {
            "from": [ 2, 5.8, 24.3 ], 
            "to": [ 14, 7, 26.2 ], 
            "faces": {
                "north": { "texture": "#base", "uv": [ 0, 0, 12, 1.2 ], "tintindex": 0 },
                "south": { "texture": "#base", "uv": [ 0, 0, 12, 1.2 ], "tintindex": 0 },
                "up": { "texture": "#base", "uv": [ 0, 0, 12, 1.9 ], "tintindex": 0 },
                "down": { "texture": "#base", "uv": [ 0, 0, 12, 1.9 ], "tintindex": 0 }
            }
        },
        {
            "from": [ -1, 2.5, 24.3 ], 
            "to": [ 2, 7, 26.2 ], 
            "faces": {
                "north": { "texture": "#base", "uv": [ 0, 0, 3, 4.5 ], "tintindex": 0 },
                "east": { "texture": "#base", "uv": [ 0, 0, 1.9, 4.5 ], "tintindex": 0 },
                "south": { "texture": "#base", "uv": [ 0, 0, 3, 4.5 ], "tintindex": 0 },
                "west": { "texture": "#base", "uv": [ 0, 0, 1.9, 4.5 ], "tintindex": 0 },
                "up": { "texture": "#base", "uv": [ 0, 0, 3, 1.9 ], "tintindex": 0 }
            }
        },
        {
            "from": [ 3, 4, 23.7 ], 
            "to": [ 13, 5.8, 25.7 ], 
            "faces": {
                "south": { "texture": "#grill", "uv": [ 0.5, 0.5, 15, 3 ] }
            }
        },
        {
            "from": [ -0.5, 9, 21 ], 
            "to": [ 2, 11.5, 24 ], 
            "faces": {
                "north": { "texture": "#frame", "uv": [ 0, 0, 2.5, 2.5 ] },
                "east": { "texture": "#frame", "uv": [ 0, 0, 3, 2.5 ] },
                "south": { "texture": "#frame", "uv": [ 0, 0, 2.5, 2.5 ] },
                "west": { "texture": "#frame", "uv": [ 0, 0, 3, 2.5 ] },
                "up": { "texture": "#frame", "uv": [ 0, 0, 2.5, 3 ] },
                "down": { "texture": "#frame", "uv": [ 0, 0, 2.5, 3 ] }
            }
        },
        {
            "from": [ 14, 9, 21 ], 
            "to": [ 16.5, 11.5, 24 ], 
            "faces": {
                "north": { "texture": "#frame", "uv": [ 0, 0, 2.5, 2.5 ] },
                "east": { "texture": "#frame", "uv": [ 0, 0, 3, 2.5 ] },
                "south": { "texture": "#frame", "uv": [ 0, 0, 2.5, 2.5 ] },
                "west": { "texture": "#frame", "uv": [ 0, 0, 3, 2.5 ] },
                "up": { "texture": "#frame", "uv": [ 0, 0, 2.5, 3 ] },
                "down": { "texture": "#frame", "uv": [ 0, 0, 2.5, 3 ] }
            }
        },
        {
            "from": [ -0.5, 9, 24 ], 
            "to": [ 2, 11.5, 24.5 ], 
            "faces": {
                "east": { "texture": "#headlights", "uv": [ 0, 0, 0.5, 2.5 ] },
                "south": { "texture": "#headlights", "uv": [ 1, 1, 3.5, 3.5 ] },
                "west": { "texture": "#headlights", "uv": [ 0, 0, 0.5, 2.5 ] },
                "up": { "texture": "#headlights", "uv": [ 0, 0, 2.5, 0.5 ] },
                "down": { "texture": "#headlights", "uv": [ 0, 0, 2.5, 0.5 ] }
            }
        },
        {
            "from": [ 14, 9, 24 ], 
            "to": [ 16.5, 11.5, 24.5 ], 
            "faces": {
                "east": { "texture": "#headlights", "uv": [ 0, 0, 0.5, 2.5 ] },
                "south": { "texture": "#headlights", "uv": [ 1, 1, 3.5, 3.5 ] },
                "west": { "texture": "#headlights", "uv": [ 0, 0, 0.5, 2.5 ] },
                "up": { "texture": "#headlights", "uv": [ 0, 0, 2.5, 0.5 ] },
                "down": { "texture": "#headlights", "uv": [ 0, 0, 2.5, 0.5 ] }
            }
        },
        {
            "from": [ 4, 9.6, 24.3 ], 
            "to": [ 8, 10.6, 26.3 ], 
            "rotation": { "origin": [ 8.0, 7.000000014901161, 26.200000002980232 ], "axis": "x", "angle": -22.5 },
            "faces": {
                "south": { "texture": "#logo", "uv": [ 0, 0, 14, 4 ] }
            }
        },
        {
            "from": [ 8.5, 9.6, 24.3 ], 
            "to": [ 12.5, 10.6, 26.3 ], 
            "rotation": { "origin": [ 8.0, 7.000000014901161, 26.200000002980232 ], "axis": "x", "angle": -22.5 },
            "faces": {
                "south": { "texture": "#logo", "uv": [ 0, 4, 14, 8 ] }
            }
        },
        {
            "from": [ 7.5, 9, 12.9 ], 
            "to": [ 8.5, 10, 16.9 ], 
            "rotation": { "origin": [ 8.0, 9.0, 17.0 ], "axis": "x", "angle": 22.5 },
            "faces": {
                "north": { "texture": "#steering_wheel_shaft", "uv": [ 0, 0, 1, 1 ] },
                "east": { "texture": "#steering_wheel_shaft", "uv": [ 0, 0, 4, 1 ] },
                "south": { "texture": "#steering_wheel_shaft", "uv": [ 0, 0, 1, 1 ] },
                "west": { "texture": "#steering_wheel_shaft", "uv": [ 0, 0, 4, 1 ] },
                "up": { "texture": "#steering_wheel_shaft", "uv": [ 0, 0, 1, 4 ] },
                "down": { "texture": "#steering_wheel_shaft", "uv": [ 0, 0, 1, 4 ] }
            }
        },
        {
            "from": [ -1, 4.6, 15.9 ], 
            "to": [ 1, 13, 17 ], 
            "faces": {
                "east": { "texture": "#frame", "uv": [ 0, 0, 1, 8.4 ] },
                "south": { "texture": "#base", "uv": [ 0, 0, 2, 8.4 ], "tintindex": 0 },
                "west": { "texture": "#base", "uv": [ 0, 0, 1, 8.4 ], "tintindex": 0 },
                "up": { "texture": "#base", "uv": [ 0, 0, 2, 1.1 ], "tintindex": 0 },
                "down": { "texture": "#base", "uv": [ 0, 0, 2, 1.1 ], "tintindex": 0 }
            }
        },
        {
            "from": [ 15, 4.6, 15.9 ], 
            "to": [ 17, 13, 17 ], 
            "faces": {
                "east": { "texture": "#base", "uv": [ 0, 0, 1, 8.4 ], "tintindex": 0 },
                "south": { "texture": "#base", "uv": [ 0, 0, 2, 8.4 ], "tintindex": 0 },
                "west": { "texture": "#frame", "uv": [ 0, 0, 1, 8.4 ] },
                "up": { "texture": "#base", "uv": [ 0, 0, 1, 1.1 ], "tintindex": 0 },
                "down": { "texture": "#base", "uv": [ 0, 0, 2, 1.1 ], "tintindex": 0 }
            }
        },
        {
            "from": [ 2, 5, -9.5 ], 
            "to": [ 14, 7.2, -8 ], 
            "rotation": { "origin": [ 8.0, 5.0, -9.50000000745058 ], "axis": "x", "angle": 45.0 },
            "faces": {
                "north": { "texture": "#frame", "uv": [ 0, 0, 12, 2 ] },
                "east": { "texture": "#frame", "uv": [ 0, 0, 1.5, 2.2 ] },
                "south": { "texture": "#frame", "uv": [ 0, 0, 12, 2.2 ] },
                "west": { "texture": "#frame", "uv": [ 0, 0, 1.5, 2.2 ] },
                "up": { "texture": "#frame", "uv": [ 0, 0, 12, 1.5 ] },
                "down": { "texture": "#frame", "uv": [ 0, 0, 12, 1.5 ] }
            }
        },
        {
            "from": [ 0, 10.5, -8.5 ], 
            "to": [ 1.5, 12, -7.5 ], 
            "faces": {
                "north": { "texture": "#frame", "uv": [ 0, 0, 1.5, 1.5 ] },
                "east": { "texture": "#frame", "uv": [ 0, 0, 1, 1.5 ] },
                "west": { "texture": "#frame", "uv": [ 0, 0, 1, 1.5 ] },
                "up": { "texture": "#frame", "uv": [ 0, 0, 1.5, 1 ] },
                "down": { "texture": "#frame", "uv": [ 0, 0, 1.5, 1 ] }
            }
        },
        {
            "from": [ 0, 8.5, -8.5 ], 
            "to": [ 1.5, 10, -7.5 ], 
            "faces": {
                "north": { "texture": "#frame", "uv": [ 0, 0, 1.5, 1.5 ] },
                "east": { "texture": "#frame", "uv": [ 0, 0, 1, 1.5 ] },
                "west": { "texture": "#frame", "uv": [ 0, 0, 1, 1.5 ] },
                "up": { "texture": "#frame", "uv": [ 0, 0, 1.5, 1 ] },
                "down": { "texture": "#frame", "uv": [ 0, 0, 1.5, 1 ] }
            }
        },
        {
            "from": [ 14.5, 8.5, -8.5 ], 
            "to": [ 16, 10, -7.5 ], 
            "faces": {
                "north": { "texture": "#frame", "uv": [ 0, 0, 1.5, 1.5 ] },
                "east": { "texture": "#frame", "uv": [ 0, 0, 1, 1.5 ] },
                "west": { "texture": "#frame", "uv": [ 0, 0, 1, 1.5 ] },
                "up": { "texture": "#frame", "uv": [ 0, 0, 1.5, 1 ] },
                "down": { "texture": "#frame", "uv": [ 0, 0, 1.5, 1 ] }
            }
        },
        {
            "from": [ 14.5, 10.5, -8.5 ], 
            "to": [ 16, 12, -7.5 ], 
            "faces": {
                "north": { "texture": "#frame", "uv": [ 0, 0, 1.5, 1.5 ] },
                "east": { "texture": "#frame", "uv": [ 0, 0, 1, 1.5 ] },
                "west": { "texture": "#frame", "uv": [ 0, 0, 1, 1.5 ] },
                "up": { "texture": "#frame", "uv": [ 0, 0, 1.5, 1 ] },
                "down": { "texture": "#frame", "uv": [ 0, 0, 1.5, 1 ] }
            }
        },
        {
            "from": [ 0, 10.5, -9 ], 
            "to": [ 1.5, 12, -8.5 ], 
            "faces": {
                "north": { "texture": "#brake_light", "uv": [ 2, 1, 3.5, 2.5 ] },
                "east": { "texture": "#brake_light", "uv": [ 0, 0, 0.5, 1.5 ] },
                "west": { "texture": "#brake_light", "uv": [ 0, 0, 0.5, 1.5 ] },
                "up": { "texture": "#brake_light", "uv": [ 0, 0, 1.5, 0.5 ] },
                "down": { "texture": "#brake_light", "uv": [ 0, 0, 1.5, 0.5 ] }
            }
        },
        {
            "from": [ 14.5, 10.5, -9 ], 
            "to": [ 16, 12, -8.5 ], 
            "faces": {
                "north": { "texture": "#brake_light", "uv": [ 2, 1, 3.5, 2.5 ] },
                "east": { "texture": "#brake_light", "uv": [ 0, 0, 0.5, 1.5 ] },
                "west": { "texture": "#brake_light", "uv": [ 0, 0, 0.5, 1.5 ] },
                "up": { "texture": "#brake_light", "uv": [ 0, 0, 1.5, 0.5 ] },
                "down": { "texture": "#brake_light", "uv": [ 0, 0, 1.5, 0.5 ] }
            }
        },
        {
            "from": [ 0, 8.5, -9 ], 
            "to": [ 1.5, 10, -8.5 ], 
            "faces": {
                "north": { "texture": "#indicator_light", "uv": [ 2, 1, 3.5, 2.5 ] },
                "east": { "texture": "#indicator_light", "uv": [ 0, 0, 0.5, 1.5 ] },
                "west": { "texture": "#indicator_light", "uv": [ 0, 0, 0.5, 1.5 ] },
                "up": { "texture": "#indicator_light", "uv": [ 0, 0, 1.5, 0.5 ] },
                "down": { "texture": "#indicator_light", "uv": [ 0, 0, 1.5, 0.5 ] }
            }
        },
        {
            "from": [ 14.5, 8.5, -9 ], 
            "to": [ 16, 10, -8.5 ], 
            "faces": {
                "north": { "texture": "#indicator_light", "uv": [ 2, 1, 3.5, 2.5 ] },
                "east": { "texture": "#indicator_light", "uv": [ 0, 0, 0.5, 1.5 ] },
                "west": { "texture": "#indicator_light", "uv": [ 0, 0, 0.5, 1.5 ] },
                "up": { "texture": "#indicator_light", "uv": [ 0, 0, 1.5, 0.5 ] },
                "down": { "texture": "#indicator_light", "uv": [ 0, 0, 1.5, 0.5 ] }
            }
        },
        {
            "from": [ 8, 11, -8.1 ], 
            "to": [ 12, 12, -7.1 ], 
            "faces": {
                "north": { "texture": "#logo", "uv": [ 0, 0, 14, 4 ] }
            }
        },
        {
            "from": [ 3.6, 11, -8.1 ], 
            "to": [ 7.6, 12, -7.1 ], 
            "faces": {
                "north": { "texture": "#logo", "uv": [ 0, 4, 14, 8 ] }
            }
        },
        {
            "from": [ 2, 7, 24.2 ], 
            "to": [ 14, 11.6, 26.2 ], 
            "rotation": { "origin": [ 8.0, 7.0, 26.19999998807907 ], "axis": "x", "angle": -22.5 },
            "faces": {
                "north": { "texture": "#base", "uv": [ 0, 0, 12, 4.6 ], "tintindex": 0 },
                "east": { "texture": "#base", "uv": [ 0, 0, 2, 4.6 ], "tintindex": 0 },
                "south": { "texture": "#base", "uv": [ 0, 0, 12, 4.6 ], "tintindex": 0 },
                "west": { "texture": "#base", "uv": [ 0, 0, 2, 4.6 ], "tintindex": 0 },
                "up": { "texture": "#base", "uv": [ 0, 0, 12, 2 ], "tintindex": 0 },
                "down": { "texture": "#base", "uv": [ 0, 0, 12, 2 ], "tintindex": 0 }
            }
        },
        {
            "from": [ 2, 3, 24.3 ], 
            "to": [ 3, 5.8, 26.2 ], 
            "faces": {
                "north": { "texture": "#base", "uv": [ 0, 0, 1, 2.8 ], "tintindex": 0 },
                "east": { "texture": "#base", "uv": [ 0, 0, 1.9, 2.8 ], "tintindex": 0 },
                "south": { "texture": "#base", "uv": [ 0, 0, 1, 2.8 ], "tintindex": 0 }
            }
        },
        {
            "from": [ 13, 3, 24.3 ], 
            "to": [ 14, 5.8, 26.2 ], 
            "faces": {
                "north": { "texture": "#base", "uv": [ 0, 0, 1, 2.8 ], "tintindex": 0 },
                "south": { "texture": "#base", "uv": [ 0, 0, 1, 2.8 ], "tintindex": 0 },
                "west": { "texture": "#base", "uv": [ 0, 0, 1.9, 2.8 ], "tintindex": 0 }
            }
        },
        {
            "from": [ -1, 5.2, 23.3 ], 
            "to": [ 0, 6.2, 24.3 ], 
            "faces": {
                "north": { "texture": "#base", "uv": [ 0, 0, 1, 1 ], "tintindex": 0 },
                "east": { "texture": "#base", "uv": [ 0, 0, 1, 1 ], "tintindex": 0 },
                "west": { "texture": "#base", "uv": [ 0, 0, 1, 1 ], "tintindex": 0 },
                "up": { "texture": "#base", "uv": [ 0, 0, 1, 1 ], "tintindex": 0 },
                "down": { "texture": "#base", "uv": [ 0, 0, 1, 1 ], "tintindex": 0 }
            }
        },
        {
            "from": [ 16, 5.2, 23.3 ], 
            "to": [ 17, 6.2, 24.3 ], 
            "faces": {
                "north": { "texture": "#base", "uv": [ 0, 0, 1, 1 ], "tintindex": 0 },
                "east": { "texture": "#base", "uv": [ 0, 0, 1, 1 ], "tintindex": 0 },
                "west": { "texture": "#base", "uv": [ 0, 0, 1, 1 ], "tintindex": 0 },
                "up": { "texture": "#base", "uv": [ 0, 0, 1, 1 ], "tintindex": 0 },
                "down": { "texture": "#base", "uv": [ 0, 0, 1, 1 ], "tintindex": 0 }
            }
        },
        {
            "from": [ 1.5, 13, -8 ], 
            "to": [ 14.5, 14, -7 ], 
            "rotation": { "origin": [ 8.0, 13.0, -8.0 ], "axis": "x", "angle": 22.5 },
            "faces": {
                "north": { "texture": "#frame", "uv": [ 0, 0, 13, 1 ] },
                "east": { "texture": "#frame", "uv": [ 0, 0, 1, 1 ] },
                "south": { "texture": "#frame", "uv": [ 0, 0, 13, 1 ] },
                "west": { "texture": "#frame", "uv": [ 0, 0, 1, 1 ] },
                "up": { "texture": "#frame", "uv": [ 0, 0, 13, 1 ] },
                "down": { "texture": "#frame", "uv": [ 0, 0, 13, 1 ] }
            }
        },
        {
            "from": [ 1, 19.8, 19.5 ], 
            "to": [ 15, 21.3, 21.5 ], 
            "rotation": { "origin": [ 0.0, 21.299999989569187, 9.50000000745058 ], "axis": "x", "angle": 45.0 },
            "faces": {
                "north": { "texture": "#frame", "uv": [ 0, 0, 14, 1.5 ] },
                "east": { "texture": "#frame", "uv": [ 0, 0, 2, 1.5 ] },
                "south": { "texture": "#frame", "uv": [ 0, 0, 14, 1.5 ] },
                "west": { "texture": "#frame", "uv": [ 0, 0, 2, 1.5 ] },
                "up": { "texture": "#frame", "uv": [ 1, 1, 15, 3 ] },
                "down": { "texture": "#frame", "uv": [ 1, 1, 15, 3 ] }
            }
        },
        {
            "from": [ -0.5, 13, -4.8 ], 
            "to": [ 1.5, 20.2, -1.8 ], 
            "faces": {
                "north": { "texture": "#frame", "uv": [ 0, 0, 2, 7.2 ] },
                "east": { "texture": "#frame", "uv": [ 0, 0, 3, 7.2 ] },
                "south": { "texture": "#frame", "uv": [ 0, 0, 2, 7.2 ] },
                "west": { "texture": "#frame", "uv": [ 0, 0, 3, 7.2 ] }
            }
        },
        {
            "from": [ -0.5, 13, 1 ], 
            "to": [ 0.5, 19.7, 2.5 ], 
            "faces": {
                "north": { "texture": "#frame", "uv": [ 0, 0, 1, 6.7 ] },
                "east": { "texture": "#frame", "uv": [ 0, 0, 1.5, 6.7 ] },
                "south": { "texture": "#frame", "uv": [ 0, 0, 1, 6.7 ] },
                "west": { "texture": "#frame", "uv": [ 0, 0, 1.5, 6.7 ] }
            }
        },
        {
            "from": [ -0.5, 19.7, -1.8 ], 
            "to": [ 0.5, 20.2, 9.7 ], 
            "faces": {
                "east": { "texture": "#frame", "uv": [ 0, 0, 11.5, 0.5 ] },
                "south": { "texture": "#frame", "uv": [ 0, 0, 1, 0.5 ] },
                "west": { "texture": "#frame", "uv": [ 0, 0, 11.5, 0.5 ] },
                "down": { "texture": "#frame", "uv": [ 0, 0, 1, 11.5 ] }
            }
        },
        {
            "from": [ 15.5, 13, 1 ], 
            "to": [ 16.5, 19.7, 2.5 ], 
            "faces": {
                "north": { "texture": "#frame", "uv": [ 0, 0, 1, 6.7 ] },
                "east": { "texture": "#frame", "uv": [ 0, 0, 1.5, 6.7 ] },
                "south": { "texture": "#frame", "uv": [ 0, 0, 1, 6.7 ] },
                "west": { "texture": "#frame", "uv": [ 0, 0, 1.5, 6.7 ] }
            }
        },
        {
            "from": [ -0.4, 13.5, -1.9 ], 
            "to": [ 0.4, 19.7, 1 ], 
            "faces": {
                "east": { "texture": "#windshield", "uv": [ 1, 1, 3.9, 7.2 ] },
                "west": { "texture": "#windshield", "uv": [ 1, 1, 3.9, 7.2 ] },
                "up": { "texture": "#windshield", "uv": [ 1, 1, 1.8, 3.9 ] },
                "down": { "texture": "#windshield", "uv": [ 1, 1, 1.8, 3.9 ] }
            }
        },
        {
            "from": [ -0.5, 13, -1.8 ], 
            "to": [ 0.5, 13.5, 1 ], 
            "faces": {
                "east": { "texture": "#frame", "uv": [ 0, 0, 2.8, 0.5 ] },
                "south": { "texture": "#frame", "uv": [ 0, 0, 1, 0.5 ] },
                "west": { "texture": "#frame", "uv": [ 0, 0, 2.8, 0.5 ] },
                "up": { "texture": "#frame", "uv": [ 0, 0, 1, 2.8 ] },
                "down": { "texture": "#frame", "uv": [ 0, 0, 1, 2.8 ] }
            }
        },
        {
            "from": [ 15.5, 13, -1.8 ], 
            "to": [ 16.5, 13.5, 1 ], 
            "faces": {
                "east": { "texture": "#frame", "uv": [ 0, 0, 2.8, 0.5 ] },
                "south": { "texture": "#frame", "uv": [ 0, 0, 1, 0.5 ] },
                "west": { "texture": "#frame", "uv": [ 0, 0, 2.8, 0.5 ] },
                "up": { "texture": "#frame", "uv": [ 0, 0, 1, 2.8 ] },
                "down": { "texture": "#frame", "uv": [ 0, 0, 1, 2.8 ] }
            }
        },
        {
            "from": [ 15.6, 13.5, -1.9 ], 
            "to": [ 16.4, 19.7, 1 ], 
            "faces": {
                "east": { "texture": "#windshield", "uv": [ 1, 1, 3.9, 7.2 ] },
                "west": { "texture": "#windshield", "uv": [ 3, 3, 5.9, 9.2 ] },
                "up": { "texture": "#windshield", "uv": [ 1, 1, 1.8, 3.9 ] },
                "down": { "texture": "#windshield", "uv": [ 1, 1, 1.8, 3.9 ] }
            }
        },
        {
            "from": [ 15.5, 19.7, -1.8 ], 
            "to": [ 16.5, 20.2, 9.7 ], 
            "faces": {
                "east": { "texture": "#frame", "uv": [ 0, 0, 11.5, 0.5 ] },
                "south": { "texture": "#frame", "uv": [ 0, 0, 1, 0.5 ] },
                "west": { "texture": "#frame", "uv": [ 0, 0, 11.5, 0.5 ] },
                "down": { "texture": "#frame", "uv": [ 0, 0, 1, 11.5 ] }
            }
        },
        {
            "from": [ 2, 11, 20.2 ], 
            "to": [ 14, 13, 24.8 ], 
            "rotation": { "origin": [ 8.0, 13.0, 20.19999998807907 ], "axis": "x", "angle": 22.5 },
            "faces": {
                "north": { "texture": "#base", "uv": [ 0, 0, 12, 2 ], "tintindex": 0 },
                "east": { "texture": "#base", "uv": [ 0, 0, 4.6, 2 ], "tintindex": 0 },
                "south": { "texture": "#base", "uv": [ 0, 0, 12, 2 ], "tintindex": 0 },
                "west": { "texture": "#base", "uv": [ 0, 0, 4.6, 2 ], "tintindex": 0 },
                "up": { "texture": "#base", "uv": [ 0, 0, 12, 4.6 ], "tintindex": 0 },
                "down": { "texture": "#base", "uv": [ 0, 0, 12, 4.6 ], "tintindex": 0 }
            }
        }
    ]
}