{
    "__comment": "Model generated using MrCrayfish's Model Creator (https://mrcrayfish.com/tools?id=mc)",
    "textures": {
        "0": "minecraft:block/anvil",
        "1": "minecraft:block/light_gray_concrete"
    },
    "elements": [
        {
            "name": "Cube",
            "from": [ 6.50, 0.00, -5.00 ], 
            "to": [ 9.50, 3.00, 0.00 ], 
            "faces": {
                "north": { "texture": "#0", "uv": [ 0.00, 0.00, 3.00, 3.00 ] },
                "east": { "texture": "#0", "uv": [ 0.00, 0.00, 5.00, 3.00 ] },
                "west": { "texture": "#0", "uv": [ 0.00, 0.00, 5.00, 3.00 ] },
                "up": { "texture": "#0", "uv": [ 0.00, 0.00, 3.00, 5.00 ] },
                "down": { "texture": "#0", "uv": [ 0.00, 0.00, 3.00, 5.00 ] }
            }
        },
        {
            "name": "Cube",
            "from": [ 6.50, 3.00, -5.00 ], 
            "to": [ 9.50, 19.00, -2.00 ], 
            "faces": {
                "north": { "texture": "#0", "uv": [ 0.00, 0.00, 3.00, 16.00 ] },
                "east": { "texture": "#0", "uv": [ 0.00, 0.00, 3.00, 16.00 ] },
                "south": { "texture": "#0", "uv": [ 0.00, 0.00, 3.00, 16.00 ] },
                "west": { "texture": "#0", "uv": [ 0.00, 0.00, 3.00, 16.00 ] }
            }
        },
        {
            "name": "Cube",
            "from": [ 6.50, 19.00, -5.00 ], 
            "to": [ 9.50, 21.00, -2.00 ], 
            "faces": {
                "north": { "texture": "#1", "uv": [ 0.00, 0.00, 3.00, 2.00 ] },
                "east": { "texture": "#1", "uv": [ 0.00, 0.00, 3.00, 2.00 ] },
                "south": { "texture": "#1", "uv": [ 0.00, 0.00, 3.00, 2.00 ] },
                "west": { "texture": "#1", "uv": [ 0.00, 0.00, 3.00, 2.00 ] }
            }
        },
        {
            "name": "Cube",
            "from": [ 6.50, 25.80, 2.80 ], 
            "to": [ 9.50, 28.80, 9.60 ], 
            "faces": {
                "north": { "texture": "#1", "uv": [ 0.00, 0.00, 3.00, 3.00 ] },
                "east": { "texture": "#1", "uv": [ 0.00, 0.00, 6.80, 3.00 ] },
                "south": { "texture": "#1", "uv": [ 0.00, 0.00, 3.00, 3.00 ] },
                "west": { "texture": "#1", "uv": [ 0.00, 0.00, 6.80, 3.00 ] },
                "up": { "texture": "#1", "uv": [ 0.00, 0.00, 3.00, 6.80 ] },
                "down": { "texture": "#1", "uv": [ 0.00, 0.00, 3.00, 6.80 ] }
            }
        },
        {
            "name": "Cube",
            "from": [ 6.50, 21.00, -5.00 ], 
            "to": [ 9.50, 32.00, -2.00 ], 
            "rotation": { "origin": [ 8.0, 21.0, -5.0 ], "axis": "x", "angle": 45.0 },
            "faces": {
                "north": { "texture": "#1", "uv": [ 0.00, 0.00, 3.00, 11.00 ] },
                "east": { "texture": "#1", "uv": [ 0.00, 0.00, 3.00, 11.00 ] },
                "south": { "texture": "#1", "uv": [ 0.00, 0.00, 3.00, 11.00 ] },
                "west": { "texture": "#1", "uv": [ 0.00, 0.00, 3.00, 11.00 ] },
                "up": { "texture": "#1", "uv": [ 0.00, 0.00, 3.00, 3.00 ] }
            }
        },
        {
            "name": "Cube",
            "from": [ 7.00, 28.80, 7.00 ], 
            "to": [ 9.00, 31.80, 9.00 ], 
            "faces": {
                "north": { "texture": "#0", "uv": [ 0.00, 0.00, 2.00, 3.00 ] },
                "east": { "texture": "#0", "uv": [ 0.00, 0.00, 2.00, 3.00 ] },
                "south": { "texture": "#0", "uv": [ 0.00, 0.00, 2.00, 3.00 ] },
                "west": { "texture": "#0", "uv": [ 0.00, 0.00, 2.00, 3.00 ] },
                "up": { "texture": "#0", "uv": [ 0.00, 0.00, 2.00, 2.00 ] }
            }
        }
    ]
}