{
    "__comment": "Model generated using MrCrayfish's Model Creator (https://mrcrayfish.com/tools?id=mc)",
    "textures": {
        "0": "minecraft:block/anvil",
        "1": "minecraft:block/light_gray_concrete"
    },
    "display": {
        "gui": {
            "rotation": [ 30, 225, 0 ],
            "translation": [ 0, 0, 0 ],
            "scale": [ 0.625, 0.625, 0.625 ]
        },
        "ground": {
            "rotation": [ 0, 0, 0 ],
            "translation": [ 0, 3, 0 ],
            "scale": [ 0.25, 0.25, 0.25 ]
        },
        "fixed": {
            "rotation": [ 0, 0, 0 ],
            "translation": [ 0, 0, 0 ],
            "scale": [ 0.5, 0.5, 0.5 ]
        },
        "thirdperson_righthand": {
            "rotation": [ 75, 45, 0 ],
            "translation": [ 0, 2.5, 0 ],
            "scale": [ 0.375, 0.375, 0.375 ]
        },
        "thirdperson_lefthand": {
            "rotation": [ 75, 255, 0 ],
            "translation": [ 0, 2.5, 0 ],
            "scale": [ 0.375, 0.375, 0.375 ]
        },
        "firstperson_righthand": {
            "rotation": [ 0, 45, 0 ],
            "translation": [ 0, 2.5, 0 ],
            "scale": [ 0.4, 0.4, 0.4 ]
        },
        "firstperson_lefthand": {
            "rotation": [ 0, 225, 0 ],
            "translation": [ 0, 2.5, 0 ],
            "scale": [ 0.4, 0.4, 0.4 ]
        }
    },
    "elements": [
        {
            "name": "base_1",
            "from": [ -2.00, 0.00, -1.00 ], 
            "to": [ 1.00, 1.50, 15.00 ], 
            "faces": {
                "north": { "texture": "#0", "uv": [ 0.00, 0.00, 3.00, 1.50 ] },
                "east": { "texture": "#0", "uv": [ 0.00, 0.00, 16.00, 1.50 ] },
                "west": { "texture": "#0", "uv": [ 0.00, 0.00, 16.00, 1.50 ] },
                "up": { "texture": "#0", "uv": [ 0.00, 0.00, 3.00, 16.00 ] },
                "down": { "texture": "#0", "uv": [ 0.00, 0.00, 3.00, 16.00 ] }
            }
        },
        {
            "name": "arm_1",
            "from": [ -1.00, 1.50, 1.00 ], 
            "to": [ 0.50, 6.50, 2.50 ], 
            "rotation": { "origin": [ -1.0, 1.4999999925494194, 4.0 ], "axis": "z", "angle": -22.5 },
            "faces": {
                "north": { "texture": "#1", "uv": [ 0.00, 0.00, 1.50, 5.00 ] },
                "east": { "texture": "#1", "uv": [ 0.00, 0.00, 1.50, 5.00 ] },
                "south": { "texture": "#1", "uv": [ 0.00, 0.00, 1.50, 5.00 ] },
                "west": { "texture": "#1", "uv": [ 0.00, 0.00, 1.50, 5.00 ] }
            }
        },
        {
            "name": "arm_2",
            "from": [ -1.00, 1.50, 13.50 ], 
            "to": [ 0.50, 6.50, 15.00 ], 
            "rotation": { "origin": [ -1.0, 1.4999999925494194, 4.0 ], "axis": "z", "angle": -22.5 },
            "faces": {
                "north": { "texture": "#1", "uv": [ 0.00, 0.00, 1.50, 5.00 ] },
                "east": { "texture": "#1", "uv": [ 0.00, 0.00, 1.50, 5.00 ] },
                "south": { "texture": "#1", "uv": [ 0.00, 0.00, 1.50, 5.00 ] },
                "west": { "texture": "#1", "uv": [ 0.00, 0.00, 1.50, 5.00 ] }
            }
        },
        {
            "name": "base_2",
            "from": [ -2.00, 0.00, 15.00 ], 
            "to": [ 1.00, 1.50, 17.00 ], 
            "faces": {
                "east": { "texture": "#0", "uv": [ 11.00, 9.00, 14.00, 10.50 ] },
                "south": { "texture": "#0", "uv": [ 4.00, 14.00, 7.00, 15.50 ] },
                "west": { "texture": "#0", "uv": [ 2.00, 11.00, 4.00, 12.50 ] },
                "up": { "texture": "#0", "uv": [ 13.00, 14.00, 16.00, 16.00 ] },
                "down": { "texture": "#0", "uv": [ 0.00, 0.00, 3.00, 2.00 ] }
            }
        }
    ]
}