{
    "__comment": "Model generated using MrCrayfish's Model Creator (https://mrcrayfish.com/tools?id=mc)",
    "textures": {
        "seat": "minecraft:block/black_wool",
        "glass": "minecraft:block/glass",
        "steering_wheel_shaft": "minecraft:block/light_gray_concrete",
        "logo": "vehicle:model/cray_industries",
        "detail": "minecraft:block/anvil",
        "tint": "minecraft:block/white_concrete",
        "base": "minecraft:block/white_concrete"
    },
    "elements": [
        {
            "from": [ 0, -2, -10 ], 
            "to": [ 16, 4, 5 ], 
            "faces": {
                "north": { "texture": "#base", "uv": [ 0, 0, 16, 6 ] },
                "east": { "texture": "#base", "uv": [ 0, 0, 15, 6 ] },
                "west": { "texture": "#base", "uv": [ 0, 0, 15, 6 ] },
                "up": { "texture": "#base", "uv": [ 0, 0, 16, 15 ] },
                "down": { "texture": "#base", "uv": [ 0, 0, 16, 15 ] }
            }
        },
        {
            "from": [ -1, 6, -16 ], 
            "to": [ 15, 10, -9 ], 
            "faces": {
                "north": { "texture": "#tint", "uv": [ 0, 0, 16, 4 ], "tintindex": 0 },
                "south": { "texture": "#tint", "uv": [ 0, 0, 16, 4 ], "tintindex": 0 },
                "west": { "texture": "#tint", "uv": [ 0, 0, 7, 4 ], "tintindex": 0 },
                "up": { "texture": "#tint", "uv": [ 0, 0, 16, 7 ], "tintindex": 0 },
                "down": { "texture": "#tint", "uv": [ 0, 0, 16, 7 ], "tintindex": 0 }
            }
        },
        {
            "from": [ -4, 6, -13 ], 
            "to": [ -0.1, 10, 3 ], 
            "faces": {
                "north": { "texture": "#tint", "uv": [ 0, 0, 3.9, 4 ], "tintindex": 0 },
                "east": { "texture": "#tint", "uv": [ 0, 0, 16, 4 ], "tintindex": 0 },
                "west": { "texture": "#tint", "uv": [ 0, 0, 16, 4 ], "tintindex": 0 },
                "up": { "texture": "#tint", "uv": [ 0, 0, 3.9, 16 ], "tintindex": 0 },
                "down": { "texture": "#tint", "uv": [ 0, 0, 3.9, 16 ], "tintindex": 0 }
            }
        },
        {
            "from": [ 16.1, 6, -13 ], 
            "to": [ 20, 10, 3 ], 
            "faces": {
                "north": { "texture": "#tint", "uv": [ 0, 0, 3.9, 4 ], "tintindex": 0 },
                "east": { "texture": "#tint", "uv": [ 0, 0, 16, 4 ], "tintindex": 0 },
                "west": { "texture": "#tint", "uv": [ 0, 0, 16, 4 ], "tintindex": 0 },
                "up": { "texture": "#tint", "uv": [ 0, 0, 3.9, 16 ], "tintindex": 0 },
                "down": { "texture": "#tint", "uv": [ 0, 0, 3.9, 16 ], "tintindex": 0 }
            }
        },
        {
            "from": [ -4, 6, 3 ], 
            "to": [ -0.1, 10, 17 ], 
            "faces": {
                "east": { "texture": "#tint", "uv": [ 0, 0, 14, 4 ], "tintindex": 0 },
                "south": { "texture": "#tint", "uv": [ 0, 0, 3.9, 4 ], "tintindex": 0 },
                "west": { "texture": "#tint", "uv": [ 0, 0, 14, 4 ], "tintindex": 0 },
                "up": { "texture": "#tint", "uv": [ 0, 0, 3.9, 14 ], "tintindex": 0 },
                "down": { "texture": "#tint", "uv": [ 0, 0, 3.9, 14 ], "tintindex": 0 }
            }
        },
        {
            "from": [ 16.1, 6, 3 ], 
            "to": [ 20, 10, 17 ], 
            "faces": {
                "east": { "texture": "#tint", "uv": [ 0, 0, 14, 4 ], "tintindex": 0 },
                "south": { "texture": "#tint", "uv": [ 0, 0, 3.9, 4 ], "tintindex": 0 },
                "west": { "texture": "#tint", "uv": [ 0, 0, 14, 4 ], "tintindex": 0 },
                "up": { "texture": "#tint", "uv": [ 0, 0, 3.9, 14 ], "tintindex": 0 },
                "down": { "texture": "#tint", "uv": [ 0, 0, 3.9, 14 ], "tintindex": 0 }
            }
        },
        {
            "from": [ -3, -2, -10 ], 
            "to": [ 0, 6, 2 ], 
            "faces": {
                "north": { "texture": "#base", "uv": [ 0, 0, 3, 8 ] },
                "east": { "texture": "#base", "uv": [ 0, 0, 12, 8 ] },
                "west": { "texture": "#base", "uv": [ 0, 0, 12, 8 ] },
                "up": { "texture": "#base", "uv": [ 0, 0, 3, 12 ] },
                "down": { "texture": "#base", "uv": [ 0, 0, 3, 12 ] }
            }
        },
        {
            "from": [ 15, 6, -16 ], 
            "to": [ 17, 10, -9 ], 
            "faces": {
                "north": { "texture": "#tint", "uv": [ 0, 0, 2, 4 ], "tintindex": 0 },
                "east": { "texture": "#tint", "uv": [ 0, 0, 7, 4 ], "tintindex": 0 },
                "south": { "texture": "#tint", "uv": [ 0, 0, 2, 4 ], "tintindex": 0 },
                "up": { "texture": "#tint", "uv": [ 0, 0, 2, 7 ], "tintindex": 0 },
                "down": { "texture": "#tint", "uv": [ 0, 0, 2, 7 ], "tintindex": 0 }
            }
        },
        {
            "from": [ -3, -2, 2 ], 
            "to": [ 0, 6, 7 ], 
            "faces": {
                "east": { "texture": "#base", "uv": [ 0, 0, 5, 8 ] },
                "south": { "texture": "#base", "uv": [ 0, 0, 3, 8 ] },
                "west": { "texture": "#base", "uv": [ 0, 0, 5, 8 ] },
                "up": { "texture": "#base", "uv": [ 0, 0, 3, 5 ] },
                "down": { "texture": "#base", "uv": [ 0, 0, 3, 5 ] }
            }
        },
        {
            "from": [ 16, -2, -10 ], 
            "to": [ 19, 6, 2 ], 
            "faces": {
                "north": { "texture": "#base", "uv": [ 0, 0, 3, 8 ] },
                "east": { "texture": "#base", "uv": [ 0, 0, 12, 8 ] },
                "west": { "texture": "#base", "uv": [ 0, 0, 12, 8 ] },
                "up": { "texture": "#base", "uv": [ 0, 0, 3, 12 ] },
                "down": { "texture": "#base", "uv": [ 0, 0, 3, 12 ] }
            }
        },
        {
            "from": [ 16, -2, 2 ], 
            "to": [ 19, 6, 7 ], 
            "faces": {
                "east": { "texture": "#base", "uv": [ 0, 0, 5, 8 ] },
                "south": { "texture": "#base", "uv": [ 0, 0, 3, 8 ] },
                "west": { "texture": "#base", "uv": [ 0, 0, 5, 8 ] },
                "up": { "texture": "#base", "uv": [ 0, 0, 3, 5 ] },
                "down": { "texture": "#base", "uv": [ 0, 0, 3, 5 ] }
            }
        },
        {
            "from": [ -3, -2, -10 ], 
            "to": [ 13, 7, -7 ], 
            "rotation": { "origin": [ 8.0, -2.0, -10.0 ], "axis": "x", "angle": -22.5 },
            "faces": {
                "north": { "texture": "#base", "uv": [ 0, 0, 16, 9 ] },
                "east": { "texture": "#base", "uv": [ 0, 0, 3, 9 ] },
                "south": { "texture": "#base", "uv": [ 0, 0, 16, 9 ] },
                "west": { "texture": "#base", "uv": [ 0, 0, 3, 9 ] },
                "up": { "texture": "#base", "uv": [ 0, 0, 16, 3 ] },
                "down": { "texture": "#base", "uv": [ 0, 0, 16, 3 ] }
            }
        },
        {
            "from": [ 13, -2, -10 ], 
            "to": [ 19, 7, -7 ], 
            "rotation": { "origin": [ 8.0, -2.0, -10.0 ], "axis": "x", "angle": -22.5 },
            "faces": {
                "north": { "texture": "#base", "uv": [ 0, 0, 6, 9 ] },
                "east": { "texture": "#base", "uv": [ 0, 0, 3, 9 ] },
                "south": { "texture": "#base", "uv": [ 0, 0, 6, 9 ] },
                "west": { "texture": "#base", "uv": [ 0, 0, 3, 9 ] },
                "up": { "texture": "#base", "uv": [ 0, 0, 6, 3 ] },
                "down": { "texture": "#base", "uv": [ 0, 0, 6, 3 ] }
            }
        },
        {
            "from": [ 0, 4, -9 ], 
            "to": [ 16, 6, -8 ], 
            "faces": {
                "north": { "texture": "#base", "uv": [ 0, 0, 16, 2 ] },
                "south": { "texture": "#base", "uv": [ 0, 0, 16, 2 ] },
                "up": { "texture": "#base", "uv": [ 0, 0, 16, 1 ] }
            }
        },
        {
            "from": [ 0, -2, 5 ], 
            "to": [ 16, 4, 12 ], 
            "faces": {
                "east": { "texture": "#base", "uv": [ 0, 0, 7, 6 ] },
                "south": { "texture": "#base", "uv": [ 0, 0, 16, 6 ] },
                "west": { "texture": "#base", "uv": [ 0, 0, 7, 6 ] },
                "up": { "texture": "#base", "uv": [ 0, 0, 16, 7 ] },
                "down": { "texture": "#base", "uv": [ 0, 0, 16, 7 ] }
            }
        },
        {
            "from": [ 13, -2, 7 ], 
            "to": [ 19, 1.7, 15.1 ], 
            "rotation": { "origin": [ 8.0, -2.0, 7.0 ], "axis": "x", "angle": -22.5 },
            "faces": {
                "north": { "texture": "#base", "uv": [ 0, 0, 6, 3.7 ] },
                "east": { "texture": "#base", "uv": [ 0, 0, 8.1, 3.7 ] },
                "south": { "texture": "#base", "uv": [ 0, 0, 6, 3.7 ] },
                "west": { "texture": "#base", "uv": [ 0, 0, 8.1, 3.7 ] },
                "up": { "texture": "#base", "uv": [ 0, 0, 6, 8.1 ] },
                "down": { "texture": "#base", "uv": [ 0, 0, 6, 8.1 ] }
            }
        },
        {
            "from": [ 0, -2, 12 ], 
            "to": [ 16, 3.6, 24 ], 
            "rotation": { "origin": [ 8.0, -2.0, 12.0 ], "axis": "x", "angle": -22.5 },
            "faces": {
                "north": { "texture": "#base", "uv": [ 0, 0, 16, 5.6 ] },
                "east": { "texture": "#base", "uv": [ 0, 0, 12, 5.6 ] },
                "south": { "texture": "#base", "uv": [ 0, 0, 16, 5.6 ] },
                "west": { "texture": "#base", "uv": [ 0, 0, 12, 5.6 ] },
                "up": { "texture": "#base", "uv": [ 0, 0, 16, 12 ] },
                "down": { "texture": "#base", "uv": [ 0, 0, 16, 12 ] }
            }
        },
        {
            "from": [ -3, 1.7, 7 ], 
            "to": [ 0, 5.4, 17 ], 
            "rotation": { "origin": [ 8.0, -2.0, 7.0 ], "axis": "x", "angle": -22.5 },
            "faces": {
                "north": { "texture": "#base", "uv": [ 0, 0, 3, 3.7 ] },
                "east": { "texture": "#base", "uv": [ 0, 0, 10, 3.7 ] },
                "south": { "texture": "#base", "uv": [ 0, 0, 3, 3.7 ] },
                "west": { "texture": "#base", "uv": [ 0, 0, 10, 3.7 ] },
                "up": { "texture": "#base", "uv": [ 0, 0, 3, 10 ] },
                "down": { "texture": "#base", "uv": [ 0, 0, 3, 10 ] }
            }
        },
        {
            "from": [ 16, 1.7, 7 ], 
            "to": [ 19, 5.4, 16.4 ], 
            "rotation": { "origin": [ 8.0, -2.0, 7.0 ], "axis": "x", "angle": -22.5 },
            "faces": {
                "north": { "texture": "#base", "uv": [ 0, 0, 3, 3.7 ] },
                "east": { "texture": "#base", "uv": [ 0, 0, 9.4, 3.7 ] },
                "south": { "texture": "#base", "uv": [ 0, 0, 3, 3.7 ] },
                "west": { "texture": "#base", "uv": [ 0, 0, 9.4, 3.7 ] },
                "up": { "texture": "#base", "uv": [ 0, 0, 3, 9.4 ] },
                "down": { "texture": "#base", "uv": [ 0, 0, 3, 9.4 ] }
            }
        },
        {
            "from": [ 17, 6, 17 ], 
            "to": [ 20, 10, 29 ], 
            "rotation": { "origin": [ 20.0, 12.0, 17.0 ], "axis": "y", "angle": -22.5 },
            "faces": {
                "north": { "texture": "#tint", "uv": [ 0, 0, 3, 4 ], "tintindex": 0 },
                "east": { "texture": "#tint", "uv": [ 0, 0, 12, 4 ], "tintindex": 0 },
                "south": { "texture": "#tint", "uv": [ 0, 0, 3, 4 ], "tintindex": 0 },
                "west": { "texture": "#tint", "uv": [ 0, 0, 12, 4 ], "tintindex": 0 },
                "up": { "texture": "#tint", "uv": [ 0, 0, 3, 12 ], "tintindex": 0 },
                "down": { "texture": "#tint", "uv": [ 0, 0, 3, 12 ], "tintindex": 0 }
            }
        },
        {
            "from": [ 0, 2.6, 23 ], 
            "to": [ 16, 7.8, 28 ], 
            "rotation": { "origin": [ 8.0, 2.5999999940395355, 23.100000001490116 ], "axis": "x", "angle": -45.0 },
            "faces": {
                "north": { "texture": "#base", "uv": [ 0, 0, 16, 5.2 ] },
                "east": { "texture": "#base", "uv": [ 0, 0, 5, 5.2 ] },
                "south": { "texture": "#base", "uv": [ 0, 0, 16, 5.2 ] },
                "west": { "texture": "#base", "uv": [ 0, 0, 5, 5.2 ] },
                "up": { "texture": "#base", "uv": [ 0, 0, 16, 5 ] },
                "down": { "texture": "#base", "uv": [ 0, 0, 16, 5 ] }
            }
        },
        {
            "from": [ 13, 1.1, 14.5 ], 
            "to": [ 19, 5.1, 21.5 ], 
            "rotation": { "origin": [ 17.0, 1.099999986588955, 14.499999977648258 ], "axis": "x", "angle": -45.0 },
            "faces": {
                "north": { "texture": "#base", "uv": [ 0, 0, 6, 4 ] },
                "east": { "texture": "#base", "uv": [ 0, 0, 7, 4 ] },
                "south": { "texture": "#base", "uv": [ 0, 0, 6, 4 ] },
                "west": { "texture": "#base", "uv": [ 0, 0, 7, 4 ] },
                "up": { "texture": "#base", "uv": [ 0, 0, 6, 7 ] },
                "down": { "texture": "#base", "uv": [ 0, 0, 6, 7 ] }
            }
        },
        {
            "from": [ -3, -2, 7 ], 
            "to": [ 3, 1.7, 15.1 ], 
            "rotation": { "origin": [ 8.0, -2.0, 7.0 ], "axis": "x", "angle": -22.5 },
            "faces": {
                "north": { "texture": "#base", "uv": [ 0, 0, 6, 3.7 ] },
                "east": { "texture": "#base", "uv": [ 0, 0, 8.1, 3.7 ] },
                "south": { "texture": "#base", "uv": [ 0, 0, 6, 3.7 ] },
                "west": { "texture": "#base", "uv": [ 0, 0, 8.1, 3.7 ] },
                "up": { "texture": "#base", "uv": [ 0, 0, 6, 8.1 ] },
                "down": { "texture": "#base", "uv": [ 0, 0, 6, 8.1 ] }
            }
        },
        {
            "from": [ -3, 1.1, 14.5 ], 
            "to": [ 3, 5.1, 21.5 ], 
            "rotation": { "origin": [ 17.0, 1.099999986588955, 14.499999977648258 ], "axis": "x", "angle": -45.0 },
            "faces": {
                "north": { "texture": "#base", "uv": [ 0, 0, 6, 4 ] },
                "east": { "texture": "#base", "uv": [ 0, 0, 7, 4 ] },
                "south": { "texture": "#base", "uv": [ 0, 0, 6, 4 ] },
                "west": { "texture": "#base", "uv": [ 0, 0, 7, 4 ] },
                "up": { "texture": "#base", "uv": [ 0, 0, 6, 7 ] },
                "down": { "texture": "#base", "uv": [ 0, 0, 6, 7 ] }
            }
        },
        {
            "from": [ -4, 6, 17 ], 
            "to": [ -1, 10, 29 ], 
            "rotation": { "origin": [ -4.0, 12.0, 17.0 ], "axis": "y", "angle": 22.5 },
            "faces": {
                "north": { "texture": "#tint", "uv": [ 0, 0, 3, 4 ], "tintindex": 0 },
                "east": { "texture": "#tint", "uv": [ 0, 0, 12, 4 ], "tintindex": 0 },
                "south": { "texture": "#tint", "uv": [ 0, 0, 3, 4 ], "tintindex": 0 },
                "west": { "texture": "#tint", "uv": [ 0, 0, 12, 4 ], "tintindex": 0 },
                "up": { "texture": "#tint", "uv": [ 0, 0, 3, 12 ], "tintindex": 0 },
                "down": { "texture": "#tint", "uv": [ 0, 0, 3, 12 ], "tintindex": 0 }
            }
        },
        {
            "from": [ 0.6, 6, 22 ], 
            "to": [ 15.4, 10, 28.1 ], 
            "faces": {
                "north": { "texture": "#tint", "uv": [ 0, 0, 14.8, 4 ], "tintindex": 0 },
                "east": { "texture": "#tint", "uv": [ 0, 0, 6.1, 4 ], "tintindex": 0 },
                "south": { "texture": "#tint", "uv": [ 0, 0, 14.8, 4 ], "tintindex": 0 },
                "west": { "texture": "#tint", "uv": [ 0, 0, 6.1, 4 ], "tintindex": 0 },
                "up": { "texture": "#tint", "uv": [ 0, 0, 14.8, 6.1 ], "tintindex": 0 },
                "down": { "texture": "#tint", "uv": [ 0, 0, 14.8, 6.1 ], "tintindex": 0 }
            }
        },
        {
            "from": [ -1, 0, 10 ], 
            "to": [ 15, 10, 14 ], 
            "rotation": { "origin": [ 8.0, 10.0, 10.0 ], "axis": "x", "angle": 22.5 },
            "faces": {
                "north": { "texture": "#detail", "uv": [ 0, 0, 16, 10 ] },
                "east": { "texture": "#detail", "uv": [ 0, 0, 4, 10 ] },
                "south": { "texture": "#detail", "uv": [ 0, 0, 16, 10 ] },
                "west": { "texture": "#detail", "uv": [ 0, 0, 4, 10 ] },
                "up": { "texture": "#detail", "uv": [ 0, 0, 16, 4 ] },
                "down": { "texture": "#detail", "uv": [ 0, 0, 16, 4 ] }
            }
        },
        {
            "from": [ -1, 8, 10 ], 
            "to": [ 15, 10, 23 ], 
            "faces": {
                "north": { "texture": "#tint", "uv": [ 0, 0, 16, 2 ], "tintindex": 0 },
                "south": { "texture": "#tint", "uv": [ 0, 0, 16, 2 ], "tintindex": 0 },
                "west": { "texture": "#tint", "uv": [ 0, 0, 13, 2 ], "tintindex": 0 },
                "up": { "texture": "#tint", "uv": [ 0, 0, 16, 13 ], "tintindex": 0 },
                "down": { "texture": "#tint", "uv": [ 0, 0, 16, 13 ], "tintindex": 0 }
            }
        },
        {
            "from": [ 0.6, 6, 24 ], 
            "to": [ 5.7, 10, 28.1 ], 
            "rotation": { "origin": [ 0.6000000089406967, 8.0, 28.099999986588955 ], "axis": "y", "angle": -45.0 },
            "faces": {
                "north": { "texture": "#tint", "uv": [ 0, 0, 5.1, 4 ], "tintindex": 0 },
                "east": { "texture": "#tint", "uv": [ 0, 0, 4.1, 4 ], "tintindex": 0 },
                "south": { "texture": "#tint", "uv": [ 0, 0, 5.1, 4 ], "tintindex": 0 },
                "west": { "texture": "#tint", "uv": [ 0, 0, 4.1, 4 ], "tintindex": 0 },
                "up": { "texture": "#tint", "uv": [ 0, 0, 5.1, 4.1 ], "tintindex": 0 },
                "down": { "texture": "#tint", "uv": [ 0, 0, 5.1, 4.1 ], "tintindex": 0 }
            }
        },
        {
            "from": [ 10.3, 6, 24 ], 
            "to": [ 15.4, 10, 28.1 ], 
            "rotation": { "origin": [ 15.400000005960464, 8.0, 28.099999986588955 ], "axis": "y", "angle": 45.0 },
            "faces": {
                "north": { "texture": "#tint", "uv": [ 0, 0, 5.1, 4 ], "tintindex": 0 },
                "east": { "texture": "#tint", "uv": [ 0, 0, 4.1, 4 ], "tintindex": 0 },
                "south": { "texture": "#tint", "uv": [ 0, 0, 5.1, 4 ], "tintindex": 0 },
                "west": { "texture": "#tint", "uv": [ 0, 0, 4.1, 4 ], "tintindex": 0 },
                "up": { "texture": "#tint", "uv": [ 0, 0, 5.1, 4.1 ], "tintindex": 0 },
                "down": { "texture": "#tint", "uv": [ 0, 0, 5.1, 4.1 ], "tintindex": 0 }
            }
        },
        {
            "from": [ 4.2, 6, 28.1 ], 
            "to": [ 11.8, 10, 31.7 ], 
            "faces": {
                "east": { "texture": "#tint", "uv": [ 0, 0, 3.6, 4 ], "tintindex": 0 },
                "south": { "texture": "#tint", "uv": [ 0, 0, 7.6, 4 ], "tintindex": 0 },
                "west": { "texture": "#tint", "uv": [ 0, 0, 3.6, 4 ], "tintindex": 0 },
                "up": { "texture": "#tint", "uv": [ 0, 0, 7.6, 3.6 ], "tintindex": 0 },
                "down": { "texture": "#tint", "uv": [ 0, 0, 7.6, 3.6 ], "tintindex": 0 }
            }
        },
        {
            "from": [ 4, -1.6, 24 ], 
            "to": [ 12, 2.6, 32 ], 
            "rotation": { "origin": [ 8.0, -2.0, 12.0 ], "axis": "x", "angle": -22.5 },
            "faces": {
                "north": { "texture": "#base", "uv": [ 0, 0, 8, 4.2 ] },
                "east": { "texture": "#base", "uv": [ 0, 0, 8, 4.2 ] },
                "south": { "texture": "#base", "uv": [ 0, 0, 8, 4.2 ] },
                "west": { "texture": "#base", "uv": [ 0, 0, 8, 4.2 ] },
                "up": { "texture": "#base", "uv": [ 0, 0, 8, 8 ] },
                "down": { "texture": "#base", "uv": [ 0, 0, 8, 8 ] }
            }
        },
        {
            "from": [ -1, 6, -16 ], 
            "to": [ 2, 10, -11.8 ], 
            "rotation": { "origin": [ -1.0, 8.0, -16.0 ], "axis": "y", "angle": -45.0 },
            "faces": {
                "north": { "texture": "#tint", "uv": [ 0, 0, 3, 4 ], "tintindex": 0 },
                "east": { "texture": "#tint", "uv": [ 0, 0, 4.2, 4 ], "tintindex": 0 },
                "south": { "texture": "#tint", "uv": [ 0, 0, 3, 4 ], "tintindex": 0 },
                "west": { "texture": "#tint", "uv": [ 0, 0, 4.2, 4 ], "tintindex": 0 },
                "up": { "texture": "#tint", "uv": [ 0, 0, 3, 4.2 ], "tintindex": 0 },
                "down": { "texture": "#tint", "uv": [ 0, 0, 3, 4.2 ], "tintindex": 0 }
            }
        },
        {
            "from": [ 14, 6, -16 ], 
            "to": [ 17, 10, -11.8 ], 
            "rotation": { "origin": [ 17.0, 7.0, -16.0 ], "axis": "y", "angle": 45.0 },
            "faces": {
                "north": { "texture": "#tint", "uv": [ 0, 0, 3, 4 ], "tintindex": 0 },
                "east": { "texture": "#tint", "uv": [ 0, 0, 4.2, 4 ], "tintindex": 0 },
                "south": { "texture": "#tint", "uv": [ 0, 0, 3, 4 ], "tintindex": 0 },
                "west": { "texture": "#tint", "uv": [ 0, 0, 4.2, 4 ], "tintindex": 0 },
                "up": { "texture": "#tint", "uv": [ 0, 0, 3, 4.2 ], "tintindex": 0 },
                "down": { "texture": "#tint", "uv": [ 0, 0, 3, 4.2 ], "tintindex": 0 }
            }
        },
        {
            "from": [ -2, 10, 12 ], 
            "to": [ -1, 18, 13 ], 
            "rotation": { "origin": [ -2.0, 10.0, 13.0 ], "axis": "x", "angle": -22.5 },
            "faces": {
                "north": { "texture": "#detail", "uv": [ 0, 0, 1, 8 ] },
                "east": { "texture": "#detail", "uv": [ 0, 0, 1, 8 ] },
                "south": { "texture": "#detail", "uv": [ 0, 0, 1, 8 ] },
                "west": { "texture": "#detail", "uv": [ 0, 0, 1, 8 ] },
                "up": { "texture": "#detail", "uv": [ 0, 0, 1, 1 ] },
                "down": { "texture": "#detail", "uv": [ 0, 0, 1, 1 ] }
            }
        },
        {
            "from": [ 17, 10, 12 ], 
            "to": [ 18, 18, 13 ], 
            "rotation": { "origin": [ -2.0, 10.0, 13.0 ], "axis": "x", "angle": -22.5 },
            "faces": {
                "north": { "texture": "#detail", "uv": [ 0, 0, 1, 8 ] },
                "east": { "texture": "#detail", "uv": [ 0, 0, 1, 8 ] },
                "south": { "texture": "#detail", "uv": [ 0, 0, 1, 8 ] },
                "west": { "texture": "#detail", "uv": [ 0, 0, 1, 8 ] },
                "up": { "texture": "#detail", "uv": [ 0, 0, 1, 1 ] },
                "down": { "texture": "#detail", "uv": [ 0, 0, 1, 1 ] }
            }
        },
        {
            "from": [ -1, 11, 12 ], 
            "to": [ 13, 18, 13 ], 
            "rotation": { "origin": [ -2.0, 10.0, 13.0 ], "axis": "x", "angle": -22.5 },
            "faces": {
                "north": { "texture": "#glass", "uv": [ 1, 0, 15, 7 ] },
                "south": { "texture": "#glass", "uv": [ 1, 0, 15, 7 ] },
                "up": { "texture": "#glass", "uv": [ 0, 0, 14, 1 ] },
                "down": { "texture": "#glass", "uv": [ 0, 0, 14, 1 ] }
            }
        },
        {
            "from": [ 1, 4, -8 ], 
            "to": [ 15, 6, 2 ], 
            "faces": {
                "east": { "texture": "#seat", "uv": [ 0, 0, 10, 2 ] },
                "south": { "texture": "#seat", "uv": [ 0, 0, 14, 2 ] },
                "west": { "texture": "#seat", "uv": [ 0, 0, 10, 2 ] },
                "up": { "texture": "#seat", "uv": [ 0, 0, 14, 10 ] }
            }
        },
        {
            "from": [ 1, 6, -9 ], 
            "to": [ 15, 14, -6 ], 
            "faces": {
                "north": { "texture": "#seat", "uv": [ 0, 0, 14, 8 ] },
                "east": { "texture": "#seat", "uv": [ 0, 0, 3, 8 ] },
                "south": { "texture": "#seat", "uv": [ 0, 0, 14, 8 ] },
                "west": { "texture": "#seat", "uv": [ 0, 0, 3, 8 ] },
                "up": { "texture": "#seat", "uv": [ 0, 0, 14, 3 ] },
                "down": { "texture": "#seat", "uv": [ 0, 0, 14, 3 ] }
            }
        },
        {
            "from": [ 0, 0, -14 ], 
            "to": [ 4, 1, -10 ], 
            "faces": {
                "north": { "texture": "#detail", "uv": [ 0, 0, 4, 1 ] },
                "east": { "texture": "#detail", "uv": [ 0, 0, 4, 1 ] },
                "west": { "texture": "#detail", "uv": [ 0, 0, 4, 1 ] },
                "up": { "texture": "#detail", "uv": [ 0, 0, 4, 4 ] },
                "down": { "texture": "#detail", "uv": [ 0, 0, 4, 4 ] }
            }
        },
        {
            "from": [ 0, 3, -14 ], 
            "to": [ 4, 4, -10 ], 
            "faces": {
                "north": { "texture": "#detail", "uv": [ 0, 0, 4, 1 ] },
                "east": { "texture": "#detail", "uv": [ 0, 0, 4, 1 ] },
                "west": { "texture": "#detail", "uv": [ 0, 0, 4, 1 ] },
                "up": { "texture": "#detail", "uv": [ 0, 0, 4, 4 ] },
                "down": { "texture": "#detail", "uv": [ 0, 0, 4, 4 ] }
            }
        },
        {
            "from": [ 12, 3, -14 ], 
            "to": [ 16, 4, -10 ], 
            "faces": {
                "north": { "texture": "#detail", "uv": [ 0, 0, 4, 1 ] },
                "east": { "texture": "#detail", "uv": [ 0, 0, 4, 1 ] },
                "west": { "texture": "#detail", "uv": [ 0, 0, 4, 1 ] },
                "up": { "texture": "#detail", "uv": [ 0, 0, 4, 4 ] },
                "down": { "texture": "#detail", "uv": [ 0, 0, 4, 4 ] }
            }
        },
        {
            "from": [ 12, 0, -14 ], 
            "to": [ 16, 1, -10 ], 
            "faces": {
                "north": { "texture": "#detail", "uv": [ 0, 0, 4, 1 ] },
                "east": { "texture": "#detail", "uv": [ 0, 0, 4, 1 ] },
                "west": { "texture": "#detail", "uv": [ 0, 0, 4, 1 ] },
                "up": { "texture": "#detail", "uv": [ 0, 0, 4, 4 ] },
                "down": { "texture": "#detail", "uv": [ 0, 0, 4, 4 ] }
            }
        },
        {
            "from": [ 15, 1, -14 ], 
            "to": [ 16, 3, -11 ], 
            "faces": {
                "north": { "texture": "#detail", "uv": [ 0, 0, 1, 2 ] },
                "east": { "texture": "#detail", "uv": [ 0, 0, 3, 2 ] },
                "south": { "texture": "#detail", "uv": [ 0, 0, 1, 2 ] },
                "west": { "texture": "#detail", "uv": [ 0, 0, 3, 2 ] }
            }
        },
        {
            "from": [ 12, 1, -14 ], 
            "to": [ 13, 3, -10 ], 
            "faces": {
                "north": { "texture": "#detail", "uv": [ 0, 0, 1, 2 ] },
                "east": { "texture": "#detail", "uv": [ 0, 0, 4, 2 ] },
                "west": { "texture": "#detail", "uv": [ 0, 0, 4, 2 ] }
            }
        },
        {
            "from": [ 3, 1, -14 ], 
            "to": [ 4, 3, -10 ], 
            "faces": {
                "north": { "texture": "#detail", "uv": [ 0, 0, 1, 2 ] },
                "east": { "texture": "#detail", "uv": [ 0, 0, 4, 2 ] },
                "west": { "texture": "#detail", "uv": [ 0, 0, 4, 2 ] }
            }
        },
        {
            "from": [ 0, 1, -14 ], 
            "to": [ 1, 3, -10 ], 
            "faces": {
                "north": { "texture": "#detail", "uv": [ 0, 0, 1, 2 ] },
                "east": { "texture": "#detail", "uv": [ 0, 0, 4, 2 ] },
                "west": { "texture": "#detail", "uv": [ 0, 0, 4, 2 ] }
            }
        },
        {
            "from": [ 1, 1, -12.1 ], 
            "to": [ 3, 3, -11.1 ], 
            "faces": {
                "north": { "texture": "#seat", "uv": [ 0, 0, 2, 2 ] },
                "south": { "texture": "#seat", "uv": [ 0, 0, 2, 2 ] }
            }
        },
        {
            "from": [ 13, 1, -12.1 ], 
            "to": [ 15, 3, -11.1 ], 
            "faces": {
                "north": { "texture": "#seat", "uv": [ 0, 0, 2, 2 ] },
                "south": { "texture": "#seat", "uv": [ 0, 0, 2, 2 ] }
            }
        },
        {
            "from": [ 15, 8, 10 ], 
            "to": [ 17, 10, 23 ], 
            "faces": {
                "north": { "texture": "#tint", "uv": [ 0, 0, 2, 2 ], "tintindex": 0 },
                "east": { "texture": "#tint", "uv": [ 0, 0, 13, 2 ], "tintindex": 0 },
                "south": { "texture": "#tint", "uv": [ 0, 0, 2, 2 ], "tintindex": 0 },
                "up": { "texture": "#tint", "uv": [ 0, 0, 2, 13 ], "tintindex": 0 },
                "down": { "texture": "#tint", "uv": [ 0, 0, 2, 13 ], "tintindex": 0 }
            }
        },
        {
            "from": [ 15, 0, 10 ], 
            "to": [ 17, 10, 14 ], 
            "rotation": { "origin": [ 8.0, 10.0, 10.0 ], "axis": "x", "angle": 22.5 },
            "faces": {
                "north": { "texture": "#detail", "uv": [ 0, 0, 2, 10 ] },
                "east": { "texture": "#detail", "uv": [ 0, 0, 4, 10 ] },
                "south": { "texture": "#detail", "uv": [ 0, 0, 2, 10 ] },
                "west": { "texture": "#detail", "uv": [ 0, 0, 4, 10 ] },
                "up": { "texture": "#detail", "uv": [ 0, 0, 2, 4 ] },
                "down": { "texture": "#detail", "uv": [ 0, 0, 2, 4 ] }
            }
        },
        {
            "from": [ 7.5, 6, 8.5 ], 
            "to": [ 8.5, 12, 9.5 ], 
            "rotation": { "origin": [ 8.0, 8.0, 8.0 ], "axis": "x", "angle": -45.0 },
            "faces": {
                "north": { "texture": "#steering_wheel_shaft", "uv": [ 0, 0, 1, 6 ] },
                "east": { "texture": "#steering_wheel_shaft", "uv": [ 0, 0, 1, 6 ] },
                "south": { "texture": "#steering_wheel_shaft", "uv": [ 0, 0, 1, 6 ] },
                "west": { "texture": "#steering_wheel_shaft", "uv": [ 0, 0, 1, 6 ] },
                "up": { "texture": "#steering_wheel_shaft", "uv": [ 0, 0, 1, 1 ] },
                "down": { "texture": "#steering_wheel_shaft", "uv": [ 0, 0, 1, 1 ] }
            }
        },
        {
            "from": [ 7, 5, 8 ], 
            "to": [ 9, 11, 10 ], 
            "rotation": { "origin": [ 8.0, 8.0, 8.0 ], "axis": "x", "angle": -45.0 },
            "faces": {
                "north": { "texture": "#detail", "uv": [ 0, 0, 2, 6 ] },
                "east": { "texture": "#detail", "uv": [ 0, 0, 2, 6 ] },
                "south": { "texture": "#detail", "uv": [ 0, 0, 2, 6 ] },
                "west": { "texture": "#detail", "uv": [ 0, 0, 2, 6 ] },
                "up": { "texture": "#detail", "uv": [ 0, 0, 2, 2 ] },
                "down": { "texture": "#detail", "uv": [ 0, 0, 2, 2 ] }
            }
        },
        {
            "from": [ -1, 10, 12 ], 
            "to": [ 17, 11, 13 ], 
            "rotation": { "origin": [ -2.0, 10.0, 13.0 ], "axis": "x", "angle": -22.5 },
            "faces": {
                "north": { "texture": "#detail", "uv": [ 0, 0, 16, 1 ] },
                "east": { "texture": "#detail", "uv": [ 0, 0, 1, 1 ] },
                "south": { "texture": "#detail", "uv": [ 0, 0, 16, 1 ] },
                "west": { "texture": "#detail", "uv": [ 0, 0, 1, 1 ] },
                "up": { "texture": "#detail", "uv": [ 0, 0, 16, 1 ] },
                "down": { "texture": "#detail", "uv": [ 0, 0, 16, 1 ] }
            }
        },
        {
            "from": [ 3.5, 10, 16 ], 
            "to": [ 12.5, 12, 23 ], 
            "faces": {
                "north": { "texture": "#detail", "uv": [ 0, 0, 9, 2 ] },
                "east": { "texture": "#detail", "uv": [ 0, 0, 7, 2 ] },
                "south": { "texture": "#detail", "uv": [ 0, 0, 9, 2 ] },
                "west": { "texture": "#detail", "uv": [ 0, 0, 7, 2 ] },
                "up": { "texture": "#detail", "uv": [ 0, 0, 9, 7 ] }
            }
        },
        {
            "from": [ 3.6, 10, 23 ], 
            "to": [ 12.4, 12, 30 ], 
            "rotation": { "origin": [ 8.0, 12.0, 23.0 ], "axis": "x", "angle": 22.5 },
            "faces": {
                "north": { "texture": "#detail", "uv": [ 0, 0, 8.8, 2 ] },
                "east": { "texture": "#detail", "uv": [ 0, 0, 7, 2 ] },
                "south": { "texture": "#detail", "uv": [ 0, 0, 8.8, 2 ] },
                "west": { "texture": "#detail", "uv": [ 0, 0, 7, 2 ] },
                "up": { "texture": "#detail", "uv": [ 0, 0, 8.8, 7 ] },
                "down": { "texture": "#detail", "uv": [ 0, 0, 8.8, 7 ] }
            }
        },
        {
            "from": [ -3.1, 3, -9 ], 
            "to": [ -2.1, 5, -2 ], 
            "faces": {
                "west": { "texture": "#logo", "uv": [ 0, 0, 14, 4 ] }
            }
        },
        {
            "from": [ -3.1, 3, -1 ], 
            "to": [ -2.1, 5, 6 ], 
            "faces": {
                "west": { "texture": "#logo", "uv": [ 0, 4, 14, 8 ] }
            }
        },
        {
            "from": [ 18.1, 3, -1 ], 
            "to": [ 19.1, 5, 6 ], 
            "faces": {
                "east": { "texture": "#logo", "uv": [ 0, 0, 14, 4 ] }
            }
        },
        {
            "from": [ 18.1, 3, -9 ], 
            "to": [ 19.1, 5, -2 ], 
            "faces": {
                "east": { "texture": "#logo", "uv": [ 0, 4, 14, 8 ] }
            }
        },
        {
            "from": [ 17, 10, 6 ], 
            "to": [ 18, 18, 7 ], 
            "rotation": { "origin": [ -2.0, 10.0, 13.0 ], "axis": "x", "angle": -22.5 },
            "faces": {
                "north": { "texture": "#detail", "uv": [ 0, 0, 1, 8 ] },
                "east": { "texture": "#detail", "uv": [ 0, 0, 1, 8 ] },
                "south": { "texture": "#detail", "uv": [ 0, 0, 1, 8 ] },
                "west": { "texture": "#detail", "uv": [ 0, 0, 1, 8 ] },
                "up": { "texture": "#detail", "uv": [ 0, 0, 1, 1 ] },
                "down": { "texture": "#detail", "uv": [ 0, 0, 1, 1 ] }
            }
        },
        {
            "from": [ 17, 10, 7 ], 
            "to": [ 18, 18, 12 ], 
            "rotation": { "origin": [ -2.0, 10.0, 13.0 ], "axis": "x", "angle": -22.5 },
            "faces": {
                "east": { "texture": "#glass", "uv": [ 6, 0, 11, 8 ] },
                "west": { "texture": "#glass", "uv": [ 10, 0, 15, 8 ] },
                "up": { "texture": "#glass", "uv": [ 0, 0, 1, 5 ] }
            }
        },
        {
            "from": [ -2, 10, 7 ], 
            "to": [ -1, 18, 12 ], 
            "rotation": { "origin": [ -2.0, 10.0, 13.0 ], "axis": "x", "angle": -22.5 },
            "faces": {
                "east": { "texture": "#glass", "uv": [ 6, 0, 11, 8 ] },
                "west": { "texture": "#glass", "uv": [ 10, 0, 15, 8 ] },
                "up": { "texture": "#glass", "uv": [ 0, 0, 1, 5 ] }
            }
        },
        {
            "from": [ -2, 10, 6 ], 
            "to": [ -1, 18, 7 ], 
            "rotation": { "origin": [ -2.0, 10.0, 13.0 ], "axis": "x", "angle": -22.5 },
            "faces": {
                "north": { "texture": "#detail", "uv": [ 0, 0, 1, 8 ] },
                "east": { "texture": "#detail", "uv": [ 0, 0, 1, 8 ] },
                "south": { "texture": "#detail", "uv": [ 0, 0, 1, 8 ] },
                "west": { "texture": "#detail", "uv": [ 0, 0, 1, 8 ] },
                "up": { "texture": "#detail", "uv": [ 0, 0, 1, 1 ] },
                "down": { "texture": "#detail", "uv": [ 0, 0, 1, 1 ] }
            }
        },
        {
            "from": [ -2.1, 10, 6.1 ], 
            "to": [ -1.1, 11, 12.1 ], 
            "faces": {
                "north": { "texture": "#detail", "uv": [ 0, 0, 1, 1 ] },
                "east": { "texture": "#detail", "uv": [ 0, 0, 6, 1 ] },
                "south": { "texture": "#detail", "uv": [ 0, 0, 1, 1 ] },
                "west": { "texture": "#detail", "uv": [ 0, 0, 6, 1 ] },
                "up": { "texture": "#detail", "uv": [ 0, 0, 1, 6 ] }
            }
        },
        {
            "from": [ 17.1, 10, 6.1 ], 
            "to": [ 18.1, 11, 12.1 ], 
            "faces": {
                "north": { "texture": "#detail", "uv": [ 0, 0, 1, 1 ] },
                "east": { "texture": "#detail", "uv": [ 0, 0, 6, 1 ] },
                "south": { "texture": "#detail", "uv": [ 0, 0, 1, 1 ] },
                "west": { "texture": "#detail", "uv": [ 0, 0, 6, 1 ] },
                "up": { "texture": "#detail", "uv": [ 0, 0, 1, 6 ] }
            }
        },
        {
            "from": [ 13, 11, 12 ], 
            "to": [ 17, 18, 13 ], 
            "rotation": { "origin": [ -2.0, 10.0, 13.0 ], "axis": "x", "angle": -22.5 },
            "faces": {
                "north": { "texture": "#glass", "uv": [ 8, 0, 12, 7 ] },
                "south": { "texture": "#glass", "uv": [ 1, 0, 5, 7 ] },
                "up": { "texture": "#glass", "uv": [ 5, 0, 9, 1 ] },
                "down": { "texture": "#glass", "uv": [ 5, 0, 9, 1 ] }
            }
        }
    ]
}