{
    "__comment": "Model generated using MrCrayfish's Model Creator (https://mrcrayfish.com/tools?id=mc)",
    "textures": {
        "base": "minecraft:block/white_concrete"
    },
    "elements": [
        {
            "from": [ 6, 5, 4.3 ], 
            "to": [ 10, 7, 10.3 ], 
            "faces": {
                "north": { "texture": "#base", "uv": [ 0, 0, 4, 2 ], "tintindex": 0 },
                "east": { "texture": "#base", "uv": [ 0, 0, 6, 2 ], "tintindex": 0 },
                "south": { "texture": "#base", "uv": [ 0, 0, 4, 2 ], "tintindex": 0 },
                "west": { "texture": "#base", "uv": [ 0, 0, 6, 2 ], "tintindex": 0 },
                "up": { "texture": "#base", "uv": [ 0, 0, 4, 6 ], "tintindex": 0 },
                "down": { "texture": "#base", "uv": [ 0, 0, 4, 6 ], "tintindex": 0 }
            }
        },
        {
            "from": [ 6, 7, 6.7 ], 
            "to": [ 10, 8, 9.3 ], 
            "faces": {
                "north": { "texture": "#base", "uv": [ 0, 0, 4, 1 ], "tintindex": 0 },
                "east": { "texture": "#base", "uv": [ 0, 0, 2.6, 1 ], "tintindex": 0 },
                "south": { "texture": "#base", "uv": [ 0, 0, 4, 1 ], "tintindex": 0 },
                "west": { "texture": "#base", "uv": [ 0, 0, 2.6, 1 ], "tintindex": 0 },
                "up": { "texture": "#base", "uv": [ 0, 0, 4, 2.6 ], "tintindex": 0 }
            }
        },
        {
            "from": [ 6, 6, 3 ], 
            "to": [ 10, 7, 6.9 ], 
            "rotation": { "origin": [ 8.0, 7.0, 4.300000004470348 ], "axis": "x", "angle": -22.5 },
            "faces": {
                "north": { "texture": "#base", "uv": [ 0, 0, 4, 1 ], "tintindex": 0 },
                "east": { "texture": "#base", "uv": [ 0, 0, 3.9, 1 ], "tintindex": 0 },
                "south": { "texture": "#base", "uv": [ 0, 0, 4, 1 ], "tintindex": 0 },
                "west": { "texture": "#base", "uv": [ 0, 0, 3.9, 1 ], "tintindex": 0 },
                "up": { "texture": "#base", "uv": [ 0, 0, 4, 3.9 ], "tintindex": 0 },
                "down": { "texture": "#base", "uv": [ 0, 0, 4, 3.9 ], "tintindex": 0 }
            }
        },
        {
            "from": [ 6, 6, 8.9 ], 
            "to": [ 10, 7, 10.3 ], 
            "rotation": { "origin": [ 8.0, 7.0, 10.30000001937151 ], "axis": "x", "angle": 45.0 },
            "faces": {
                "north": { "texture": "#base", "uv": [ 0, 0, 4, 1 ], "tintindex": 0 },
                "east": { "texture": "#base", "uv": [ 0, 0, 1.4, 1 ], "tintindex": 0 },
                "south": { "texture": "#base", "uv": [ 0, 0, 4, 1 ], "tintindex": 0 },
                "west": { "texture": "#base", "uv": [ 0, 0, 1.4, 1 ], "tintindex": 0 },
                "up": { "texture": "#base", "uv": [ 0, 0, 4, 1.4 ], "tintindex": 0 },
                "down": { "texture": "#base", "uv": [ 0, 0, 4, 1.4 ], "tintindex": 0 }
            }
        },
        {
            "from": [ 6, 5, 3.1 ], 
            "to": [ 10, 6.5, 4.3 ], 
            "faces": {
                "north": { "texture": "#base", "uv": [ 0, 0, 4, 1.5 ], "tintindex": 0 },
                "east": { "texture": "#base", "uv": [ 0, 0, 1.2, 1.5 ], "tintindex": 0 },
                "west": { "texture": "#base", "uv": [ 0, 0, 1.2, 1.5 ], "tintindex": 0 },
                "up": { "texture": "#base", "uv": [ 0, 0, 4, 1.2 ], "tintindex": 0 },
                "down": { "texture": "#base", "uv": [ 0, 0, 4, 1.2 ], "tintindex": 0 }
            }
        }
    ]
}