{
    "__comment": "Model generated using MrCrayfish's Model Creator (https://mrcrayfish.com/tools?id=mc)",
    "textures": {
        "logo": "vehicle:model/cray_industries",
        "base": "minecraft:block/white_concrete"
    },
    "elements": [
        {
            "from": [ 0, 7, 2 ], 
            "to": [ 16, 8, 13 ], 
            "faces": {
                "north": { "texture": "#base", "uv": [ 0, 0, 16, 1 ] },
                "south": { "texture": "#base", "uv": [ 0, 0, 16, 1 ] },
                "west": { "texture": "#base", "uv": [ 0, 0, 11, 1 ] },
                "up": { "texture": "#base", "uv": [ 0, 0, 16, 11 ] },
                "down": { "texture": "#base", "uv": [ 0, 0, 16, 11 ] }
            }
        },
        {
            "from": [ 16, 7, 2 ], 
            "to": [ 31.9, 8, 13 ], 
            "faces": {
                "north": { "texture": "#base", "uv": [ 0, 0, 15.9, 1 ] },
                "east": { "texture": "#base", "uv": [ 0, 0, 11, 1 ] },
                "south": { "texture": "#base", "uv": [ 0, 0, 15.9, 1 ] },
                "up": { "texture": "#base", "uv": [ 0, 0, 15.9, 11 ] },
                "down": { "texture": "#base", "uv": [ 0, 0, 15.9, 11 ] }
            }
        },
        {
            "from": [ 0, 7.3, 13 ], 
            "to": [ 16, 8, 13.7 ], 
            "rotation": { "origin": [ 8.0, 8.0, 13.0 ], "axis": "x", "angle": 45.0 },
            "faces": {
                "north": { "texture": "#base", "uv": [ 0, 0, 16, 0.7 ] },
                "east": { "texture": "#base", "uv": [ 0, 0, 0.7, 0.7 ] },
                "south": { "texture": "#base", "uv": [ 0, 0, 16, 0.7 ] },
                "west": { "texture": "#base", "uv": [ 0, 0, 0.7, 0.7 ] },
                "up": { "texture": "#base", "uv": [ 0, 0, 16, 0.7 ] },
                "down": { "texture": "#base", "uv": [ 0, 0, 16, 0.7 ] }
            }
        },
        {
            "from": [ 16, 7.3, 13 ], 
            "to": [ 32, 8, 13.7 ], 
            "rotation": { "origin": [ 8.0, 8.0, 13.0 ], "axis": "x", "angle": 45.0 },
            "faces": {
                "north": { "texture": "#base", "uv": [ 0, 0, 16, 0.7 ] },
                "east": { "texture": "#base", "uv": [ 0, 0, 0.7, 0.7 ] },
                "south": { "texture": "#base", "uv": [ 0, 0, 16, 0.7 ] },
                "west": { "texture": "#base", "uv": [ 0, 0, 0.7, 0.7 ] },
                "up": { "texture": "#base", "uv": [ 0, 0, 16, 0.7 ] },
                "down": { "texture": "#base", "uv": [ 0, 0, 16, 0.7 ] }
            }
        },
        {
            "from": [ 0.1, 6.9, 10 ], 
            "to": [ 16.1, 8.1, 12 ], 
            "faces": {
                "north": { "texture": "#base", "uv": [ 0, 0, 16, 1.2 ], "tintindex": 0 },
                "south": { "texture": "#base", "uv": [ 0, 0, 16, 1.2 ], "tintindex": 0 },
                "west": { "texture": "#base", "uv": [ 0, 0, 2, 1.2 ], "tintindex": 0 },
                "up": { "texture": "#base", "uv": [ 0, 0, 16, 2 ], "tintindex": 0 },
                "down": { "texture": "#base", "uv": [ 0, 0, 16, 2 ], "tintindex": 0 }
            }
        },
        {
            "from": [ 16.1, 6.9, 10 ], 
            "to": [ 32, 8.1, 12 ], 
            "faces": {
                "north": { "texture": "#base", "uv": [ 0, 0, 16, 1.2 ], "tintindex": 0 },
                "east": { "texture": "#base", "uv": [ 0, 0, 2, 1.2 ], "tintindex": 0 },
                "south": { "texture": "#base", "uv": [ 0, 0, 16, 1.2 ], "tintindex": 0 },
                "up": { "texture": "#base", "uv": [ 0, 0, 15.9, 2 ], "tintindex": 0 },
                "down": { "texture": "#base", "uv": [ 0, 0, 15.9, 2 ], "tintindex": 0 }
            }
        },
        {
            "from": [ 25, 6.9, 7 ], 
            "to": [ 31, 8.1, 9 ], 
            "faces": {
                "up": { "texture": "#logo", "uv": [ 0, 0, 14, 4 ], "rotation": 180, "tintindex": 0 },
                "down": { "texture": "#logo", "uv": [ 0, 4, 14, 8 ], "tintindex": 0 }
            }
        },
        {
            "from": [ 18, 6.9, 7 ], 
            "to": [ 24, 8.1, 9 ], 
            "faces": {
                "up": { "texture": "#logo", "uv": [ 0, 4, 16, 8 ], "rotation": 180, "tintindex": 0 },
                "down": { "texture": "#logo", "uv": [ 0, 0, 14, 4 ], "tintindex": 0 }
            }
        }
    ]
}