{
    "__comment": "Model generated using MrCrayfish's Model Creator (https://mrcrayfish.com/tools?id=mc)",
    "textures": {
        "base": "minecraft:block/white_concrete"
    },
    "elements": [
        {
            "from": [ 7, 7, 8 ], 
            "to": [ 9, 9, 10 ], 
            "faces": {
                "north": { "texture": "#base", "uv": [ 0, 0, 2, 2 ], "tintindex": 0 },
                "east": { "texture": "#base", "uv": [ 0, 0, 2, 2 ], "tintindex": 0 },
                "south": { "texture": "#base", "uv": [ 0, 0, 2, 2 ], "tintindex": 0 },
                "west": { "texture": "#base", "uv": [ 0, 0, 2, 2 ], "tintindex": 0 },
                "up": { "texture": "#base", "uv": [ 0, 0, 2, 2 ], "tintindex": 0 },
                "down": { "texture": "#base", "uv": [ 0, 0, 2, 2 ], "tintindex": 0 }
            }
        },
        {
            "from": [ 9, 7.2, 8.8 ], 
            "to": [ 16, 8.8, 9.2 ], 
            "rotation": { "origin": [ 9.0, 8.0, 9.0 ], "axis": "x", "angle": 22.5 },
            "faces": {
                "north": { "texture": "#base", "uv": [ 1, 1, 8, 2.6 ] },
                "east": { "texture": "#base", "uv": [ 1, 1, 1.6, 3 ] },
                "south": { "texture": "#base", "uv": [ 0, 0, 7, 1.6 ] },
                "west": { "texture": "#base", "uv": [ 1, 1, 1.6, 3 ] },
                "up": { "texture": "#base", "uv": [ 1, 1, 7, 1.6 ] },
                "down": { "texture": "#base", "uv": [ 1, 1, 7, 1.6 ] }
            }
        },
        {
            "from": [ 0, 7.2, 8.8 ], 
            "to": [ 7, 8.8, 9.2 ], 
            "rotation": { "origin": [ 9.0, 8.0, 9.0 ], "axis": "x", "angle": -22.5 },
            "faces": {
                "north": { "texture": "#base", "uv": [ 0, 0, 7, 1.6 ] },
                "east": { "texture": "#base", "uv": [ 0, 0, 0.6, 2 ] },
                "south": { "texture": "#base", "uv": [ 0, 0, 7, 1.6 ] },
                "west": { "texture": "#base", "uv": [ 0, 0, 0.6, 2 ] },
                "up": { "texture": "#base", "uv": [ 0, 0, 6, 0.6 ] },
                "down": { "texture": "#base", "uv": [ 0, 0, 6, 0.6 ] }
            }
        },
        {
            "from": [ 7.3, 7.3, 10 ], 
            "to": [ 8.7, 8.7, 10.4 ], 
            "faces": {
                "east": { "texture": "#base", "uv": [ 0, 0, 0.4, 1.4 ], "tintindex": 0 },
                "south": { "texture": "#base", "uv": [ 0, 0, 1.4, 1.4 ], "tintindex": 0 },
                "west": { "texture": "#base", "uv": [ 0, 0, 0.4, 1.4 ], "tintindex": 0 },
                "up": { "texture": "#base", "uv": [ 0, 0, 1.4, 0.4 ], "tintindex": 0 },
                "down": { "texture": "#base", "uv": [ 0, 0, 1.4, 0.4 ], "tintindex": 0 }
            }
        }
    ]
}