{
    "__comment": "Model generated using MrCrayfish's Model Creator (https://mrcrayfish.com/tools?id=mc)",
    "textures": {
        "seat": "minecraft:block/black_wool",
        "glass": "minecraft:block/glass",
        "detail": "minecraft:block/anvil",
        "base": "minecraft:block/white_concrete"
    },
    "elements": [
        {
            "from": [ 2, 2, 10 ], 
            "to": [ 4, 6, 25.2 ], 
            "faces": {
                "north": { "texture": "#base", "uv": [ 0, 0, 2, 4 ] },
                "east": { "texture": "#base", "uv": [ 0, 0, 15.2, 4 ] },
                "south": { "texture": "#base", "uv": [ 0, 0, 2, 4 ] },
                "west": { "texture": "#base", "uv": [ 0, 0, 15.2, 4 ] },
                "down": { "texture": "#base", "uv": [ 0, 0, 2, 15.2 ] }
            }
        },
        {
            "from": [ 12, 2, 10 ], 
            "to": [ 14, 6, 25.2 ], 
            "faces": {
                "north": { "texture": "#base", "uv": [ 0, 0, 2, 4 ] },
                "east": { "texture": "#base", "uv": [ 0, 0, 15.2, 4 ] },
                "south": { "texture": "#base", "uv": [ 0, 0, 2, 4 ] },
                "west": { "texture": "#base", "uv": [ 0, 0, 15.2, 4 ] },
                "down": { "texture": "#base", "uv": [ 0, 0, 2, 15.2 ] }
            }
        },
        {
            "from": [ 2, -0.8, 10 ], 
            "to": [ 4, 2, 25.2 ], 
            "rotation": { "origin": [ 2.0, 2.0, 8.0 ], "axis": "z", "angle": 45.0 },
            "faces": {
                "north": { "texture": "#base", "uv": [ 0, 0, 2, 2.8 ] },
                "east": { "texture": "#base", "uv": [ 0, 0, 15.2, 2.8 ] },
                "south": { "texture": "#base", "uv": [ 0, 0, 2, 2.8 ] },
                "west": { "texture": "#base", "uv": [ 0, 0, 15.2, 2.8 ] },
                "up": { "texture": "#base", "uv": [ 0, 0, 2, 15.2 ] },
                "down": { "texture": "#base", "uv": [ 0, 0, 2, 15.2 ] }
            }
        },
        {
            "from": [ 4, 6, 25 ], 
            "to": [ 12, 8, 30 ], 
            "faces": {
                "north": { "texture": "#base", "uv": [ 0, 0, 8, 2 ], "tintindex": 0 },
                "east": { "texture": "#base", "uv": [ 0, 0, 5, 2 ], "tintindex": 0 },
                "south": { "texture": "#base", "uv": [ 0, 0, 8, 2 ], "tintindex": 0 },
                "west": { "texture": "#base", "uv": [ 0, 0, 5, 2 ], "tintindex": 0 },
                "up": { "texture": "#base", "uv": [ 0, 0, 8, 5 ], "tintindex": 0 }
            }
        },
        {
            "from": [ 4, 2, 24.8 ], 
            "to": [ 12, 4, 30 ], 
            "rotation": { "origin": [ 8.0, 2.0, 30.0 ], "axis": "x", "angle": -22.5 },
            "faces": {
                "north": { "texture": "#base", "uv": [ 0, 0, 8, 2 ] },
                "east": { "texture": "#base", "uv": [ 0, 0, 5.2, 2 ] },
                "south": { "texture": "#base", "uv": [ 0, 0, 8, 2 ] },
                "west": { "texture": "#base", "uv": [ 0, 0, 5.2, 2 ] },
                "up": { "texture": "#base", "uv": [ 0, 0, 8, 5.2 ] },
                "down": { "texture": "#base", "uv": [ 0, 0, 8, 5.2 ] }
            }
        },
        {
            "from": [ 2, 2, 25.2 ], 
            "to": [ 4, 6, 30.4 ], 
            "rotation": { "origin": [ 2.0, 8.0, 25.19999998807907 ], "axis": "y", "angle": 22.5 },
            "faces": {
                "north": { "texture": "#base", "uv": [ 0, 0, 2, 4 ] },
                "east": { "texture": "#base", "uv": [ 0, 0, 5.2, 4 ] },
                "south": { "texture": "#base", "uv": [ 0, 0, 2, 4 ] },
                "west": { "texture": "#base", "uv": [ 0, 0, 5.2, 4 ] },
                "up": { "texture": "#base", "uv": [ 0, 0, 2, 5.2 ] },
                "down": { "texture": "#base", "uv": [ 0, 0, 2, 5.2 ] }
            }
        },
        {
            "from": [ 2, 6, 10 ], 
            "to": [ 4, 8, 25.2 ], 
            "faces": {
                "east": { "texture": "#base", "uv": [ 0, 0, 15.2, 2 ], "tintindex": 0 },
                "south": { "texture": "#base", "uv": [ 0, 0, 2, 2 ], "tintindex": 0 },
                "west": { "texture": "#base", "uv": [ 0, 0, 15.2, 2 ], "tintindex": 0 },
                "up": { "texture": "#base", "uv": [ 0, 0, 2, 15.2 ], "tintindex": 0 }
            }
        },
        {
            "from": [ 2, 6, 25.2 ], 
            "to": [ 4, 8, 30.4 ], 
            "rotation": { "origin": [ 2.0, 8.0, 25.19999998807907 ], "axis": "y", "angle": 22.5 },
            "faces": {
                "north": { "texture": "#base", "uv": [ 0, 0, 2, 2 ], "tintindex": 0 },
                "east": { "texture": "#base", "uv": [ 0, 0, 5.2, 2 ], "tintindex": 0 },
                "south": { "texture": "#base", "uv": [ 0, 0, 2, 2 ], "tintindex": 0 },
                "west": { "texture": "#base", "uv": [ 0, 0, 5.2, 2 ], "tintindex": 0 },
                "up": { "texture": "#base", "uv": [ 0, 0, 2, 5.2 ], "tintindex": 0 },
                "down": { "texture": "#base", "uv": [ 0, 0, 2, 5.2 ], "tintindex": 0 }
            }
        },
        {
            "from": [ 4, 2, 25 ], 
            "to": [ 12, 6, 30 ], 
            "faces": {
                "north": { "texture": "#base", "uv": [ 0, 0, 8, 4 ] },
                "east": { "texture": "#base", "uv": [ 0, 0, 5, 4 ] },
                "south": { "texture": "#base", "uv": [ 0, 0, 8, 4 ] },
                "west": { "texture": "#base", "uv": [ 0, 0, 5, 4 ] },
                "down": { "texture": "#base", "uv": [ 0, 0, 8, 5 ] }
            }
        },
        {
            "from": [ 12, 6, 10 ], 
            "to": [ 14, 8, 25.2 ], 
            "faces": {
                "east": { "texture": "#base", "uv": [ 0, 0, 15.2, 2 ], "tintindex": 0 },
                "south": { "texture": "#base", "uv": [ 0, 0, 2, 2 ], "tintindex": 0 },
                "west": { "texture": "#base", "uv": [ 0, 0, 15.2, 2 ], "tintindex": 0 },
                "up": { "texture": "#base", "uv": [ 0, 0, 2, 15.2 ], "tintindex": 0 }
            }
        },
        {
            "from": [ 12, 6, 25.2 ], 
            "to": [ 14, 8, 30.4 ], 
            "rotation": { "origin": [ 14.0, 8.0, 25.19999998807907 ], "axis": "y", "angle": -22.5 },
            "faces": {
                "north": { "texture": "#base", "uv": [ 0, 0, 2, 2 ], "tintindex": 0 },
                "east": { "texture": "#base", "uv": [ 0, 0, 5.2, 2 ], "tintindex": 0 },
                "south": { "texture": "#base", "uv": [ 0, 0, 2, 2 ], "tintindex": 0 },
                "west": { "texture": "#base", "uv": [ 0, 0, 5.2, 2 ], "tintindex": 0 },
                "up": { "texture": "#base", "uv": [ 0, 0, 2, 5.2 ], "tintindex": 0 },
                "down": { "texture": "#base", "uv": [ 0, 0, 2, 5.2 ], "tintindex": 0 }
            }
        },
        {
            "from": [ 12, 2, 25.2 ], 
            "to": [ 14, 6, 30.4 ], 
            "rotation": { "origin": [ 14.0, 8.0, 25.19999998807907 ], "axis": "y", "angle": -22.5 },
            "faces": {
                "north": { "texture": "#base", "uv": [ 0, 0, 2, 4 ] },
                "east": { "texture": "#base", "uv": [ 0, 0, 5.2, 4 ] },
                "south": { "texture": "#base", "uv": [ 0, 0, 2, 4 ] },
                "west": { "texture": "#base", "uv": [ 0, 0, 5.2, 4 ] },
                "up": { "texture": "#base", "uv": [ 0, 0, 2, 5.2 ] },
                "down": { "texture": "#base", "uv": [ 0, 0, 2, 5.2 ] }
            }
        },
        {
            "from": [ 12, -0.8, 10 ], 
            "to": [ 14, 2, 25.2 ], 
            "rotation": { "origin": [ 14.0, 2.0, 8.0 ], "axis": "z", "angle": -45.0 },
            "faces": {
                "north": { "texture": "#base", "uv": [ 0, 0, 2, 2.8 ] },
                "east": { "texture": "#base", "uv": [ 0, 0, 15.2, 2.8 ] },
                "south": { "texture": "#base", "uv": [ 0, 0, 2, 2.8 ] },
                "west": { "texture": "#base", "uv": [ 0, 0, 15.2, 2.8 ] },
                "up": { "texture": "#base", "uv": [ 0, 0, 2, 15.2 ] },
                "down": { "texture": "#base", "uv": [ 0, 0, 2, 15.2 ] }
            }
        },
        {
            "from": [ 5.4, 6, -7 ], 
            "to": [ 10.6, 8, 5.7 ], 
            "faces": {
                "north": { "texture": "#base", "uv": [ 0, 0, 5.2, 2 ], "tintindex": 0 },
                "east": { "texture": "#base", "uv": [ 0, 0, 12.7, 2 ], "tintindex": 0 },
                "south": { "texture": "#base", "uv": [ 0, 0, 5.2, 2 ], "tintindex": 0 },
                "west": { "texture": "#base", "uv": [ 0, 0, 12.7, 2 ], "tintindex": 0 },
                "up": { "texture": "#base", "uv": [ 0, 0, 5.2, 12.7 ], "tintindex": 0 }
            }
        },
        {
            "from": [ 5.4, 6, -11.4 ], 
            "to": [ 7.4, 8, -7 ], 
            "rotation": { "origin": [ 5.4000000059604645, 8.0, -7.0 ], "axis": "y", "angle": -22.5 },
            "faces": {
                "north": { "texture": "#base", "uv": [ 0, 0, 2, 2 ], "tintindex": 0 },
                "east": { "texture": "#base", "uv": [ 0, 0, 4.4, 2 ], "tintindex": 0 },
                "south": { "texture": "#base", "uv": [ 0, 0, 2, 2 ], "tintindex": 0 },
                "west": { "texture": "#base", "uv": [ 0, 0, 4.4, 2 ], "tintindex": 0 },
                "up": { "texture": "#base", "uv": [ 0, 0, 2, 4.4 ], "tintindex": 0 },
                "down": { "texture": "#base", "uv": [ 0, 0, 2, 4.4 ], "tintindex": 0 }
            }
        },
        {
            "from": [ 8.6, 6, -11.6 ], 
            "to": [ 10.6, 8, -7 ], 
            "rotation": { "origin": [ 10.600000008940697, 8.0, -7.000000014901161 ], "axis": "y", "angle": 22.5 },
            "faces": {
                "north": { "texture": "#base", "uv": [ 0, 0, 2, 2 ], "tintindex": 0 },
                "east": { "texture": "#base", "uv": [ 0, 0, 4.6, 2 ], "tintindex": 0 },
                "south": { "texture": "#base", "uv": [ 0, 0, 2, 2 ], "tintindex": 0 },
                "west": { "texture": "#base", "uv": [ 0, 0, 4.6, 2 ], "tintindex": 0 },
                "up": { "texture": "#base", "uv": [ 0, 0, 2, 4.6 ], "tintindex": 0 },
                "down": { "texture": "#base", "uv": [ 0, 0, 2, 4.6 ], "tintindex": 0 }
            }
        },
        {
            "from": [ 0, 5.5, -14.8 ], 
            "to": [ 16, 6.5, -8.8 ], 
            "faces": {
                "north": { "texture": "#base", "uv": [ 0, 0, 16, 1 ] },
                "east": { "texture": "#base", "uv": [ 0, 0, 6, 1 ] },
                "south": { "texture": "#base", "uv": [ 0, 0, 16, 1 ] },
                "west": { "texture": "#base", "uv": [ 0, 0, 6, 1 ] },
                "up": { "texture": "#base", "uv": [ 0, 0, 16, 6 ] },
                "down": { "texture": "#base", "uv": [ 0, 0, 16, 6 ] }
            }
        },
        {
            "from": [ 7.1, 6.5, -14.6 ], 
            "to": [ 8.9, 8, -9.6 ], 
            "faces": {
                "north": { "texture": "#base", "uv": [ 0, 0, 1.8, 1.5 ], "tintindex": 0 },
                "east": { "texture": "#base", "uv": [ 0, 0, 5, 1.5 ], "tintindex": 0 },
                "south": { "texture": "#base", "uv": [ 0, 0, 1.8, 1.5 ], "tintindex": 0 },
                "west": { "texture": "#base", "uv": [ 0, 0, 5, 1.5 ], "tintindex": 0 },
                "up": { "texture": "#base", "uv": [ 0, 0, 1.8, 5 ], "tintindex": 0 }
            }
        },
        {
            "from": [ 7.3, 6, -14.4 ], 
            "to": [ 8.7, 14, -10.4 ], 
            "faces": {
                "north": { "texture": "#base", "uv": [ 0, 0, 1.4, 8 ], "tintindex": 0 },
                "east": { "texture": "#base", "uv": [ 0, 0, 4, 8 ], "tintindex": 0 },
                "south": { "texture": "#base", "uv": [ 0, 0, 1.4, 8 ], "tintindex": 0 },
                "west": { "texture": "#base", "uv": [ 0, 0, 4, 8 ], "tintindex": 0 },
                "up": { "texture": "#base", "uv": [ 0, 0, 1.4, 4 ], "tintindex": 0 }
            }
        },
        {
            "from": [ 7.3, 7, -14.4 ], 
            "to": [ 8.7, 14, -10.4 ], 
            "rotation": { "origin": [ 8.0, 14.0, -10.399999991059303 ], "axis": "x", "angle": -22.5 },
            "faces": {
                "north": { "texture": "#base", "uv": [ 0, 0, 1.4, 7 ], "tintindex": 0 },
                "east": { "texture": "#base", "uv": [ 0, 0, 4, 7 ], "tintindex": 0 },
                "south": { "texture": "#base", "uv": [ 0, 0, 1.4, 7 ], "tintindex": 0 },
                "west": { "texture": "#base", "uv": [ 0, 0, 4, 7 ], "tintindex": 0 },
                "up": { "texture": "#base", "uv": [ 0, 0, 1.4, 4 ], "tintindex": 0 },
                "down": { "texture": "#base", "uv": [ 0, 0, 1.4, 4 ], "tintindex": 0 }
            }
        },
        {
            "from": [ 2.5, 8, 23 ], 
            "to": [ 13.5, 9, 24 ], 
            "faces": {
                "north": { "texture": "#base", "uv": [ 0, 0, 11, 1 ], "tintindex": 0 },
                "east": { "texture": "#base", "uv": [ 0, 0, 1, 1 ], "tintindex": 0 },
                "south": { "texture": "#base", "uv": [ 0, 0, 11, 1 ], "tintindex": 0 },
                "west": { "texture": "#base", "uv": [ 0, 0, 1, 1 ], "tintindex": 0 },
                "up": { "texture": "#base", "uv": [ 0, 0, 11, 1 ], "tintindex": 0 },
                "down": { "texture": "#base", "uv": [ 0, 0, 11, 1 ], "tintindex": 0 }
            }
        },
        {
            "from": [ 2.5, 8, 24 ], 
            "to": [ 5, 9, 29.1 ], 
            "rotation": { "origin": [ 2.4999999925494194, 9.0, 24.0 ], "axis": "y", "angle": 22.5 },
            "faces": {
                "north": { "texture": "#base", "uv": [ 0, 0, 2.5, 1 ], "tintindex": 0 },
                "east": { "texture": "#base", "uv": [ 0, 0, 5.1, 1 ], "tintindex": 0 },
                "south": { "texture": "#base", "uv": [ 0, 0, 2.5, 1 ], "tintindex": 0 },
                "west": { "texture": "#base", "uv": [ 0, 0, 5.1, 1 ], "tintindex": 0 },
                "up": { "texture": "#base", "uv": [ 0, 0, 2.5, 5.1 ], "tintindex": 0 },
                "down": { "texture": "#base", "uv": [ 0, 0, 2.5, 5.1 ], "tintindex": 0 }
            }
        },
        {
            "from": [ 4.5, 8, 24 ], 
            "to": [ 11.5, 9, 28.7 ], 
            "faces": {
                "east": { "texture": "#base", "uv": [ 0, 0, 4.7, 1 ], "tintindex": 0 },
                "south": { "texture": "#base", "uv": [ 0, 0, 7, 1 ], "tintindex": 0 },
                "west": { "texture": "#base", "uv": [ 0, 0, 4.7, 1 ], "tintindex": 0 },
                "up": { "texture": "#base", "uv": [ 0, 0, 7, 4.7 ], "tintindex": 0 },
                "down": { "texture": "#base", "uv": [ 0, 0, 7, 4.7 ], "tintindex": 0 }
            }
        },
        {
            "from": [ 11, 8, 24 ], 
            "to": [ 13.5, 9, 29.1 ], 
            "rotation": { "origin": [ 13.50000000745058, 9.0, 24.0 ], "axis": "y", "angle": -22.5 },
            "faces": {
                "north": { "texture": "#base", "uv": [ 0, 0, 2.5, 1 ], "tintindex": 0 },
                "east": { "texture": "#base", "uv": [ 0, 0, 5.1, 1 ], "tintindex": 0 },
                "south": { "texture": "#base", "uv": [ 0, 0, 2.5, 1 ], "tintindex": 0 },
                "west": { "texture": "#base", "uv": [ 0, 0, 5.1, 1 ], "tintindex": 0 },
                "up": { "texture": "#base", "uv": [ 0, 0, 2.5, 5.1 ], "tintindex": 0 },
                "down": { "texture": "#base", "uv": [ 0, 0, 2.5, 5.1 ], "tintindex": 0 }
            }
        },
        {
            "from": [ 4.5, 8, 28.7 ], 
            "to": [ 11.5, 9, 30.2 ], 
            "rotation": { "origin": [ 8.0, 9.0, 28.700000010430813 ], "axis": "x", "angle": 45.0 },
            "faces": {
                "north": { "texture": "#base", "uv": [ 0, 0, 7, 1 ], "tintindex": 0 },
                "east": { "texture": "#base", "uv": [ 0, 0, 1.5, 1 ], "tintindex": 0 },
                "south": { "texture": "#base", "uv": [ 0, 0, 7, 1 ], "tintindex": 0 },
                "west": { "texture": "#base", "uv": [ 0, 0, 1.5, 1 ], "tintindex": 0 },
                "up": { "texture": "#base", "uv": [ 0, 0, 7, 1.5 ], "tintindex": 0 },
                "down": { "texture": "#base", "uv": [ 0, 0, 7, 1.5 ], "tintindex": 0 }
            }
        },
        {
            "from": [ 7, 5.5, 30 ], 
            "to": [ 9, 7.5, 30.2 ], 
            "faces": {
                "north": { "texture": "#detail", "uv": [ 0, 0, 2, 2 ] },
                "east": { "texture": "#detail", "uv": [ 0, 0, 0.2, 2 ] },
                "south": { "texture": "#detail", "uv": [ 0, 0, 2, 2 ] },
                "west": { "texture": "#detail", "uv": [ 0, 0, 0.2, 2 ] },
                "up": { "texture": "#detail", "uv": [ 0, 0, 2, 0.2 ] },
                "down": { "texture": "#detail", "uv": [ 0, 0, 2, 0.2 ] }
            }
        },
        {
            "from": [ 2.5, 8, 7 ], 
            "to": [ 3.5, 9, 23 ], 
            "faces": {
                "north": { "texture": "#base", "uv": [ 0, 0, 1, 1 ], "tintindex": 0 },
                "east": { "texture": "#base", "uv": [ 0, 0, 16, 1 ], "tintindex": 0 },
                "west": { "texture": "#base", "uv": [ 0, 0, 16, 1 ], "tintindex": 0 },
                "up": { "texture": "#base", "uv": [ 0, 0, 1, 16 ], "tintindex": 0 },
                "down": { "texture": "#base", "uv": [ 0, 0, 1, 16 ], "tintindex": 0 }
            }
        },
        {
            "from": [ 12.5, 8, 7 ], 
            "to": [ 13.5, 9, 23 ], 
            "faces": {
                "north": { "texture": "#base", "uv": [ 0, 0, 1, 1 ], "tintindex": 0 },
                "east": { "texture": "#base", "uv": [ 0, 0, 16, 1 ], "tintindex": 0 },
                "west": { "texture": "#base", "uv": [ 0, 0, 16, 1 ], "tintindex": 0 },
                "up": { "texture": "#base", "uv": [ 0, 0, 1, 16 ], "tintindex": 0 },
                "down": { "texture": "#base", "uv": [ 0, 0, 1, 16 ], "tintindex": 0 }
            }
        },
        {
            "from": [ 3.5, 9, 9.3 ], 
            "to": [ 12.5, 15.1, 14.3 ], 
            "rotation": { "origin": [ 8.0, 15.100000001490116, 14.300000004470348 ], "axis": "x", "angle": -22.5 },
            "faces": {
                "east": { "texture": "#glass", "uv": [ 4, 0, 12, 10.1 ] },
                "west": { "texture": "#glass", "uv": [ 4, 0, 12, 10.1 ] },
                "up": { "texture": "#glass", "uv": [ 0, 6, 16, 15 ] }
            }
        },
        {
            "from": [ 3.5, 7.1, 3.8 ], 
            "to": [ 12.5, 13.2, 9.7 ], 
            "rotation": { "origin": [ 8.0, 13.200000002980232, 9.699999995529652 ], "axis": "x", "angle": -45.0 },
            "faces": {
                "east": { "texture": "#glass", "uv": [ 4, 0, 12, 10.1 ] },
                "west": { "texture": "#glass", "uv": [ 4, 0, 12, 10.1 ] },
                "up": { "texture": "#glass", "uv": [ 0, 1, 16, 11 ] }
            }
        },
        {
            "from": [ 2, 6, 6 ], 
            "to": [ 14, 8, 9 ], 
            "faces": {
                "north": { "texture": "#base", "uv": [ 0, 0, 12, 2 ], "tintindex": 0 },
                "east": { "texture": "#base", "uv": [ 0, 0, 3, 2 ], "tintindex": 0 },
                "south": { "texture": "#base", "uv": [ 0, 0, 12, 2 ], "tintindex": 0 },
                "west": { "texture": "#base", "uv": [ 0, 0, 3, 2 ], "tintindex": 0 },
                "up": { "texture": "#base", "uv": [ 0, 0, 12, 3 ], "tintindex": 0 }
            }
        },
        {
            "from": [ 11.5, 8, -3 ], 
            "to": [ 13.5, 9, 7 ], 
            "rotation": { "origin": [ 13.49999999254942, 9.0, 7.0 ], "axis": "y", "angle": 22.5 },
            "faces": {
                "north": { "texture": "#base", "uv": [ 0, 0, 2, 1 ], "tintindex": 0 },
                "east": { "texture": "#base", "uv": [ 0, 0, 10, 1 ], "tintindex": 0 },
                "south": { "texture": "#base", "uv": [ 0, 0, 2, 1 ], "tintindex": 0 },
                "west": { "texture": "#base", "uv": [ 0, 0, 10, 1 ], "tintindex": 0 },
                "up": { "texture": "#base", "uv": [ 0, 0, 2, 10 ], "tintindex": 0 },
                "down": { "texture": "#base", "uv": [ 0, 0, 2, 10 ], "tintindex": 0 }
            }
        },
        {
            "from": [ 3.5, 9, 14.3 ], 
            "to": [ 12.5, 15.1, 19.3 ], 
            "rotation": { "origin": [ 8.0, 15.100000001490116, 14.300000004470348 ], "axis": "x", "angle": 22.5 },
            "faces": {
                "east": { "texture": "#glass", "uv": [ 4, 0, 12, 10.1 ] },
                "west": { "texture": "#glass", "uv": [ 4, 0, 12, 10.1 ] },
                "up": { "texture": "#glass", "uv": [ 0, 1, 16, 10 ] }
            }
        },
        {
            "from": [ 3.5, 7.1, 18.9 ], 
            "to": [ 12.5, 13.2, 24.9 ], 
            "rotation": { "origin": [ 8.0, 13.200000002980232, 18.899999998509884 ], "axis": "x", "angle": 45.0 },
            "faces": {
                "east": { "texture": "#glass", "uv": [ 4, 0, 12, 10.1 ] },
                "west": { "texture": "#glass", "uv": [ 4, 0, 12, 10.1 ] },
                "up": { "texture": "#glass", "uv": [ 0, 5, 16, 14 ] }
            }
        },
        {
            "from": [ 3.5, 2, 21 ], 
            "to": [ 12.5, 9, 23 ], 
            "faces": {
                "up": { "texture": "#detail", "uv": [ 0, 0, 9, 2 ] }
            }
        },
        {
            "from": [ 3.5, 1, 21 ], 
            "to": [ 12.5, 9, 23 ], 
            "rotation": { "origin": [ 8.0, 9.0, 21.0 ], "axis": "x", "angle": 22.5 },
            "faces": {
                "north": { "texture": "#detail", "uv": [ 0, 0, 9, 8 ] }
            }
        },
        {
            "from": [ 2.5, 8, -3 ], 
            "to": [ 4.5, 9, 7 ], 
            "rotation": { "origin": [ 2.4999999925494194, 9.0, 7.0 ], "axis": "y", "angle": -22.5 },
            "faces": {
                "north": { "texture": "#base", "uv": [ 0, 0, 2, 1 ], "tintindex": 0 },
                "east": { "texture": "#base", "uv": [ 0, 0, 10, 1 ], "tintindex": 0 },
                "south": { "texture": "#base", "uv": [ 0, 0, 2, 1 ], "tintindex": 0 },
                "west": { "texture": "#base", "uv": [ 0, 0, 10, 1 ], "tintindex": 0 },
                "up": { "texture": "#base", "uv": [ 0, 0, 2, 10 ], "tintindex": 0 },
                "down": { "texture": "#base", "uv": [ 0, 0, 2, 10 ], "tintindex": 0 }
            }
        },
        {
            "from": [ 4, 0, 10 ], 
            "to": [ 12, 1.7, 25.2 ], 
            "faces": {
                "east": { "texture": "#base", "uv": [ 0, 0, 15.2, 1.7 ] },
                "south": { "texture": "#base", "uv": [ 0, 0, 8, 1.7 ] },
                "west": { "texture": "#base", "uv": [ 0, 0, 15.2, 1.7 ] },
                "up": { "texture": "#detail", "uv": [ 0, 0, 8, 15.2 ] },
                "down": { "texture": "#base", "uv": [ 0, 0, 8, 15.2 ] }
            }
        },
        {
            "from": [ 12, 6, 9 ], 
            "to": [ 14, 8, 10 ], 
            "faces": {
                "east": { "texture": "#base", "uv": [ 0, 0, 1, 2 ], "tintindex": 0 },
                "west": { "texture": "#base", "uv": [ 0, 0, 1, 2 ], "tintindex": 0 },
                "up": { "texture": "#base", "uv": [ 0, 0, 2, 1 ], "tintindex": 0 }
            }
        },
        {
            "from": [ 2, 6, 9 ], 
            "to": [ 4, 8, 10 ], 
            "faces": {
                "east": { "texture": "#base", "uv": [ 0, 0, 1, 2 ], "tintindex": 0 },
                "west": { "texture": "#base", "uv": [ 0, 0, 1, 2 ], "tintindex": 0 },
                "up": { "texture": "#base", "uv": [ 0, 0, 2, 1 ], "tintindex": 0 }
            }
        },
        {
            "from": [ 12, 6, -3 ], 
            "to": [ 14, 8, 6 ], 
            "rotation": { "origin": [ 14.0, 8.0, 6.0 ], "axis": "y", "angle": 22.5 },
            "faces": {
                "east": { "texture": "#base", "uv": [ 0, 0, 9, 2 ], "tintindex": 0 },
                "up": { "texture": "#base", "uv": [ 0, 0, 2, 9 ], "tintindex": 0 },
                "down": { "texture": "#base", "uv": [ 0, 0, 2, 9 ], "tintindex": 0 }
            }
        },
        {
            "from": [ 2, 6, -3 ], 
            "to": [ 4, 8, 6 ], 
            "rotation": { "origin": [ 2.0, 8.0, 6.0 ], "axis": "y", "angle": -22.5 },
            "faces": {
                "west": { "texture": "#base", "uv": [ 0, 0, 9, 2 ], "tintindex": 0 },
                "up": { "texture": "#base", "uv": [ 0, 0, 2, 9 ], "tintindex": 0 },
                "down": { "texture": "#base", "uv": [ 0, 0, 2, 9 ], "tintindex": 0 }
            }
        },
        {
            "from": [ 6, 0, -7 ], 
            "to": [ 10, 2, 5 ], 
            "rotation": { "origin": [ 8.0, 0.0, 5.0 ], "axis": "x", "angle": 22.5 },
            "faces": {
                "north": { "texture": "#base", "uv": [ 0, 0, 4, 2 ] },
                "east": { "texture": "#base", "uv": [ 0, 0, 12, 2 ] },
                "south": { "texture": "#base", "uv": [ 0, 0, 4, 2 ] },
                "west": { "texture": "#base", "uv": [ 0, 0, 12, 2 ] },
                "up": { "texture": "#base", "uv": [ 0, 0, 4, 12 ] },
                "down": { "texture": "#base", "uv": [ 0, 0, 4, 12 ] }
            }
        },
        {
            "from": [ 2, 4, 6 ], 
            "to": [ 14, 6, 10 ], 
            "faces": {
                "north": { "texture": "#base", "uv": [ 0, 0, 12, 2 ] },
                "east": { "texture": "#base", "uv": [ 0, 0, 4, 2 ] },
                "south": { "texture": "#base", "uv": [ 0, 0, 12, 2 ] },
                "west": { "texture": "#base", "uv": [ 0, 0, 4, 2 ] },
                "up": { "texture": "#base", "uv": [ 0, 0, 12, 4 ] },
                "down": { "texture": "#base", "uv": [ 0, 0, 12, 4 ] }
            }
        },
        {
            "from": [ 12, 4, -3 ], 
            "to": [ 14, 6, 6 ], 
            "rotation": { "origin": [ 14.0, 8.0, 6.0 ], "axis": "y", "angle": 22.5 },
            "faces": {
                "east": { "texture": "#base", "uv": [ 0, 0, 9, 2 ] },
                "up": { "texture": "#base", "uv": [ 0, 0, 2, 9 ] },
                "down": { "texture": "#base", "uv": [ 0, 0, 2, 9 ] }
            }
        },
        {
            "from": [ 7.1, 4, -14.6 ], 
            "to": [ 8.9, 5.5, -6.6 ], 
            "faces": {
                "north": { "texture": "#base", "uv": [ 0, 0, 1.8, 1.5 ] },
                "east": { "texture": "#base", "uv": [ 0, 0, 8, 1.5 ] },
                "west": { "texture": "#base", "uv": [ 0, 0, 8, 1.5 ] },
                "up": { "texture": "#base", "uv": [ 0, 0, 1.8, 8 ] },
                "down": { "texture": "#base", "uv": [ 0, 0, 1.8, 8 ] }
            }
        },
        {
            "from": [ 2, 4, -3 ], 
            "to": [ 4, 6, 6 ], 
            "rotation": { "origin": [ 2.0, 8.0, 6.0 ], "axis": "y", "angle": -22.5 },
            "faces": {
                "west": { "texture": "#base", "uv": [ 0, 0, 9, 2 ] },
                "up": { "texture": "#base", "uv": [ 0, 0, 2, 9 ] },
                "down": { "texture": "#base", "uv": [ 0, 0, 2, 9 ] }
            }
        },
        {
            "from": [ 6, 0, 5 ], 
            "to": [ 10, 1.7, 10 ], 
            "faces": {
                "north": { "texture": "#base", "uv": [ 0, 0, 4, 1.7 ] },
                "east": { "texture": "#base", "uv": [ 0, 0, 5, 1.7 ] },
                "west": { "texture": "#base", "uv": [ 0, 0, 5, 1.7 ] },
                "up": { "texture": "#detail", "uv": [ 0, 0, 4, 5 ] },
                "down": { "texture": "#base", "uv": [ 0, 0, 4, 5 ] }
            }
        },
        {
            "from": [ 8.6, 4, -11.6 ], 
            "to": [ 10.6, 6, -7 ], 
            "rotation": { "origin": [ 10.600000008940697, 8.0, -7.000000014901161 ], "axis": "y", "angle": 22.5 },
            "faces": {
                "north": { "texture": "#base", "uv": [ 0, 0, 2, 2 ] },
                "east": { "texture": "#base", "uv": [ 0, 0, 4.6, 2 ] },
                "south": { "texture": "#base", "uv": [ 0, 0, 2, 2 ] },
                "west": { "texture": "#base", "uv": [ 0, 0, 4.6, 2 ] },
                "up": { "texture": "#base", "uv": [ 0, 0, 2, 4.6 ] },
                "down": { "texture": "#base", "uv": [ 0, 0, 2, 4.6 ] }
            }
        },
        {
            "from": [ 5.4, 4, -11.4 ], 
            "to": [ 7.4, 6, -7 ], 
            "rotation": { "origin": [ 5.4000000059604645, 8.0, -7.0 ], "axis": "y", "angle": -22.5 },
            "faces": {
                "north": { "texture": "#base", "uv": [ 0, 0, 2, 2 ] },
                "east": { "texture": "#base", "uv": [ 0, 0, 4.4, 2 ] },
                "south": { "texture": "#base", "uv": [ 0, 0, 2, 2 ] },
                "west": { "texture": "#base", "uv": [ 0, 0, 4.4, 2 ] },
                "up": { "texture": "#base", "uv": [ 0, 0, 2, 4.4 ] },
                "down": { "texture": "#base", "uv": [ 0, 0, 2, 4.4 ] }
            }
        },
        {
            "from": [ 5.4, 4, -7 ], 
            "to": [ 10.6, 6, 5.7 ], 
            "faces": {
                "north": { "texture": "#base", "uv": [ 0, 0, 5.2, 2 ] },
                "east": { "texture": "#base", "uv": [ 0, 0, 12.7, 2 ] },
                "south": { "texture": "#base", "uv": [ 0, 0, 5.2, 2 ] },
                "west": { "texture": "#base", "uv": [ 0, 0, 12.7, 2 ] },
                "down": { "texture": "#base", "uv": [ 0, 0, 5.2, 12.7 ] }
            }
        },
        {
            "from": [ 12, 2, -0.5 ], 
            "to": [ 14, 6, 10 ], 
            "rotation": { "origin": [ 14.0, 4.0, 10.0 ], "axis": "y", "angle": 22.5 },
            "faces": {
                "north": { "texture": "#base", "uv": [ 0, 0, 2, 4 ] },
                "east": { "texture": "#base", "uv": [ 0, 0, 10.5, 4 ] },
                "south": { "texture": "#base", "uv": [ 0, 0, 2, 4 ] },
                "west": { "texture": "#base", "uv": [ 0, 0, 10.5, 4 ] },
                "up": { "texture": "#base", "uv": [ 0, 0, 2, 10.5 ] },
                "down": { "texture": "#base", "uv": [ 0, 0, 2, 10.5 ] }
            }
        },
        {
            "from": [ 10, 0, 4.7 ], 
            "to": [ 11.9, 2, 10.1 ], 
            "rotation": { "origin": [ 12.0, 1.0, 10.0 ], "axis": "y", "angle": 22.5 },
            "faces": {
                "north": { "texture": "#base", "uv": [ 0, 0, 1.9, 2 ] },
                "east": { "texture": "#base", "uv": [ 0, 0, 5.4, 4 ] },
                "south": { "texture": "#base", "uv": [ 0, 0, 1.9, 2 ] },
                "west": { "texture": "#base", "uv": [ 0, 0, 5.4, 4 ] },
                "up": { "texture": "#base", "uv": [ 0, 0, 2, 5.4 ] },
                "down": { "texture": "#base", "uv": [ 0, 0, 2, 5.4 ] }
            }
        },
        {
            "from": [ 4, 0, 4.7 ], 
            "to": [ 5.9, 2, 10.1 ], 
            "rotation": { "origin": [ 4.0, 1.0, 10.0 ], "axis": "y", "angle": -22.5 },
            "faces": {
                "north": { "texture": "#base", "uv": [ 0, 0, 1.9, 2 ] },
                "east": { "texture": "#base", "uv": [ 0, 0, 5.4, 2 ] },
                "south": { "texture": "#base", "uv": [ 0, 0, 1.9, 2 ] },
                "west": { "texture": "#base", "uv": [ 0, 0, 5.4, 2 ] },
                "up": { "texture": "#base", "uv": [ 0, 0, 1.9, 5.4 ] },
                "down": { "texture": "#base", "uv": [ 0, 0, 1.9, 5.4 ] }
            }
        },
        {
            "from": [ 2, 2, -0.5 ], 
            "to": [ 4, 6, 10 ], 
            "rotation": { "origin": [ 2.0, 4.0, 10.0 ], "axis": "y", "angle": -22.5 },
            "faces": {
                "north": { "texture": "#base", "uv": [ 0, 0, 2, 4 ] },
                "east": { "texture": "#base", "uv": [ 0, 0, 10.5, 4 ] },
                "south": { "texture": "#base", "uv": [ 0, 0, 2, 4 ] },
                "west": { "texture": "#base", "uv": [ 0, 0, 10.5, 4 ] },
                "up": { "texture": "#base", "uv": [ 0, 0, 2, 10.5 ] },
                "down": { "texture": "#base", "uv": [ 0, 0, 2, 10.5 ] }
            }
        },
        {
            "from": [ 3.5, 8, 4.6 ], 
            "to": [ 12.5, 9, 8 ], 
            "faces": {
                "north": { "texture": "#base", "uv": [ 0, 0, 9, 1 ], "tintindex": 0 },
                "east": { "texture": "#base", "uv": [ 0, 0, 3.4, 1 ], "tintindex": 0 },
                "south": { "texture": "#base", "uv": [ 0, 0, 9, 1 ], "tintindex": 0 },
                "west": { "texture": "#base", "uv": [ 0, 0, 3.4, 1 ], "tintindex": 0 },
                "up": { "texture": "#base", "uv": [ 0, 0, 9, 3.4 ], "tintindex": 0 },
                "down": { "texture": "#base", "uv": [ 0, 0, 9, 3.4 ], "tintindex": 0 }
            }
        },
        {
            "from": [ 5.6, 8, 2.2 ], 
            "to": [ 10.4, 9, 4.6 ], 
            "faces": {
                "north": { "texture": "#base", "uv": [ 0, 0, 4.8, 1 ], "tintindex": 0 },
                "east": { "texture": "#base", "uv": [ 0, 0, 2.4, 1 ], "tintindex": 0 },
                "west": { "texture": "#base", "uv": [ 0, 0, 2.4, 1 ], "tintindex": 0 },
                "up": { "texture": "#base", "uv": [ 0, 0, 4.8, 2.4 ], "tintindex": 0 }
            }
        },
        {
            "from": [ 6, 8, -6.8 ], 
            "to": [ 10, 9, 2.2 ], 
            "faces": {
                "north": { "texture": "#base", "uv": [ 0, 0, 4, 1 ], "tintindex": 0 },
                "east": { "texture": "#base", "uv": [ 0, 0, 9, 1 ], "tintindex": 0 },
                "west": { "texture": "#base", "uv": [ 0, 0, 9, 1 ], "tintindex": 0 },
                "up": { "texture": "#base", "uv": [ 0, 0, 4, 9 ], "tintindex": 0 }
            }
        },
        {
            "from": [ 8.8, 8, -10.8 ], 
            "to": [ 10, 9, -6.8 ], 
            "rotation": { "origin": [ 10.0, 8.0, -6.799999997019768 ], "axis": "y", "angle": 22.5 },
            "faces": {
                "north": { "texture": "#base", "uv": [ 0, 0, 1.2, 1 ], "tintindex": 0 },
                "east": { "texture": "#base", "uv": [ 0, 0, 4, 1 ], "tintindex": 0 },
                "south": { "texture": "#base", "uv": [ 0, 0, 1.2, 1 ], "tintindex": 0 },
                "west": { "texture": "#base", "uv": [ 0, 0, 4, 1 ], "tintindex": 0 },
                "up": { "texture": "#base", "uv": [ 0, 0, 1.2, 4 ], "tintindex": 0 },
                "down": { "texture": "#base", "uv": [ 0, 0, 1.2, 4 ], "tintindex": 0 }
            }
        },
        {
            "from": [ 6, 8, -10.8 ], 
            "to": [ 7.2, 9, -6.8 ], 
            "rotation": { "origin": [ 6.0, 8.0, -6.799999997019768 ], "axis": "y", "angle": -22.5 },
            "faces": {
                "north": { "texture": "#base", "uv": [ 0, 0, 1.2, 1 ], "tintindex": 0 },
                "east": { "texture": "#base", "uv": [ 0, 0, 4, 1 ], "tintindex": 0 },
                "south": { "texture": "#base", "uv": [ 0, 0, 1.2, 1 ], "tintindex": 0 },
                "west": { "texture": "#base", "uv": [ 0, 0, 4, 1 ], "tintindex": 0 },
                "up": { "texture": "#base", "uv": [ 0, 0, 1.2, 4 ], "tintindex": 0 },
                "down": { "texture": "#base", "uv": [ 0, 0, 1.2, 4 ], "tintindex": 0 }
            }
        },
        {
            "from": [ 7.3, 8, -8.8 ], 
            "to": [ 8.7, 9, -6.8 ], 
            "faces": {
                "north": { "texture": "#base", "uv": [ 0, 0, 1.4, 1 ], "tintindex": 0 },
                "east": { "texture": "#base", "uv": [ 0, 0, 2, 1 ], "tintindex": 0 },
                "west": { "texture": "#base", "uv": [ 0, 0, 2, 1 ], "tintindex": 0 },
                "up": { "texture": "#base", "uv": [ 0, 0, 1.4, 2 ], "tintindex": 0 },
                "down": { "texture": "#base", "uv": [ 0, 0, 1.4, 2 ], "tintindex": 0 }
            }
        },
        {
            "from": [ 4.5, 3, 8.1 ], 
            "to": [ 11.5, 8.5, 10.1 ], 
            "faces": {
                "north": { "texture": "#seat", "uv": [ 0, 0, 7, 5.5 ] },
                "east": { "texture": "#seat", "uv": [ 0, 0, 2, 5.5 ] },
                "south": { "texture": "#seat", "uv": [ 0, 0, 7, 5.5 ] },
                "west": { "texture": "#seat", "uv": [ 0, 0, 2, 5.5 ] },
                "up": { "texture": "#seat", "uv": [ 0, 0, 7, 2 ] },
                "down": { "texture": "#seat", "uv": [ 0, 0, 7, 2 ] }
            }
        },
        {
            "from": [ 4.5, 1.7, 10.1 ], 
            "to": [ 11.5, 3.7, 14.1 ], 
            "faces": {
                "north": { "texture": "#seat", "uv": [ 0, 0, 7, 2 ] },
                "east": { "texture": "#seat", "uv": [ 0, 0, 4, 2 ] },
                "south": { "texture": "#seat", "uv": [ 0, 0, 7, 2 ] },
                "west": { "texture": "#seat", "uv": [ 0, 0, 4, 2 ] },
                "up": { "texture": "#seat", "uv": [ 0, 0, 7, 4 ] }
            }
        }
    ]
}