{
    "__comment": "Model generated using MrCrayfish's Model Creator (https://mrcrayfish.com/tools?id=mc)",
    "textures": {
        "ball": "minecraft:block/light_gray_concrete",
        "frame": "minecraft:block/anvil"
    },
    "elements": [
        {
            "from": [ 7.3, 7.3, 7.3 ], 
            "to": [ 8.7, 8.7, 8.7 ], 
            "faces": {
                "north": { "texture": "#ball", "uv": [ 0, 0, 1.4, 1.4 ] },
                "east": { "texture": "#ball", "uv": [ 0, 0, 1.4, 1.4 ] },
                "south": { "texture": "#ball", "uv": [ 0, 0, 1.4, 1.4 ] },
                "west": { "texture": "#ball", "uv": [ 0, 0, 1.4, 1.4 ] },
                "up": { "texture": "#ball", "uv": [ 0, 0, 1.4, 1.4 ] },
                "down": { "texture": "#ball", "uv": [ 0, 0, 1.4, 1.4 ] }
            }
        },
        {
            "from": [ 7.5, 7, 7.5 ], 
            "to": [ 8.5, 8, 8.5 ], 
            "faces": {
                "north": { "texture": "#ball", "uv": [ 0, 0, 1, 1 ] },
                "east": { "texture": "#ball", "uv": [ 0, 0, 1, 1 ] },
                "south": { "texture": "#ball", "uv": [ 0, 0, 1, 1 ] },
                "west": { "texture": "#ball", "uv": [ 0, 0, 1, 1 ] }
            }
        },
        {
            "from": [ 7, 6, 7 ], 
            "to": [ 9, 7, 9 ], 
            "faces": {
                "east": { "texture": "#frame", "uv": [ 0, 0, 2, 1 ] },
                "south": { "texture": "#frame", "uv": [ 0, 0, 2, 1 ] },
                "west": { "texture": "#frame", "uv": [ 0, 0, 2, 1 ] },
                "up": { "texture": "#frame", "uv": [ 0, 0, 2, 2 ] },
                "down": { "texture": "#frame", "uv": [ 0, 0, 2, 2 ] }
            }
        },
        {
            "from": [ 7, 6, 4.7 ], 
            "to": [ 9, 7, 7 ], 
            "rotation": { "origin": [ 8.0, 7.0, 7.0 ], "axis": "x", "angle": -22.5 },
            "faces": {
                "north": { "texture": "#frame", "uv": [ 0, 0, 2, 1 ] },
                "east": { "texture": "#frame", "uv": [ 0, 0, 2.3, 1 ] },
                "south": { "texture": "#frame", "uv": [ 0, 0, 2, 1 ] },
                "west": { "texture": "#frame", "uv": [ 0, 0, 2.3, 1 ] },
                "up": { "texture": "#frame", "uv": [ 0, 0, 2, 2.3 ] },
                "down": { "texture": "#frame", "uv": [ 0, 0, 2, 2.3 ] }
            }
        },
        {
            "from": [ 7, 5.2, 2.4 ], 
            "to": [ 9, 6.2, 5.3 ], 
            "faces": {
                "east": { "texture": "#frame", "uv": [ 0, 0, 2.9, 1 ] },
                "south": { "texture": "#frame", "uv": [ 0, 0, 2, 1 ] },
                "west": { "texture": "#frame", "uv": [ 0, 0, 2.9, 1 ] },
                "up": { "texture": "#frame", "uv": [ 0, 0, 2, 2.9 ] },
                "down": { "texture": "#frame", "uv": [ 0, 0, 2, 2.9 ] }
            }
        }
    ]
}