{
    "__comment": "Model generated using MrCrayfish's Model Creator (https://mrcrayfish.com/tools?id=mc)",
    "textures": {
        "seat": "minecraft:block/black_wool",
        "axel": "minecraft:block/light_gray_concrete",
        "color": "minecraft:block/white_concrete",
        "detail": "minecraft:block/anvil",
        "cray_industries_logo": "vehicle:model/cray_industries"
    },
    "display": {
        "gui": {
            "rotation": [ 30, 225, 0 ],
            "translation": [ 0, 0, 0 ],
            "scale": [ 0.625, 0.625, 0.625 ]
        },
        "ground": {
            "rotation": [ 0, 0, 0 ],
            "translation": [ 0, 3, 0 ],
            "scale": [ 0.25, 0.25, 0.25 ]
        },
        "fixed": {
            "rotation": [ 0, 0, 0 ],
            "translation": [ 0, 0, 0 ],
            "scale": [ 0.5, 0.5, 0.5 ]
        },
        "firstperson_righthand": {
            "rotation": [ 0, 45, 0 ],
            "translation": [ 0, 2.5, 0 ],
            "scale": [ 0.4, 0.4, 0.4 ]
        },
        "thirdperson_righthand": {
            "rotation": [ 75, 45, 0 ],
            "translation": [ 0, 2.5, 0 ],
            "scale": [ 0.375, 0.375, 0.375 ]
        }
    },
    "elements": [
        {
            "from": [ 2, 5, 9 ], 
            "to": [ 14, 7, 25 ], 
            "faces": {
                "north": { "texture": "#color", "uv": [ 0, 0, 12, 2 ], "tintindex": 0 },
                "east": { "texture": "#color", "uv": [ 0, 0, 16, 2 ], "tintindex": 0 },
                "south": { "texture": "#color", "uv": [ 0, 0, 12, 2 ], "tintindex": 0 },
                "west": { "texture": "#color", "uv": [ 0, 0, 16, 2 ], "tintindex": 0 },
                "up": { "texture": "#color", "uv": [ 0, 0, 12, 16 ], "tintindex": 0 },
                "down": { "texture": "#color", "uv": [ 0, 0, 12, 16 ], "tintindex": 0 }
            }
        },
        {
            "from": [ 2, 15, 9 ], 
            "to": [ 14, 18, 25 ], 
            "faces": {
                "north": { "texture": "#color", "uv": [ 0, 0, 12, 3 ], "tintindex": 0 },
                "east": { "texture": "#color", "uv": [ 0, 0, 16, 3 ], "tintindex": 0 },
                "south": { "texture": "#color", "uv": [ 0, 0, 12, 3 ], "tintindex": 0 },
                "west": { "texture": "#color", "uv": [ 0, 0, 16, 3 ], "tintindex": 0 },
                "up": { "texture": "#color", "uv": [ 0, 0, 12, 16 ], "tintindex": 0 },
                "down": { "texture": "#color", "uv": [ 0, 0, 12, 16 ], "tintindex": 0 }
            }
        },
        {
            "from": [ 2, 7, 21 ], 
            "to": [ 14, 15, 25 ], 
            "faces": {
                "north": { "texture": "#color", "uv": [ 0, 0, 12, 8 ], "tintindex": 0 },
                "east": { "texture": "#color", "uv": [ 0, 0, 4, 8 ], "tintindex": 0 },
                "south": { "texture": "#color", "uv": [ 0, 0, 12, 8 ], "tintindex": 0 },
                "west": { "texture": "#color", "uv": [ 0, 0, 4, 8 ], "tintindex": 0 }
            }
        },
        {
            "from": [ 4, 5, 25 ], 
            "to": [ 12, 18, 27 ], 
            "faces": {
                "north": { "texture": "#color", "uv": [ 0, 0, 8, 13 ], "tintindex": 0 },
                "east": { "texture": "#color", "uv": [ 0, 0, 2, 13 ], "tintindex": 0 },
                "south": { "texture": "#color", "uv": [ 0, 0, 8, 13 ], "tintindex": 0 },
                "west": { "texture": "#color", "uv": [ 0, 0, 2, 13 ], "tintindex": 0 },
                "down": { "texture": "#color", "uv": [ 0, 0, 8, 2 ], "tintindex": 0 }
            }
        },
        {
            "from": [ 12, 5, 25 ], 
            "to": [ 14.83, 18, 27 ], 
            "rotation": { "origin": [ 12, 8, 27 ], "axis": "y", "angle": 45.0 },
            "faces": {
                "south": { "texture": "#color", "uv": [ 0, 0, 2.83, 13 ], "tintindex": 0 },
                "up": { "texture": "#color", "uv": [ 0, 0, 2.83, 2 ], "tintindex": 0 },
                "down": { "texture": "#color", "uv": [ 0, 0, 2.83, 2 ], "tintindex": 0 }
            }
        },
        {
            "from": [ 1.17, 5, 25 ], 
            "to": [ 4, 18, 27 ], 
            "rotation": { "origin": [ 4, 5, 27 ], "axis": "y", "angle": -45.0 },
            "faces": {
                "south": { "texture": "#color", "uv": [ 0, 0, 2.83, 13 ], "tintindex": 0 },
                "up": { "texture": "#color", "uv": [ 0, 0, 2.83, 2 ], "tintindex": 0 },
                "down": { "texture": "#color", "uv": [ 0, 0, 2.83, 2 ], "tintindex": 0 }
            }
        },
        {
            "from": [ 6, 1, 20 ], 
            "to": [ 10, 5, 24 ], 
            "faces": {
                "north": { "texture": "#detail", "uv": [ 0, 0, 4, 4 ] },
                "east": { "texture": "#detail", "uv": [ 0, 0, 4, 4 ] },
                "south": { "texture": "#detail", "uv": [ 0, 0, 4, 4 ] },
                "west": { "texture": "#detail", "uv": [ 0, 0, 4, 4 ] },
                "down": { "texture": "#detail", "uv": [ 0, 0, 4, 4 ] }
            }
        },
        {
            "from": [ 4, 18, 11.41 ], 
            "to": [ 12, 19, 27 ], 
            "faces": {
                "north": { "texture": "#axel", "uv": [ 0, 0, 8, 1 ] },
                "east": { "texture": "#axel", "uv": [ 0, 0, 15.59, 1 ] },
                "west": { "texture": "#axel", "uv": [ 0, 0, 15.59, 1 ] },
                "up": { "texture": "#axel", "uv": [ 0, 0, 8, 15.59 ] },
                "down": { "texture": "#axel", "uv": [ 0, 0, 8, 15.59 ] }
            }
        },
        {
            "from": [ 5, 19, 21 ], 
            "to": [ 7, 20, 23 ], 
            "faces": {
                "north": { "texture": "#detail", "uv": [ 0, 0, 2, 1 ] },
                "east": { "texture": "#detail", "uv": [ 0, 0, 2, 1 ] },
                "south": { "texture": "#detail", "uv": [ 0, 0, 2, 1 ] },
                "west": { "texture": "#detail", "uv": [ 0, 0, 2, 1 ] }
            }
        },
        {
            "from": [ 4.7, 20, 20.7 ], 
            "to": [ 7.3, 25, 23.3 ], 
            "faces": {
                "north": { "texture": "#detail", "uv": [ 0, 0, 2.6, 5 ] },
                "east": { "texture": "#detail", "uv": [ 0, 0, 2.6, 5 ] },
                "south": { "texture": "#detail", "uv": [ 0, 0, 2.6, 5 ] },
                "west": { "texture": "#detail", "uv": [ 0, 0, 2.6, 5 ] },
                "up": { "texture": "#detail", "uv": [ 0, 0, 2.6, 2.6 ] },
                "down": { "texture": "#detail", "uv": [ 0, 0, 2.6, 2.6 ] }
            }
        },
        {
            "from": [ 5, 25, 21 ], 
            "to": [ 7, 27, 23 ], 
            "faces": {
                "north": { "texture": "#detail", "uv": [ 0, 0, 2, 2 ] },
                "east": { "texture": "#detail", "uv": [ 0, 0, 2, 2 ] },
                "south": { "texture": "#detail", "uv": [ 0, 0, 2, 2 ] },
                "west": { "texture": "#detail", "uv": [ 0, 0, 2, 2 ] },
                "up": { "texture": "#detail", "uv": [ 0, 0, 2, 2 ] }
            }
        },
        {
            "from": [ 0, 2, 21 ], 
            "to": [ 16, 4, 23 ], 
            "faces": {
                "north": { "texture": "#axel", "uv": [ 0, 0, 16, 2 ] },
                "east": { "texture": "#axel", "uv": [ 0, 0, 2, 2 ] },
                "south": { "texture": "#axel", "uv": [ 0, 0, 16, 2 ] },
                "west": { "texture": "#axel", "uv": [ 0, 0, 2, 2 ] },
                "up": { "texture": "#axel", "uv": [ 0, 0, 16, 2 ] },
                "down": { "texture": "#axel", "uv": [ 0, 0, 16, 2 ] }
            }
        },
        {
            "from": [ 2, 14, 5 ], 
            "to": [ 14, 19.66, 9 ], 
            "rotation": { "origin": [ 8, 14, 5 ], "axis": "x", "angle": 45.0 },
            "faces": {
                "north": { "texture": "#color", "uv": [ 0, 0, 12, 5.66 ], "tintindex": 0 },
                "east": { "texture": "#color", "uv": [ 0, 0, 4, 5.66 ], "tintindex": 0 },
                "south": { "texture": "#color", "uv": [ 0, 0, 12, 5.66 ], "tintindex": 0 },
                "west": { "texture": "#color", "uv": [ 0, 0, 4, 5.66 ], "tintindex": 0 },
                "up": { "texture": "#color", "uv": [ 0, 0, 12, 4 ], "tintindex": 0 }
            }
        },
        {
            "from": [ 2, 7, 5 ], 
            "to": [ 14, 14, 10 ], 
            "faces": {
                "north": { "texture": "#color", "uv": [ 0, 0, 12, 7 ], "tintindex": 0 },
                "east": { "texture": "#color", "uv": [ 0, 0, 5, 7 ], "tintindex": 0 },
                "south": { "texture": "#color", "uv": [ 0, 0, 12, 7 ], "tintindex": 0 },
                "west": { "texture": "#color", "uv": [ 0, 0, 5, 7 ], "tintindex": 0 },
                "up": { "texture": "#color", "uv": [ 0, 0, 12, 5 ], "tintindex": 0 },
                "down": { "texture": "#color", "uv": [ 0, 0, 12, 5 ], "tintindex": 0 }
            }
        },
        {
            "from": [ 2, 5, 7.38 ], 
            "to": [ 14, 8, 10.06 ], 
            "rotation": { "origin": [ 8, 5, 10 ], "axis": "x", "angle": -22.5 },
            "faces": {
                "east": { "texture": "#color", "uv": [ 0, 0, 2.68, 3 ], "tintindex": 0 },
                "west": { "texture": "#color", "uv": [ 0, 0, 2.68, 3 ], "tintindex": 0 },
                "down": { "texture": "#color", "uv": [ 0, 0, 12, 2.68 ], "tintindex": 0 }
            }
        },
        {
            "from": [ 2, 4, 0 ], 
            "to": [ 14, 7, 7.58 ], 
            "faces": {
                "east": { "texture": "#color", "uv": [ 0, 0, 7.58, 3 ], "tintindex": 0 },
                "south": { "texture": "#color", "uv": [ 0, 0, 12, 3 ], "tintindex": 0 },
                "west": { "texture": "#color", "uv": [ 0, 0, 7.58, 3 ], "tintindex": 0 },
                "up": { "texture": "#color", "uv": [ 0, 0, 12, 7.58 ], "tintindex": 0 },
                "down": { "texture": "#color", "uv": [ 0, 0, 12, 7.58 ], "tintindex": 0 }
            }
        },
        {
            "from": [ 2, 4, -10 ], 
            "to": [ 14, 11, -2 ], 
            "faces": {
                "north": { "texture": "#color", "uv": [ 0, 0, 12, 7 ], "tintindex": 0 },
                "east": { "texture": "#color", "uv": [ 0, 0, 8, 7 ], "tintindex": 0 },
                "south": { "texture": "#color", "uv": [ 0, 0, 12, 7 ], "tintindex": 0 },
                "west": { "texture": "#color", "uv": [ 0, 0, 8, 7 ], "tintindex": 0 },
                "up": { "texture": "#color", "uv": [ 0, 0, 12, 8 ], "tintindex": 0 },
                "down": { "texture": "#color", "uv": [ 0, 0, 12, 8 ], "tintindex": 0 }
            }
        },
        {
            "from": [ 2, 4, -2 ], 
            "to": [ 14, 9, 0 ], 
            "faces": {
                "east": { "texture": "#color", "uv": [ 0, 0, 2, 5 ], "tintindex": 0 },
                "south": { "texture": "#color", "uv": [ 0, 0, 12, 5 ], "tintindex": 0 },
                "west": { "texture": "#color", "uv": [ 0, 0, 2, 5 ], "tintindex": 0 },
                "up": { "texture": "#color", "uv": [ 0, 0, 12, 2 ], "tintindex": 0 },
                "down": { "texture": "#color", "uv": [ 0, 0, 12, 2 ], "tintindex": 0 }
            }
        },
        {
            "from": [ 2, 9, -2 ], 
            "to": [ 14, 11.83, 0 ], 
            "rotation": { "origin": [ 8, 9, 0 ], "axis": "x", "angle": -45.0 },
            "faces": {
                "east": { "texture": "#color", "uv": [ 0, 0, 2, 2.83 ], "tintindex": 0 },
                "south": { "texture": "#color", "uv": [ 0, 0, 12, 2.83 ], "tintindex": 0 },
                "west": { "texture": "#color", "uv": [ 0, 0, 2, 2.83 ], "tintindex": 0 }
            }
        },
        {
            "from": [ 4, 4, -12 ], 
            "to": [ 12, 11, -10 ], 
            "faces": {
                "north": { "texture": "#color", "uv": [ 0, 0, 8, 7 ], "tintindex": 0 },
                "east": { "texture": "#color", "uv": [ 0, 0, 2, 7 ], "tintindex": 0 },
                "west": { "texture": "#color", "uv": [ 0, 0, 2, 7 ], "tintindex": 0 },
                "up": { "texture": "#color", "uv": [ 0, 0, 8, 2 ], "tintindex": 0 },
                "down": { "texture": "#color", "uv": [ 0, 0, 8, 2 ], "tintindex": 0 }
            }
        },
        {
            "from": [ 12, 4, -12 ], 
            "to": [ 14.83, 11, -10 ], 
            "rotation": { "origin": [ 12, 8, -12 ], "axis": "y", "angle": -45.0 },
            "faces": {
                "north": { "texture": "#color", "uv": [ 0, 0, 2.83, 7 ], "tintindex": 0 },
                "up": { "texture": "#color", "uv": [ 0, 0, 2.83, 2 ], "tintindex": 0 },
                "down": { "texture": "#color", "uv": [ 0, 0, 2.83, 2 ], "tintindex": 0 }
            }
        },
        {
            "from": [ 2, 4, -10 ], 
            "to": [ 4.83, 11, -8 ], 
            "rotation": { "origin": [ 2, 8, -10 ], "axis": "y", "angle": 45.0 },
            "faces": {
                "north": { "texture": "#color", "uv": [ 0, 0, 2.83, 7 ], "tintindex": 0 },
                "up": { "texture": "#color", "uv": [ 0, 0, 2.83, 2 ], "tintindex": 0 },
                "down": { "texture": "#color", "uv": [ 0, 0, 2.83, 2 ], "tintindex": 0 }
            }
        },
        {
            "from": [ -1, 7, -8 ], 
            "to": [ 2, 10, -5 ], 
            "faces": {
                "north": { "texture": "#axel", "uv": [ 0, 0, 3, 3 ] },
                "south": { "texture": "#axel", "uv": [ 0, 0, 3, 3 ] },
                "west": { "texture": "#axel", "uv": [ 0, 0, 3, 3 ] },
                "up": { "texture": "#axel", "uv": [ 0, 0, 3, 3 ] },
                "down": { "texture": "#axel", "uv": [ 0, 0, 3, 3 ] }
            }
        },
        {
            "from": [ 14, 7, -8 ], 
            "to": [ 17, 10, -5 ], 
            "faces": {
                "north": { "texture": "#axel", "uv": [ 0, 0, 3, 3 ] },
                "east": { "texture": "#axel", "uv": [ 0, 0, 3, 3 ] },
                "south": { "texture": "#axel", "uv": [ 0, 0, 3, 3 ] },
                "up": { "texture": "#axel", "uv": [ 0, 0, 3, 3 ] },
                "down": { "texture": "#axel", "uv": [ 0, 0, 3, 3 ] }
            }
        },
        {
            "from": [ 4, 17, 9 ], 
            "to": [ 12, 18, 11.61 ], 
            "rotation": { "origin": [ 8, 18, 9 ], "axis": "x", "angle": -22.5 },
            "faces": {
                "east": { "texture": "#axel", "uv": [ 0, 0, 2.61, 1 ] },
                "south": { "texture": "#axel", "uv": [ 0, 0, 8, 1 ] },
                "west": { "texture": "#axel", "uv": [ 0, 0, 2.61, 1 ] },
                "up": { "texture": "#axel", "uv": [ 0, 0, 8, 2.61 ] }
            }
        },
        {
            "from": [ 4, 11, -9 ], 
            "to": [ 12, 12, -3 ], 
            "faces": {
                "north": { "texture": "#detail", "uv": [ 0, 0, 8, 1 ] },
                "east": { "texture": "#detail", "uv": [ 0, 0, 6, 1 ] },
                "south": { "texture": "#detail", "uv": [ 0, 0, 8, 1 ] },
                "west": { "texture": "#detail", "uv": [ 0, 0, 6, 1 ] }
            }
        },
        {
            "from": [ 3, 13, -9 ], 
            "to": [ 13, 14, -1.9 ], 
            "faces": {
                "east": { "texture": "#seat", "uv": [ 0, 0, 7.1, 1 ] },
                "south": { "texture": "#seat", "uv": [ 0, 0, 10, 1 ] },
                "west": { "texture": "#seat", "uv": [ 0, 0, 7.1, 1 ] },
                "up": { "texture": "#seat", "uv": [ 0, 0, 10, 7.1 ] }
            }
        },
        {
            "from": [ 3, 14, -9 ], 
            "to": [ 13, 20, -8 ], 
            "faces": {
                "north": { "texture": "#seat", "uv": [ 0, 0, 10, 6 ] },
                "east": { "texture": "#seat", "uv": [ 0, 0, 1, 6 ] },
                "south": { "texture": "#seat", "uv": [ 0, 0, 10, 6 ] },
                "west": { "texture": "#seat", "uv": [ 0, 0, 1, 6 ] },
                "up": { "texture": "#seat", "uv": [ 0, 0, 10, 1 ] }
            }
        },
        {
            "from": [ 7.5, 14, 0 ], 
            "to": [ 8.5, 15, 10 ], 
            "rotation": { "origin": [ 8, 14, 10 ], "axis": "x", "angle": 22.5 },
            "faces": {
                "north": { "texture": "#axel", "uv": [ 0, 0, 1, 1 ] },
                "east": { "texture": "#axel", "uv": [ 0, 0, 10, 1 ] },
                "west": { "texture": "#axel", "uv": [ 0, 0, 10, 1 ] },
                "up": { "texture": "#axel", "uv": [ 0, 0, 1, 10 ] },
                "down": { "texture": "#axel", "uv": [ 0, 0, 1, 10 ] }
            }
        },
        {
            "from": [ 3, 13.79, 4.5 ], 
            "to": [ 13, 18.35, 5 ], 
            "rotation": { "origin": [ 8, 14, 5 ], "axis": "x", "angle": 45.0 },
            "faces": {
                "north": { "texture": "#detail", "uv": [ 0, 0, 10, 4.56 ] },
                "east": { "texture": "#detail", "uv": [ 0, 0, 0.5, 0.56 ] },
                "west": { "texture": "#detail", "uv": [ 0, 0, 0.5, 0.56 ] },
                "up": { "texture": "#detail", "uv": [ 0, 0, 10, 0.5 ] },
                "down": { "texture": "#detail", "uv": [ 0, 0, 10, 0.5 ] }
            }
        },
        {
            "from": [ 6, 2, -11 ], 
            "to": [ 10, 4, -7 ], 
            "faces": {
                "north": { "texture": "#detail", "uv": [ 0, 0, 4, 2 ] },
                "east": { "texture": "#detail", "uv": [ 0, 0, 4, 2 ] },
                "south": { "texture": "#detail", "uv": [ 0, 0, 4, 2 ] },
                "west": { "texture": "#detail", "uv": [ 0, 0, 4, 2 ] },
                "up": { "texture": "#detail", "uv": [ 0, 0, 4, 4 ] },
                "down": { "texture": "#detail", "uv": [ 0, 0, 4, 4 ] }
            }
        },
        {
            "from": [ 3, 2, -10.99 ], 
            "to": [ 6, 4, -7.01 ], 
            "rotation": { "origin": [ 6, 2, -9 ], "axis": "z", "angle": -45.0 },
            "faces": {
                "north": { "texture": "#detail", "uv": [ 0, 0, 3, 2 ] },
                "east": { "texture": "#detail", "uv": [ 0, 0, 3.98, 2 ] },
                "south": { "texture": "#detail", "uv": [ 0, 0, 3, 2 ] },
                "down": { "texture": "#detail", "uv": [ 0, 0, 3, 3.98 ] }
            }
        },
        {
            "from": [ 10, 2, -10.99 ], 
            "to": [ 13, 4, -7.01 ], 
            "rotation": { "origin": [ 10, 2, -9 ], "axis": "z", "angle": 45.0 },
            "faces": {
                "north": { "texture": "#detail", "uv": [ 0, 0, 3, 2 ] },
                "south": { "texture": "#detail", "uv": [ 0, 0, 3, 2 ] },
                "down": { "texture": "#detail", "uv": [ 0, 0, 3, 3.98 ] }
            }
        },
        {
            "from": [ 4, 8, 27 ], 
            "to": [ 6, 19, 28 ], 
            "faces": {
                "east": { "texture": "#axel", "uv": [ 0, 0, 1, 11 ] },
                "south": { "texture": "#axel", "uv": [ 0, 0, 2, 11 ] },
                "west": { "texture": "#axel", "uv": [ 0, 0, 1, 11 ] },
                "up": { "texture": "#axel", "uv": [ 0, 0, 2, 1 ] }
            }
        },
        {
            "from": [ 4, 5, 27 ], 
            "to": [ 12, 8, 28 ], 
            "rotation": { "origin": [ 8, 8, 28 ], "axis": "x", "angle": 22.5 },
            "faces": {
                "east": { "texture": "#axel", "uv": [ 0, 0, 1, 3 ] },
                "south": { "texture": "#axel", "uv": [ 0, 0, 8, 3 ] },
                "west": { "texture": "#axel", "uv": [ 0, 0, 1, 3 ] }
            }
        },
        {
            "from": [ 10, 8, 27 ], 
            "to": [ 12, 19, 28 ], 
            "faces": {
                "east": { "texture": "#axel", "uv": [ 0, 0, 1, 11 ] },
                "south": { "texture": "#axel", "uv": [ 0, 0, 2, 11 ] },
                "west": { "texture": "#axel", "uv": [ 0, 0, 1, 11 ] },
                "up": { "texture": "#axel", "uv": [ 0, 0, 2, 1 ] }
            }
        },
        {
            "from": [ 6, 8, 27 ], 
            "to": [ 10, 10, 28 ], 
            "faces": {
                "south": { "texture": "#axel", "uv": [ 0, 0, 4, 2 ] },
                "up": { "texture": "#axel", "uv": [ 0, 0, 4, 1 ] }
            }
        },
        {
            "from": [ 6, 11, 27 ], 
            "to": [ 10, 12, 28 ], 
            "faces": {
                "south": { "texture": "#axel", "uv": [ 0, 0, 4, 1 ] },
                "up": { "texture": "#axel", "uv": [ 0, 0, 4, 1 ] },
                "down": { "texture": "#axel", "uv": [ 0, 0, 4, 1 ] }
            }
        },
        {
            "from": [ 6, 13, 27 ], 
            "to": [ 10, 14, 28 ], 
            "faces": {
                "south": { "texture": "#axel", "uv": [ 0, 0, 4, 1 ] },
                "up": { "texture": "#axel", "uv": [ 0, 0, 4, 1 ] },
                "down": { "texture": "#axel", "uv": [ 0, 0, 4, 1 ] }
            }
        },
        {
            "from": [ 6, 15, 27 ], 
            "to": [ 10, 16, 28 ], 
            "faces": {
                "south": { "texture": "#axel", "uv": [ 0, 0, 4, 1 ] },
                "up": { "texture": "#axel", "uv": [ 0, 0, 4, 1 ] },
                "down": { "texture": "#axel", "uv": [ 0, 0, 4, 1 ] }
            }
        },
        {
            "from": [ 6, 17, 27 ], 
            "to": [ 10, 19, 28 ], 
            "faces": {
                "south": { "texture": "#axel", "uv": [ 0, 0, 4, 2 ] },
                "up": { "texture": "#axel", "uv": [ 0, 0, 4, 1 ] },
                "down": { "texture": "#axel", "uv": [ 0, 0, 4, 1 ] }
            }
        },
        {
            "from": [ 6, 10, 27 ], 
            "to": [ 10, 17, 27.1 ], 
            "faces": {
                "south": { "texture": "#detail", "uv": [ 0, 0, 4, 7 ] }
            }
        },
        {
            "from": [ 3, 7, 4.5 ], 
            "to": [ 13, 14.2, 5 ], 
            "faces": {
                "north": { "texture": "#detail", "uv": [ 0, 0, 10, 7.2 ] },
                "east": { "texture": "#detail", "uv": [ 0, 0, 0.5, 1.2 ] },
                "west": { "texture": "#detail", "uv": [ 0, 0, 0.5, 1.2 ] },
                "up": { "texture": "#detail", "uv": [ 0, 0, 10, 0.5 ] }
            }
        },
        {
            "from": [ 3, 7, 0 ], 
            "to": [ 13, 7.5, 4.5 ], 
            "faces": {
                "east": { "texture": "#detail", "uv": [ 0, 0, 0.5, 1.2 ] },
                "west": { "texture": "#detail", "uv": [ 0, 0, 0.5, 1.2 ] },
                "up": { "texture": "#detail", "uv": [ 0, 0, 10, 4.5 ] }
            }
        },
        {
            "from": [ 3, 12, -10 ], 
            "to": [ 13, 13, -2 ], 
            "faces": {
                "north": { "texture": "#axel", "uv": [ 0, 0, 10, 1 ] },
                "east": { "texture": "#axel", "uv": [ 0, 0, 8, 1 ] },
                "south": { "texture": "#axel", "uv": [ 0, 0, 10, 1 ] },
                "west": { "texture": "#axel", "uv": [ 0, 0, 8, 1 ] },
                "down": { "texture": "#axel", "uv": [ 0, 0, 10, 8 ] }
            }
        },
        {
            "from": [ 3, 13, -10 ], 
            "to": [ 13, 19, -9 ], 
            "faces": {
                "north": { "texture": "#axel", "uv": [ 0, 0, 10, 6 ] },
                "south": { "texture": "#axel", "uv": [ 0, 0, 10, 6 ] },
                "up": { "texture": "#axel", "uv": [ 0, 0, 10, 1 ] }
            }
        },
        {
            "from": [ 2, 13, -10 ], 
            "to": [ 3, 19, -6 ], 
            "faces": {
                "north": { "texture": "#axel", "uv": [ 0, 0, 1, 6 ] },
                "east": { "texture": "#axel", "uv": [ 0, 0, 4, 6 ] },
                "west": { "texture": "#axel", "uv": [ 0, 0, 4, 6 ] },
                "up": { "texture": "#axel", "uv": [ 0, 0, 1, 4 ] },
                "down": { "texture": "#axel", "uv": [ 0, 0, 1, 4 ] }
            }
        },
        {
            "from": [ 13, 13, -10 ], 
            "to": [ 14, 19, -6 ], 
            "faces": {
                "north": { "texture": "#axel", "uv": [ 0, 0, 1, 6 ] },
                "east": { "texture": "#axel", "uv": [ 0, 0, 4, 6 ] },
                "west": { "texture": "#axel", "uv": [ 0, 0, 4, 6 ] },
                "up": { "texture": "#axel", "uv": [ 0, 0, 1, 4 ] },
                "down": { "texture": "#axel", "uv": [ 0, 0, 1, 4 ] }
            }
        },
        {
            "from": [ 13, 13, -6 ], 
            "to": [ 14, 15, -2 ], 
            "faces": {
                "east": { "texture": "#axel", "uv": [ 0, 0, 4, 2 ] },
                "south": { "texture": "#axel", "uv": [ 0, 0, 1, 2 ] },
                "west": { "texture": "#axel", "uv": [ 0, 0, 4, 2 ] },
                "down": { "texture": "#axel", "uv": [ 0, 0, 1, 4 ] }
            }
        },
        {
            "from": [ 2, 13, -6 ], 
            "to": [ 3, 15, -2 ], 
            "faces": {
                "east": { "texture": "#axel", "uv": [ 0, 0, 4, 2 ] },
                "south": { "texture": "#axel", "uv": [ 0, 0, 1, 2 ] },
                "west": { "texture": "#axel", "uv": [ 0, 0, 4, 2 ] },
                "down": { "texture": "#axel", "uv": [ 0, 0, 1, 4 ] }
            }
        },
        {
            "from": [ 13, 15, -4.8 ], 
            "to": [ 14, 20.66, -2 ], 
            "rotation": { "origin": [ 13, 15, -2 ], "axis": "x", "angle": -45.0 },
            "faces": {
                "north": { "texture": "#axel", "uv": [ 0, 0, 1, 5.66 ] },
                "east": { "texture": "#axel", "uv": [ 0, 0, 2.8, 5.66 ] },
                "south": { "texture": "#axel", "uv": [ 0, 0, 1, 5.66 ] },
                "west": { "texture": "#axel", "uv": [ 0, 0, 2.8, 5.66 ] },
                "up": { "texture": "#axel", "uv": [ 0, 0, 1, 2.8 ] },
                "down": { "texture": "#axel", "uv": [ 0, 0, 1, 2.8 ] }
            }
        },
        {
            "from": [ 2, 15, -4.8 ], 
            "to": [ 3, 20.66, -2 ], 
            "rotation": { "origin": [ 13, 15, -2 ], "axis": "x", "angle": -45.0 },
            "faces": {
                "east": { "texture": "#axel", "uv": [ 0, 0, 2.8, 5.66 ] },
                "south": { "texture": "#axel", "uv": [ 0, 0, 1, 5.66 ] },
                "west": { "texture": "#axel", "uv": [ 0, 0, 2.8, 5.66 ] }
            }
        },
        {
            "from": [ 13, 12, -10 ], 
            "to": [ 14.41, 13, -2 ], 
            "rotation": { "origin": [ 13, 12, -2 ], "axis": "z", "angle": 45.0 },
            "faces": {
                "north": { "texture": "#axel", "uv": [ 0, 0, 1.41, 1 ] },
                "south": { "texture": "#axel", "uv": [ 0, 0, 1.41, 1 ] },
                "down": { "texture": "#axel", "uv": [ 0, 0, 1.41, 8 ] }
            }
        },
        {
            "from": [ 2, 13, -10 ], 
            "to": [ 3.41, 14, -2 ], 
            "rotation": { "origin": [ 2, 13, -6 ], "axis": "z", "angle": -45.0 },
            "faces": {
                "north": { "texture": "#axel", "uv": [ 0, 0, 1.41, 1 ] },
                "south": { "texture": "#axel", "uv": [ 0, 0, 1.41, 1 ] },
                "down": { "texture": "#axel", "uv": [ 0, 0, 1.41, 8 ] }
            }
        },
        {
            "from": [ 5, 17.5, 27.02 ], 
            "to": [ 8, 18.5, 28.02 ], 
            "faces": {
                "south": { "texture": "#cray_industries_logo", "uv": [ 0, 0, 14, 4 ] }
            }
        },
        {
            "from": [ 8.5, 17.5, 27.02 ], 
            "to": [ 11.5, 18.5, 28.02 ], 
            "faces": {
                "south": { "texture": "#cray_industries_logo", "uv": [ 0, 4, 14, 8 ] }
            }
        }
    ]
}