{
    "__comment": "Model generated using MrCrayfish's Model Creator (https://mrcrayfish.com/tools?id=mc)",
    "textures": {
        "bed_frame": "minecraft:block/white_concrete",
        "bed_panel": "minecraft:block/anvil",
        "frame": "minecraft:block/light_gray_concrete"
    },
    "elements": [
        {
            "from": [ -1, 1, 6 ], 
            "to": [ 8, 2, 17 ], 
            "faces": {
                "south": { "texture": "#bed_panel", "uv": [ 0, 0, 9, 1 ] },
                "west": { "texture": "#bed_panel", "uv": [ 0, 0, 11, 1 ] },
                "up": { "texture": "#bed_panel", "uv": [ 0, 0, 9, 11 ] },
                "down": { "texture": "#bed_panel", "uv": [ 0, 0, 9, 11 ] }
            }
        },
        {
            "from": [ 8, 1, 6 ], 
            "to": [ 17, 2, 17 ], 
            "faces": {
                "east": { "texture": "#bed_panel", "uv": [ 0, 0, 11, 1 ] },
                "south": { "texture": "#bed_panel", "uv": [ 0, 0, 9, 1 ] },
                "up": { "texture": "#bed_panel", "uv": [ 4, 0, 13, 11 ] },
                "down": { "texture": "#bed_panel", "uv": [ 0, 0, 9, 11 ] }
            }
        },
        {
            "from": [ -1, 2, 16 ], 
            "to": [ 0, 8, 17 ], 
            "faces": {
                "north": { "texture": "#bed_frame", "uv": [ 0, 0, 1, 6 ], "tintindex": 0 },
                "east": { "texture": "#bed_frame", "uv": [ 0, 0, 1, 6 ], "tintindex": 0 },
                "south": { "texture": "#bed_frame", "uv": [ 0, 0, 1, 6 ], "tintindex": 0 },
                "west": { "texture": "#bed_frame", "uv": [ 0, 0, 1, 6 ], "tintindex": 0 },
                "up": { "texture": "#bed_frame", "uv": [ 0, 0, 1, 1 ], "tintindex": 0 }
            }
        },
        {
            "from": [ 16, 2, 16 ], 
            "to": [ 17, 8, 17 ], 
            "faces": {
                "north": { "texture": "#bed_frame", "uv": [ 0, 0, 1, 6 ], "tintindex": 0 },
                "east": { "texture": "#bed_frame", "uv": [ 0, 0, 1, 6 ], "tintindex": 0 },
                "south": { "texture": "#bed_frame", "uv": [ 0, 0, 1, 6 ], "tintindex": 0 },
                "west": { "texture": "#bed_frame", "uv": [ 0, 0, 1, 6 ], "tintindex": 0 },
                "up": { "texture": "#bed_frame", "uv": [ 0, 0, 1, 1 ], "tintindex": 0 }
            }
        },
        {
            "from": [ 16, 2, -1 ], 
            "to": [ 17, 8, 0 ], 
            "faces": {
                "north": { "texture": "#bed_frame", "uv": [ 0, 0, 1, 6 ], "tintindex": 0 },
                "east": { "texture": "#bed_frame", "uv": [ 0, 0, 1, 6 ], "tintindex": 0 },
                "south": { "texture": "#bed_frame", "uv": [ 0, 0, 1, 6 ], "tintindex": 0 },
                "west": { "texture": "#bed_frame", "uv": [ 0, 0, 1, 6 ], "tintindex": 0 },
                "up": { "texture": "#bed_frame", "uv": [ 0, 0, 1, 1 ], "tintindex": 0 }
            }
        },
        {
            "from": [ -1, 2, -1 ], 
            "to": [ 0, 8, 0 ], 
            "faces": {
                "north": { "texture": "#bed_frame", "uv": [ 0, 0, 1, 6 ], "tintindex": 0 },
                "east": { "texture": "#bed_frame", "uv": [ 0, 0, 1, 6 ], "tintindex": 0 },
                "south": { "texture": "#bed_frame", "uv": [ 0, 0, 1, 6 ], "tintindex": 0 },
                "west": { "texture": "#bed_frame", "uv": [ 0, 0, 1, 6 ], "tintindex": 0 },
                "up": { "texture": "#bed_frame", "uv": [ 0, 0, 1, 1 ], "tintindex": 0 }
            }
        },
        {
            "from": [ -1, 7, 0 ], 
            "to": [ 0, 8, 16 ], 
            "faces": {
                "east": { "texture": "#bed_frame", "uv": [ 0, 0, 16, 1 ], "tintindex": 0 },
                "west": { "texture": "#bed_frame", "uv": [ 0, 0, 16, 1 ], "tintindex": 0 },
                "up": { "texture": "#bed_frame", "uv": [ 0, 0, 1, 16 ], "tintindex": 0 },
                "down": { "texture": "#bed_frame", "uv": [ 0, 0, 1, 16 ], "tintindex": 0 }
            }
        },
        {
            "from": [ 16, 7, 0 ], 
            "to": [ 17, 8, 16 ], 
            "faces": {
                "east": { "texture": "#bed_frame", "uv": [ 0, 0, 16, 1 ], "tintindex": 0 },
                "west": { "texture": "#bed_frame", "uv": [ 0, 0, 16, 1 ], "tintindex": 0 },
                "up": { "texture": "#bed_frame", "uv": [ 0, 0, 1, 16 ], "tintindex": 0 },
                "down": { "texture": "#bed_frame", "uv": [ 0, 0, 1, 16 ], "tintindex": 0 }
            }
        },
        {
            "from": [ -1.5, 0, 7.5 ], 
            "to": [ 8, 1, 8.5 ], 
            "faces": {
                "north": { "texture": "#frame", "uv": [ 0, 0, 9.5, 1 ] },
                "south": { "texture": "#frame", "uv": [ 0, 0, 9.5, 1 ] },
                "west": { "texture": "#frame", "uv": [ 0, 0, 1, 1 ] },
                "up": { "texture": "#frame", "uv": [ 0, 0, 9.5, 1 ] },
                "down": { "texture": "#frame", "uv": [ 0, 0, 9.5, 1 ] }
            }
        },
        {
            "from": [ 8, 0, 7.5 ], 
            "to": [ 17.5, 1, 8.5 ], 
            "faces": {
                "north": { "texture": "#frame", "uv": [ 0, 0, 9.5, 1 ] },
                "east": { "texture": "#frame", "uv": [ 0, 0, 1, 1 ] },
                "south": { "texture": "#frame", "uv": [ 0, 0, 9.5, 1 ] },
                "up": { "texture": "#frame", "uv": [ 0, 0, 9.5, 1 ] },
                "down": { "texture": "#frame", "uv": [ 0, 0, 9.5, 1 ] }
            }
        },
        {
            "from": [ 0, 7, 16 ], 
            "to": [ 8, 8, 17 ], 
            "faces": {
                "north": { "texture": "#bed_frame", "uv": [ 0, 0, 8, 1 ], "tintindex": 0 },
                "south": { "texture": "#bed_frame", "uv": [ 0, 0, 8, 1 ], "tintindex": 0 },
                "up": { "texture": "#bed_frame", "uv": [ 0, 0, 8, 1 ], "tintindex": 0 },
                "down": { "texture": "#bed_frame", "uv": [ 0, 0, 8, 1 ], "tintindex": 0 }
            }
        },
        {
            "from": [ 8, 7, 16 ], 
            "to": [ 16, 8, 17 ], 
            "faces": {
                "north": { "texture": "#bed_frame", "uv": [ 0, 0, 8, 1 ], "tintindex": 0 },
                "south": { "texture": "#bed_frame", "uv": [ 0, 0, 8, 1 ], "tintindex": 0 },
                "up": { "texture": "#bed_frame", "uv": [ 0, 0, 8, 1 ], "tintindex": 0 },
                "down": { "texture": "#bed_frame", "uv": [ 0, 0, 8, 1 ], "tintindex": 0 }
            }
        },
        {
            "from": [ -1, 2, 4 ], 
            "to": [ 0, 7, 12 ], 
            "faces": {
                "north": { "texture": "#bed_frame", "uv": [ 0, 0, 1, 5 ], "tintindex": 0 },
                "east": { "texture": "#bed_frame", "uv": [ 0, 0, 8, 5 ], "tintindex": 0 },
                "south": { "texture": "#bed_frame", "uv": [ 0, 0, 1, 5 ], "tintindex": 0 },
                "west": { "texture": "#bed_frame", "uv": [ 0, 0, 8, 5 ], "tintindex": 0 },
                "down": { "texture": "#bed_frame", "uv": [ 0, 0, 1, 8 ], "tintindex": 0 }
            }
        },
        {
            "from": [ 16, 2, 4 ], 
            "to": [ 17, 7, 12 ], 
            "faces": {
                "north": { "texture": "#bed_frame", "uv": [ 0, 0, 1, 5 ], "tintindex": 0 },
                "east": { "texture": "#bed_frame", "uv": [ 0, 0, 8, 5 ], "tintindex": 0 },
                "south": { "texture": "#bed_frame", "uv": [ 0, 0, 1, 5 ], "tintindex": 0 },
                "west": { "texture": "#bed_frame", "uv": [ 0, 0, 8, 5 ], "tintindex": 0 },
                "down": { "texture": "#bed_frame", "uv": [ 0, 0, 1, 8 ], "tintindex": 0 }
            }
        },
        {
            "from": [ -5, 6, 5 ], 
            "to": [ -1, 7, 11 ], 
            "faces": {
                "north": { "texture": "#bed_panel", "uv": [ 0, 0, 4, 1 ] },
                "south": { "texture": "#bed_panel", "uv": [ 0, 0, 4, 1 ] },
                "west": { "texture": "#bed_panel", "uv": [ 0, 0, 6, 1 ] },
                "up": { "texture": "#bed_panel", "uv": [ 0, 0, 4, 6 ] },
                "down": { "texture": "#bed_panel", "uv": [ 0, 0, 4, 6 ] }
            }
        },
        {
            "from": [ -5, 6, 11 ], 
            "to": [ -1, 7, 14 ], 
            "rotation": { "origin": [ 8.0, 7.0, 11.000000014901161 ], "axis": "x", "angle": 45.0 },
            "faces": {
                "north": { "texture": "#bed_panel", "uv": [ 0, 0, 4, 1 ] },
                "east": { "texture": "#bed_panel", "uv": [ 0, 0, 3, 1 ] },
                "south": { "texture": "#bed_panel", "uv": [ 0, 0, 4, 1 ] },
                "west": { "texture": "#bed_panel", "uv": [ 0, 0, 3, 1 ] },
                "up": { "texture": "#bed_panel", "uv": [ 0, 0, 4, 3 ] },
                "down": { "texture": "#bed_panel", "uv": [ 0, 0, 4, 3 ] }
            }
        },
        {
            "from": [ -5, 6, 2 ], 
            "to": [ -1, 7, 5 ], 
            "rotation": { "origin": [ 8.0, 7.0, 5.000000014901161 ], "axis": "x", "angle": -45.0 },
            "faces": {
                "north": { "texture": "#bed_panel", "uv": [ 0, 0, 4, 1 ] },
                "east": { "texture": "#bed_panel", "uv": [ 0, 0, 3, 1 ] },
                "south": { "texture": "#bed_panel", "uv": [ 0, 0, 4, 1 ] },
                "west": { "texture": "#bed_panel", "uv": [ 0, 0, 3, 1 ] },
                "up": { "texture": "#bed_panel", "uv": [ 0, 0, 4, 3 ] },
                "down": { "texture": "#bed_panel", "uv": [ 0, 0, 4, 3 ] }
            }
        },
        {
            "from": [ 17, 6, 5 ], 
            "to": [ 21, 7, 11 ], 
            "faces": {
                "north": { "texture": "#bed_panel", "uv": [ 0, 0, 4, 1 ] },
                "east": { "texture": "#bed_panel", "uv": [ 0, 0, 6, 1 ] },
                "south": { "texture": "#bed_panel", "uv": [ 0, 0, 4, 1 ] },
                "up": { "texture": "#bed_panel", "uv": [ 0, 0, 4, 6 ] },
                "down": { "texture": "#bed_panel", "uv": [ 0, 0, 4, 6 ] }
            }
        },
        {
            "from": [ 17, 6, 11 ], 
            "to": [ 21, 7, 14 ], 
            "rotation": { "origin": [ 8.0, 7.0, 11.000000014901161 ], "axis": "x", "angle": 45.0 },
            "faces": {
                "north": { "texture": "#bed_panel", "uv": [ 0, 0, 4, 1 ] },
                "east": { "texture": "#bed_panel", "uv": [ 0, 0, 3, 1 ] },
                "south": { "texture": "#bed_panel", "uv": [ 0, 0, 4, 1 ] },
                "west": { "texture": "#bed_panel", "uv": [ 0, 0, 3, 1 ] },
                "up": { "texture": "#bed_panel", "uv": [ 0, 0, 4, 3 ] },
                "down": { "texture": "#bed_panel", "uv": [ 0, 0, 4, 3 ] }
            }
        },
        {
            "from": [ 17, 6, 2 ], 
            "to": [ 21, 7, 5 ], 
            "rotation": { "origin": [ 8.0, 7.0, 5.000000014901161 ], "axis": "x", "angle": -45.0 },
            "faces": {
                "north": { "texture": "#bed_panel", "uv": [ 0, 0, 4, 1 ] },
                "east": { "texture": "#bed_panel", "uv": [ 0, 0, 3, 1 ] },
                "south": { "texture": "#bed_panel", "uv": [ 0, 0, 4, 1 ] },
                "west": { "texture": "#bed_panel", "uv": [ 0, 0, 3, 1 ] },
                "up": { "texture": "#bed_panel", "uv": [ 0, 0, 4, 3 ] },
                "down": { "texture": "#bed_panel", "uv": [ 0, 0, 4, 3 ] }
            }
        },
        {
            "from": [ 1, -0.5, 3 ], 
            "to": [ 3, 1, 14 ], 
            "faces": {
                "east": { "texture": "#frame", "uv": [ 0, 0, 11, 1.5 ] },
                "south": { "texture": "#frame", "uv": [ 0, 0, 2, 1.5 ] },
                "west": { "texture": "#frame", "uv": [ 0, 0, 11, 1.5 ] },
                "up": { "texture": "#frame", "uv": [ 0, 0, 2, 11 ] },
                "down": { "texture": "#frame", "uv": [ 0, 0, 2, 11 ] }
            }
        },
        {
            "from": [ 13, -0.5, 3 ], 
            "to": [ 15, 1, 14 ], 
            "faces": {
                "east": { "texture": "#frame", "uv": [ 0, 0, 11, 1.5 ] },
                "south": { "texture": "#frame", "uv": [ 0, 0, 2, 1.5 ] },
                "west": { "texture": "#frame", "uv": [ 0, 0, 11, 1.5 ] },
                "up": { "texture": "#frame", "uv": [ 0, 0, 2, 11 ] },
                "down": { "texture": "#frame", "uv": [ 0, 0, 2, 11 ] }
            }
        },
        {
            "from": [ 1, -0.5, 14 ], 
            "to": [ 3, 1.5, 23 ], 
            "rotation": { "origin": [ 1.0, 1.0, 14.0 ], "axis": "y", "angle": 22.5 },
            "faces": {
                "north": { "texture": "#frame", "uv": [ 0, 0, 2, 2 ] },
                "east": { "texture": "#frame", "uv": [ 0, 0, 9, 2 ] },
                "south": { "texture": "#frame", "uv": [ 0, 0, 2, 2 ] },
                "west": { "texture": "#frame", "uv": [ 0, 0, 9, 2 ] },
                "up": { "texture": "#frame", "uv": [ 0, 0, 2, 9 ] },
                "down": { "texture": "#frame", "uv": [ 0, 0, 2, 9 ] }
            }
        },
        {
            "from": [ 13, -0.5, 14 ], 
            "to": [ 15, 1.5, 23 ], 
            "rotation": { "origin": [ 15.0, 1.0, 14.0 ], "axis": "y", "angle": -22.5 },
            "faces": {
                "north": { "texture": "#frame", "uv": [ 0, 0, 2, 2 ] },
                "east": { "texture": "#frame", "uv": [ 0, 0, 9, 2 ] },
                "south": { "texture": "#frame", "uv": [ 0, 0, 2, 2 ] },
                "west": { "texture": "#frame", "uv": [ 0, 0, 9, 2 ] },
                "up": { "texture": "#frame", "uv": [ 0, 0, 2, 9 ] },
                "down": { "texture": "#frame", "uv": [ 0, 0, 2, 9 ] }
            }
        },
        {
            "from": [ 4.5, -0.5, 20.3 ], 
            "to": [ 11.5, 1.5, 22.3 ], 
            "faces": {
                "north": { "texture": "#frame", "uv": [ 0, 0, 7, 2 ] },
                "east": { "texture": "#frame", "uv": [ 0, 0, 2, 2 ] },
                "south": { "texture": "#frame", "uv": [ 0, 0, 7, 2 ] },
                "west": { "texture": "#frame", "uv": [ 0, 0, 2, 2 ] },
                "up": { "texture": "#frame", "uv": [ 0, 0, 7, 2 ] },
                "down": { "texture": "#frame", "uv": [ 0, 0, 7, 2 ] }
            }
        },
        {
            "from": [ 1, -0.5, 1 ], 
            "to": [ 15, 1.5, 3 ], 
            "faces": {
                "north": { "texture": "#frame", "uv": [ 0, 0, 14, 2 ] },
                "east": { "texture": "#frame", "uv": [ 0, 0, 2, 2 ] },
                "south": { "texture": "#frame", "uv": [ 0, 0, 14, 2 ] },
                "west": { "texture": "#frame", "uv": [ 0, 0, 2, 2 ] },
                "up": { "texture": "#frame", "uv": [ 0, 0, 14, 2 ] },
                "down": { "texture": "#frame", "uv": [ 0, 0, 14, 2 ] }
            }
        },
        {
            "from": [ -1, 1, -1 ], 
            "to": [ 8, 2, 6 ], 
            "faces": {
                "north": { "texture": "#bed_panel", "uv": [ 0, 0, 9, 1 ] },
                "west": { "texture": "#bed_panel", "uv": [ 0, 0, 7, 1 ] },
                "up": { "texture": "#bed_panel", "uv": [ 0, 0, 9, 7 ] },
                "down": { "texture": "#bed_panel", "uv": [ 0, 0, 9, 7 ] }
            }
        },
        {
            "from": [ 8, 1, -1 ], 
            "to": [ 17, 2, 6 ], 
            "faces": {
                "north": { "texture": "#bed_panel", "uv": [ 0, 0, 9, 1 ] },
                "east": { "texture": "#bed_panel", "uv": [ 0, 0, 7, 1 ] },
                "up": { "texture": "#bed_panel", "uv": [ 4, 0, 13, 7 ] },
                "down": { "texture": "#bed_panel", "uv": [ 0, 0, 9, 7 ] }
            }
        },
        {
            "from": [ 7, 2, 23 ], 
            "to": [ 9, 3.5, 25 ], 
            "faces": {
                "north": { "texture": "#bed_panel", "uv": [ 0, 0, 1.6, 1.6 ] },
                "east": { "texture": "#bed_panel", "uv": [ 0, 0, 2, 1.5 ] },
                "south": { "texture": "#bed_panel", "uv": [ 0, 0, 1.6, 1.6 ] },
                "west": { "texture": "#bed_panel", "uv": [ 0, 0, 2, 1.5 ] },
                "up": { "texture": "#bed_panel", "uv": [ 0, 0, 1.6, 4.5 ] },
                "down": { "texture": "#bed_panel", "uv": [ 0, 0, 1.6, 4.5 ] }
            }
        },
        {
            "from": [ 7.2, 2, 20 ], 
            "to": [ 8.8, 3.5, 23 ], 
            "rotation": { "origin": [ 8.0, 3.5000000074505806, 23.0 ], "axis": "x", "angle": -45.0 },
            "faces": {
                "north": { "texture": "#bed_panel", "uv": [ 0, 0, 1.6, 1.6 ] },
                "east": { "texture": "#bed_panel", "uv": [ 0, 0, 3, 1.5 ] },
                "south": { "texture": "#bed_panel", "uv": [ 0, 0, 1.6, 1.6 ] },
                "west": { "texture": "#bed_panel", "uv": [ 0, 0, 3, 1.5 ] },
                "up": { "texture": "#bed_panel", "uv": [ 0, 0, 1.6, 4.5 ] },
                "down": { "texture": "#bed_panel", "uv": [ 0, 0, 1.6, 4.5 ] }
            }
        }
    ]
}