{
    "__comment": "Model generated using MrCrayfish's Model Creator (https://mrcrayfish.com/tools?id=mc)",
    "textures": {
        "detail": "minecraft:block/anvil",
        "frame": "minecraft:block/light_gray_concrete",
        "base": "minecraft:block/white_concrete"
    },
    "elements": [
        {
            "from": [ -7.5, 0, 7.5 ], 
            "to": [ -7, 1, 8.5 ], 
            "faces": {
                "north": { "texture": "#frame", "uv": [ 0, 0, 0.5, 1 ] },
                "south": { "texture": "#frame", "uv": [ 0, 0, 0.5, 1 ] },
                "west": { "texture": "#frame", "uv": [ 0, 0, 1, 1 ] },
                "up": { "texture": "#frame", "uv": [ 0, 0, 0.5, 1 ] },
                "down": { "texture": "#frame", "uv": [ 0, 0, 0.5, 1 ] }
            }
        },
        {
            "from": [ 23, 0, 7.5 ], 
            "to": [ 23.5, 1, 8.5 ], 
            "faces": {
                "north": { "texture": "#frame", "uv": [ 0, 0, 0.5, 1 ] },
                "east": { "texture": "#frame", "uv": [ 0, 0, 1, 1 ] },
                "south": { "texture": "#frame", "uv": [ 0, 0, 0.5, 1 ] },
                "up": { "texture": "#frame", "uv": [ 0, 0, 0.5, 1 ] },
                "down": { "texture": "#frame", "uv": [ 0, 0, 0.5, 1 ] }
            }
        },
        {
            "from": [ -11, 6, 5 ], 
            "to": [ -7, 7, 11 ], 
            "faces": {
                "north": { "texture": "#detail", "uv": [ 0, 0, 4, 1 ] },
                "south": { "texture": "#detail", "uv": [ 0, 0, 4, 1 ] },
                "west": { "texture": "#detail", "uv": [ 0, 0, 6, 1 ] },
                "up": { "texture": "#detail", "uv": [ 0, 0, 4, 6 ] },
                "down": { "texture": "#detail", "uv": [ 0, 0, 4, 6 ] }
            }
        },
        {
            "from": [ -11, 6, 11 ], 
            "to": [ -7, 7, 14 ], 
            "rotation": { "origin": [ 8.0, 7.0, 11.000000014901161 ], "axis": "x", "angle": 45.0 },
            "faces": {
                "north": { "texture": "#detail", "uv": [ 0, 0, 4, 1 ] },
                "south": { "texture": "#detail", "uv": [ 0, 0, 4, 1 ] },
                "west": { "texture": "#detail", "uv": [ 5, 0, 8, 1 ] },
                "up": { "texture": "#detail", "uv": [ 0, 0, 4, 3 ] },
                "down": { "texture": "#detail", "uv": [ 0, 0, 4, 3 ] }
            }
        },
        {
            "from": [ -11, 6, 2 ], 
            "to": [ -7, 7, 5 ], 
            "rotation": { "origin": [ 8.0, 7.0, 5.000000014901161 ], "axis": "x", "angle": -45.0 },
            "faces": {
                "north": { "texture": "#detail", "uv": [ 0, 0, 4, 1 ] },
                "south": { "texture": "#detail", "uv": [ 0, 0, 4, 1 ] },
                "west": { "texture": "#detail", "uv": [ 0, 0, 3, 1 ] },
                "up": { "texture": "#detail", "uv": [ 0, 0, 4, 3 ] },
                "down": { "texture": "#detail", "uv": [ 0, 0, 4, 3 ] }
            }
        },
        {
            "from": [ 23, 6, 5 ], 
            "to": [ 27, 7, 11 ], 
            "faces": {
                "north": { "texture": "#detail", "uv": [ 0, 0, 4, 1 ] },
                "east": { "texture": "#detail", "uv": [ 0, 0, 6, 1 ] },
                "south": { "texture": "#detail", "uv": [ 0, 0, 4, 1 ] },
                "up": { "texture": "#detail", "uv": [ 0, 0, 4, 6 ] },
                "down": { "texture": "#detail", "uv": [ 0, 0, 4, 6 ] }
            }
        },
        {
            "from": [ 23, 6, 11 ], 
            "to": [ 27, 7, 14 ], 
            "rotation": { "origin": [ 8.0, 7.0, 11.000000014901161 ], "axis": "x", "angle": 45.0 },
            "faces": {
                "north": { "texture": "#detail", "uv": [ 0, 0, 4, 1 ] },
                "east": { "texture": "#detail", "uv": [ 0, 0, 3, 1 ] },
                "south": { "texture": "#detail", "uv": [ 0, 0, 4, 1 ] },
                "west": { "texture": "#detail", "uv": [ 0, 0, 3, 1 ] },
                "up": { "texture": "#detail", "uv": [ 0, 0, 4, 3 ] },
                "down": { "texture": "#detail", "uv": [ 0, 0, 4, 3 ] }
            }
        },
        {
            "from": [ 23, 6, 2 ], 
            "to": [ 27, 7, 5 ], 
            "rotation": { "origin": [ 8.0, 7.0, 5.000000014901161 ], "axis": "x", "angle": -45.0 },
            "faces": {
                "north": { "texture": "#detail", "uv": [ 0, 0, 4, 1 ] },
                "east": { "texture": "#detail", "uv": [ 5, 0, 8, 1 ] },
                "south": { "texture": "#detail", "uv": [ 0, 0, 4, 1 ] },
                "up": { "texture": "#detail", "uv": [ 0, 0, 4, 3 ] },
                "down": { "texture": "#detail", "uv": [ 0, 0, 4, 3 ] }
            }
        },
        {
            "from": [ 1, 1.5, 5 ], 
            "to": [ 3, 3.5, 14 ], 
            "faces": {
                "east": { "texture": "#frame", "uv": [ 0, 0, 9, 2 ] },
                "west": { "texture": "#frame", "uv": [ 0, 0, 9, 2 ] },
                "down": { "texture": "#frame", "uv": [ 0, 0, 2, 9 ] }
            }
        },
        {
            "from": [ 13, 1.5, 5 ], 
            "to": [ 15, 3.5, 14 ], 
            "faces": {
                "east": { "texture": "#frame", "uv": [ 0, 0, 9, 2 ] },
                "west": { "texture": "#frame", "uv": [ 0, 0, 9, 2 ] },
                "down": { "texture": "#frame", "uv": [ 0, 0, 2, 9 ] }
            }
        },
        {
            "from": [ 1, 1.5, 14 ], 
            "to": [ 3, 3.5, 23 ], 
            "rotation": { "origin": [ 1.0, 1.0, 14.0 ], "axis": "y", "angle": 22.5 },
            "faces": {
                "east": { "texture": "#frame", "uv": [ 0, 0, 9, 2 ] },
                "south": { "texture": "#frame", "uv": [ 0, 0, 2, 2 ] },
                "west": { "texture": "#frame", "uv": [ 0, 0, 9, 2 ] },
                "up": { "texture": "#frame", "uv": [ 0, 0, 2, 9 ] },
                "down": { "texture": "#frame", "uv": [ 0, 0, 2, 9 ] }
            }
        },
        {
            "from": [ 13, 1.5, 14 ], 
            "to": [ 15, 3.5, 23 ], 
            "rotation": { "origin": [ 15.0, 1.0, 14.0 ], "axis": "y", "angle": -22.5 },
            "faces": {
                "east": { "texture": "#frame", "uv": [ 0, 0, 9, 2 ] },
                "south": { "texture": "#frame", "uv": [ 0, 0, 2, 2 ] },
                "west": { "texture": "#frame", "uv": [ 0, 0, 9, 2 ] },
                "up": { "texture": "#frame", "uv": [ 0, 0, 2, 9 ] },
                "down": { "texture": "#frame", "uv": [ 0, 0, 2, 9 ] }
            }
        },
        {
            "from": [ 4.5, 1.5, 20.3 ], 
            "to": [ 11.5, 3.5, 22.3 ], 
            "faces": {
                "north": { "texture": "#frame", "uv": [ 0, 0, 7, 2 ] },
                "east": { "texture": "#frame", "uv": [ 0, 0, 2, 2 ] },
                "south": { "texture": "#frame", "uv": [ 0, 0, 7, 2 ] },
                "west": { "texture": "#frame", "uv": [ 0, 0, 2, 2 ] },
                "up": { "texture": "#frame", "uv": [ 0, 0, 7, 2 ] },
                "down": { "texture": "#frame", "uv": [ 0, 0, 7, 2 ] }
            }
        },
        {
            "from": [ 1, 1.5, 3 ], 
            "to": [ 15, 3.5, 5 ], 
            "faces": {
                "north": { "texture": "#frame", "uv": [ 0, 0, 14, 2 ] },
                "east": { "texture": "#frame", "uv": [ 0, 0, 2, 2 ] },
                "south": { "texture": "#frame", "uv": [ 0, 0, 14, 2 ] },
                "west": { "texture": "#frame", "uv": [ 0, 0, 2, 2 ] },
                "down": { "texture": "#frame", "uv": [ 0, 0, 14, 2 ] }
            }
        },
        {
            "from": [ 7, 2, 23 ], 
            "to": [ 9, 3.5, 25 ], 
            "faces": {
                "north": { "texture": "#detail", "uv": [ 0, 0, 1.6, 1.6 ] },
                "east": { "texture": "#detail", "uv": [ 0, 0, 2, 1.5 ] },
                "south": { "texture": "#detail", "uv": [ 0, 0, 1.6, 1.6 ] },
                "west": { "texture": "#detail", "uv": [ 0, 0, 2, 1.5 ] },
                "up": { "texture": "#detail", "uv": [ 0, 0, 1.6, 4.5 ] },
                "down": { "texture": "#detail", "uv": [ 0, 0, 1.6, 4.5 ] }
            }
        },
        {
            "from": [ 7.2, 2, 22.3 ], 
            "to": [ 8.8, 3.5, 23 ], 
            "faces": {
                "east": { "texture": "#detail", "uv": [ 0, 0, 0.7, 1.5 ] },
                "west": { "texture": "#detail", "uv": [ 0, 0, 0.7, 1.5 ] },
                "up": { "texture": "#detail", "uv": [ 0, 0, 1.6, 4.5 ] },
                "down": { "texture": "#detail", "uv": [ 0, 0, 1.6, 4.5 ] }
            }
        },
        {
            "from": [ 21, -3.5, 7 ], 
            "to": [ 23, 3.5, 9 ], 
            "faces": {
                "north": { "texture": "#frame", "uv": [ 0, 0, 2, 7 ] },
                "east": { "texture": "#frame", "uv": [ 0, 0, 2, 7 ] },
                "south": { "texture": "#frame", "uv": [ 0, 0, 2, 7 ] },
                "west": { "texture": "#frame", "uv": [ 0, 0, 2, 7 ] },
                "down": { "texture": "#frame", "uv": [ 0, 0, 2, 2 ] }
            }
        },
        {
            "from": [ 15, 1.5, 7 ], 
            "to": [ 21, 3.5, 9 ], 
            "faces": {
                "north": { "texture": "#frame", "uv": [ 0, 0, 6, 2 ] },
                "south": { "texture": "#frame", "uv": [ 0, 0, 6, 2 ] },
                "down": { "texture": "#frame", "uv": [ 0, 0, 6, 2 ] }
            }
        },
        {
            "from": [ -7, -3.5, 7 ], 
            "to": [ -5, 3.5, 9 ], 
            "faces": {
                "north": { "texture": "#frame", "uv": [ 0, 0, 2, 7 ] },
                "east": { "texture": "#frame", "uv": [ 0, 0, 2, 7 ] },
                "south": { "texture": "#frame", "uv": [ 0, 0, 2, 7 ] },
                "west": { "texture": "#frame", "uv": [ 0, 0, 2, 7 ] },
                "down": { "texture": "#frame", "uv": [ 0, 0, 2, 2 ] }
            }
        },
        {
            "from": [ -5, 1.5, 7 ], 
            "to": [ 1, 3.5, 9 ], 
            "faces": {
                "north": { "texture": "#frame", "uv": [ 0, 0, 6, 2 ] },
                "south": { "texture": "#frame", "uv": [ 0, 0, 6, 2 ] },
                "down": { "texture": "#frame", "uv": [ 0, 0, 6, 2 ] }
            }
        },
        {
            "from": [ -7, 3.5, 2 ], 
            "to": [ -6, 8.5, 14 ], 
            "faces": {
                "north": { "texture": "#base", "uv": [ 0, 0, 1, 5 ], "tintindex": 0 },
                "east": { "texture": "#base", "uv": [ 0, 0, 12, 5 ], "tintindex": 0 },
                "south": { "texture": "#base", "uv": [ 0, 0, 1, 5 ], "tintindex": 0 },
                "west": { "texture": "#base", "uv": [ 0, 0, 12, 5 ], "tintindex": 0 },
                "down": { "texture": "#base", "uv": [ 0, 0, 1, 12 ], "tintindex": 0 }
            }
        },
        {
            "from": [ 22, 3.5, 2 ], 
            "to": [ 23, 8.5, 14 ], 
            "faces": {
                "north": { "texture": "#base", "uv": [ 0, 0, 1, 5 ], "tintindex": 0 },
                "east": { "texture": "#base", "uv": [ 0, 0, 12, 5 ], "tintindex": 0 },
                "south": { "texture": "#base", "uv": [ 0, 0, 1, 5 ], "tintindex": 0 },
                "west": { "texture": "#base", "uv": [ 0, 0, 12, 5 ], "tintindex": 0 },
                "down": { "texture": "#base", "uv": [ 0, 0, 1, 12 ], "tintindex": 0 }
            }
        },
        {
            "from": [ -6, 3.5, 2 ], 
            "to": [ 8, 4.5, 14 ], 
            "faces": {
                "north": { "texture": "#base", "uv": [ 0, 0, 14, 1 ], "tintindex": 0 },
                "south": { "texture": "#base", "uv": [ 0, 0, 14, 1 ], "tintindex": 0 },
                "up": { "texture": "#base", "uv": [ 0, 0, 14, 12 ], "tintindex": 0 },
                "down": { "texture": "#base", "uv": [ 0, 0, 14, 12 ], "tintindex": 0 }
            }
        },
        {
            "from": [ 8, 3.5, 2 ], 
            "to": [ 22, 4.5, 14 ], 
            "faces": {
                "north": { "texture": "#base", "uv": [ 0, 0, 14, 1 ], "tintindex": 0 },
                "south": { "texture": "#base", "uv": [ 0, 0, 14, 1 ], "tintindex": 0 },
                "up": { "texture": "#base", "uv": [ 0, 0, 14, 12 ], "tintindex": 0 },
                "down": { "texture": "#base", "uv": [ 0, 0, 14, 12 ], "tintindex": 0 }
            }
        },
        {
            "from": [ -6, 4.5, 2 ], 
            "to": [ 8, 8.5, 3 ], 
            "faces": {
                "north": { "texture": "#base", "uv": [ 0, 0, 14, 4 ], "tintindex": 0 },
                "south": { "texture": "#base", "uv": [ 0, 0, 14, 4 ], "tintindex": 0 }
            }
        },
        {
            "from": [ 8, 4.5, 2 ], 
            "to": [ 22, 8.5, 3 ], 
            "faces": {
                "north": { "texture": "#base", "uv": [ 0, 0, 14, 4 ], "tintindex": 0 },
                "south": { "texture": "#base", "uv": [ 0, 0, 14, 4 ], "tintindex": 0 }
            }
        },
        {
            "from": [ 8, 4.5, 13 ], 
            "to": [ 22, 8.5, 14 ], 
            "faces": {
                "north": { "texture": "#base", "uv": [ 0, 0, 14, 4 ], "tintindex": 0 },
                "south": { "texture": "#base", "uv": [ 0, 0, 14, 4 ], "tintindex": 0 }
            }
        },
        {
            "from": [ -6, 4.5, 13 ], 
            "to": [ 8, 8.5, 14 ], 
            "faces": {
                "north": { "texture": "#base", "uv": [ 0, 0, 14, 4 ], "tintindex": 0 },
                "south": { "texture": "#base", "uv": [ 0, 0, 14, 4 ], "tintindex": 0 }
            }
        },
        {
            "from": [ -6, 8.5, 2 ], 
            "to": [ 8, 9.5, 3 ], 
            "faces": {
                "north": { "texture": "#detail", "uv": [ 0, 0, 14, 1 ] },
                "south": { "texture": "#detail", "uv": [ 0, 0, 14, 1 ] },
                "up": { "texture": "#detail", "uv": [ 0, 0, 14, 1 ] }
            }
        },
        {
            "from": [ -6, 8.5, 13 ], 
            "to": [ 8, 9.5, 14 ], 
            "faces": {
                "north": { "texture": "#detail", "uv": [ 0, 0, 14, 1 ] },
                "south": { "texture": "#detail", "uv": [ 0, 0, 14, 1 ] },
                "up": { "texture": "#detail", "uv": [ 0, 0, 14, 1 ] }
            }
        },
        {
            "from": [ 8, 8.5, 13 ], 
            "to": [ 22, 9.5, 14 ], 
            "faces": {
                "north": { "texture": "#detail", "uv": [ 0, 0, 14, 1 ] },
                "south": { "texture": "#detail", "uv": [ 0, 0, 14, 1 ] },
                "up": { "texture": "#detail", "uv": [ 0, 0, 14, 1 ] }
            }
        },
        {
            "from": [ 8, 8.5, 2 ], 
            "to": [ 22, 9.5, 3 ], 
            "faces": {
                "north": { "texture": "#detail", "uv": [ 0, 0, 14, 1 ] },
                "south": { "texture": "#detail", "uv": [ 0, 0, 14, 1 ] },
                "up": { "texture": "#detail", "uv": [ 0, 0, 14, 1 ] }
            }
        },
        {
            "from": [ -7, 8.5, 2 ], 
            "to": [ -6, 9.5, 14 ], 
            "faces": {
                "north": { "texture": "#detail", "uv": [ 0, 0, 1, 1 ] },
                "east": { "texture": "#detail", "uv": [ 0, 0, 12, 1 ] },
                "south": { "texture": "#detail", "uv": [ 0, 0, 1, 1 ] },
                "west": { "texture": "#detail", "uv": [ 0, 0, 12, 1 ] },
                "up": { "texture": "#detail", "uv": [ 8, 1, 9, 13 ] }
            }
        },
        {
            "from": [ 22, 8.5, 2 ], 
            "to": [ 23, 9.5, 14 ], 
            "faces": {
                "north": { "texture": "#detail", "uv": [ 0, 0, 1, 1 ] },
                "east": { "texture": "#detail", "uv": [ 0, 0, 12, 1 ] },
                "south": { "texture": "#detail", "uv": [ 0, 0, 1, 1 ] },
                "west": { "texture": "#detail", "uv": [ 0, 0, 12, 1 ] },
                "up": { "texture": "#detail", "uv": [ 8, 1, 9, 13 ] }
            }
        },
        {
            "from": [ -5, -3, 7.5 ], 
            "to": [ 8, -2, 8.5 ], 
            "faces": {
                "north": { "texture": "#frame", "uv": [ 0, 0, 13, 1 ] },
                "south": { "texture": "#frame", "uv": [ 0, 0, 13, 1 ] },
                "up": { "texture": "#frame", "uv": [ 0, 0, 13, 1 ] },
                "down": { "texture": "#frame", "uv": [ 0, 0, 13, 1 ] }
            }
        },
        {
            "from": [ 8, -3, 7.5 ], 
            "to": [ 21, -2, 8.5 ], 
            "faces": {
                "north": { "texture": "#frame", "uv": [ 0, 0, 13, 1 ] },
                "south": { "texture": "#frame", "uv": [ 0, 0, 13, 1 ] },
                "up": { "texture": "#frame", "uv": [ 0, 0, 13, 1 ] },
                "down": { "texture": "#frame", "uv": [ 0, 0, 13, 1 ] }
            }
        },
        {
            "from": [ 4, 1, 6 ], 
            "to": [ 12, 3.5, 10 ], 
            "faces": {
                "north": { "texture": "#detail", "uv": [ 0, 0, 8, 2.5 ] },
                "east": { "texture": "#detail", "uv": [ 0, 0, 4, 2.5 ] },
                "south": { "texture": "#detail", "uv": [ 0, 0, 8, 2.5 ] },
                "west": { "texture": "#detail", "uv": [ 0, 0, 4, 2.5 ] },
                "down": { "texture": "#detail", "uv": [ 0, 0, 8, 4 ] }
            }
        },
        {
            "from": [ -5, 0.5, 7.5 ], 
            "to": [ 8, 1.5, 8.5 ], 
            "faces": {
                "north": { "texture": "#detail", "uv": [ 0, 0, 13, 1 ] },
                "south": { "texture": "#detail", "uv": [ 0, 0, 13, 1 ] },
                "up": { "texture": "#detail", "uv": [ 0, 0, 13, 1 ] },
                "down": { "texture": "#detail", "uv": [ 0, 0, 13, 1 ] }
            }
        },
        {
            "from": [ 8, 0.5, 7.5 ], 
            "to": [ 21, 1.5, 8.5 ], 
            "faces": {
                "north": { "texture": "#detail", "uv": [ 0, 0, 13, 1 ] },
                "south": { "texture": "#detail", "uv": [ 0, 0, 13, 1 ] },
                "down": { "texture": "#detail", "uv": [ 0, 0, 13, 1 ] }
            }
        }
    ]
}