{
    "__comment": "Model generated using MrCrayfish's Model Creator (https://mrcrayfish.com/tools?id=mc)",
    "textures": {
        "glass": "minecraft:block/glass",
        "cray_industries": "vehicle:model/cray_industries",
        "tank": "minecraft:block/white_concrete",
        "base": "minecraft:block/anvil",
        "frame": "minecraft:block/light_gray_concrete"
    },
    "elements": [
        {
            "from": [ -1, 1, 6 ], 
            "to": [ 8, 2, 18 ], 
            "faces": {
                "south": { "texture": "#base", "uv": [ 0, 0, 9, 1 ] },
                "west": { "texture": "#base", "uv": [ 0, 0, 12, 1 ] },
                "up": { "texture": "#base", "uv": [ 0, 0, 9, 12 ] },
                "down": { "texture": "#base", "uv": [ 0, 0, 9, 12 ] }
            }
        },
        {
            "from": [ 8, 1, 6 ], 
            "to": [ 17, 2, 18 ], 
            "faces": {
                "east": { "texture": "#base", "uv": [ 0, 0, 12, 1 ] },
                "south": { "texture": "#base", "uv": [ 0, 0, 9, 1 ] },
                "up": { "texture": "#base", "uv": [ 4, 0, 13, 12 ] },
                "down": { "texture": "#base", "uv": [ 0, 0, 9, 12 ] }
            }
        },
        {
            "from": [ -1, 1, -7 ], 
            "to": [ 8, 2, 6 ], 
            "faces": {
                "north": { "texture": "#base", "uv": [ 0, 0, 9, 1 ] },
                "west": { "texture": "#base", "uv": [ 0, 0, 13, 1 ] },
                "up": { "texture": "#base", "uv": [ 3, 0, 12, 13 ], "rotation": 180 },
                "down": { "texture": "#base", "uv": [ 0, 0, 9, 13 ] }
            }
        },
        {
            "from": [ 8, 1, -7 ], 
            "to": [ 17, 2, 6 ], 
            "faces": {
                "north": { "texture": "#base", "uv": [ 0, 0, 9, 1 ] },
                "east": { "texture": "#base", "uv": [ 0, 0, 13, 1 ] },
                "up": { "texture": "#base", "uv": [ 3, 0, 12, 13 ], "rotation": 180 },
                "down": { "texture": "#base", "uv": [ 0, 0, 9, 13 ] }
            }
        },
        {
            "from": [ -1.5, 0, 5 ], 
            "to": [ 11.5, 1, 6 ], 
            "faces": {
                "north": { "texture": "#frame", "uv": [ 0, 0, 13, 1 ] },
                "south": { "texture": "#frame", "uv": [ 0, 0, 13, 1 ] },
                "west": { "texture": "#frame", "uv": [ 0, 0, 1, 1 ] },
                "up": { "texture": "#frame", "uv": [ 0, 0, 13, 1 ] },
                "down": { "texture": "#frame", "uv": [ 0, 0, 13, 1 ] }
            }
        },
        {
            "from": [ 11.5, 0, 5 ], 
            "to": [ 17.5, 1, 6 ], 
            "faces": {
                "north": { "texture": "#frame", "uv": [ 0, 0, 6, 1 ] },
                "east": { "texture": "#frame", "uv": [ 0, 0, 1, 1 ] },
                "south": { "texture": "#frame", "uv": [ 0, 0, 6, 1 ] },
                "up": { "texture": "#frame", "uv": [ 0, 0, 6, 1 ] },
                "down": { "texture": "#frame", "uv": [ 0, 0, 6, 1 ] }
            }
        },
        {
            "from": [ 13, 2, 15 ], 
            "to": [ 17, 5.15, 18 ], 
            "faces": {
                "north": { "texture": "#tank", "uv": [ 0, 0, 4, 3.15 ], "tintindex": 0 },
                "east": { "texture": "#tank", "uv": [ 0, 0, 3, 3.15 ], "tintindex": 0 },
                "south": { "texture": "#tank", "uv": [ 0, 0, 4, 3.15 ], "tintindex": 0 },
                "west": { "texture": "#tank", "uv": [ 0, 0, 3, 3.15 ], "tintindex": 0 }
            }
        },
        {
            "from": [ -5, 6, 2.5 ], 
            "to": [ -1, 7, 8.5 ], 
            "faces": {
                "north": { "texture": "#base", "uv": [ 0, 0, 4, 1 ] },
                "south": { "texture": "#base", "uv": [ 0, 0, 4, 1 ] },
                "west": { "texture": "#base", "uv": [ 0, 0, 6, 1 ] },
                "up": { "texture": "#base", "uv": [ 0, 0, 4, 6 ] },
                "down": { "texture": "#base", "uv": [ 0, 0, 4, 6 ] }
            }
        },
        {
            "from": [ -5, 6, 8.5 ], 
            "to": [ -1, 7, 11.5 ], 
            "rotation": { "origin": [ 8.0, 7.0, 8.50000000745058 ], "axis": "x", "angle": 45.0 },
            "faces": {
                "north": { "texture": "#base", "uv": [ 0, 0, 4, 1 ] },
                "south": { "texture": "#base", "uv": [ 0, 0, 4, 1 ] },
                "west": { "texture": "#base", "uv": [ 0, 0, 3, 1 ] },
                "up": { "texture": "#base", "uv": [ 0, 0, 4, 3 ] },
                "down": { "texture": "#base", "uv": [ 0, 0, 4, 3 ] }
            }
        },
        {
            "from": [ -5, 6, -0.5 ], 
            "to": [ -1, 7, 2.5 ], 
            "rotation": { "origin": [ 8.0, 7.0, 2.5000000074505806 ], "axis": "x", "angle": -45.0 },
            "faces": {
                "north": { "texture": "#base", "uv": [ 0, 0, 4, 1 ] },
                "south": { "texture": "#base", "uv": [ 0, 0, 4, 1 ] },
                "west": { "texture": "#base", "uv": [ 0, 0, 3, 1 ] },
                "up": { "texture": "#base", "uv": [ 0, 0, 4, 3 ] },
                "down": { "texture": "#base", "uv": [ 0, 0, 4, 3 ] }
            }
        },
        {
            "from": [ 17, 6, 2.5 ], 
            "to": [ 21, 7, 8.5 ], 
            "faces": {
                "north": { "texture": "#base", "uv": [ 0, 0, 4, 1 ] },
                "east": { "texture": "#base", "uv": [ 0, 0, 6, 1 ] },
                "south": { "texture": "#base", "uv": [ 0, 0, 4, 1 ] },
                "up": { "texture": "#base", "uv": [ 0, 0, 4, 6 ] },
                "down": { "texture": "#base", "uv": [ 0, 0, 4, 6 ] }
            }
        },
        {
            "from": [ 17, 6, 8.5 ], 
            "to": [ 21, 7, 11.5 ], 
            "rotation": { "origin": [ 8.0, 7.0, 8.50000000745058 ], "axis": "x", "angle": 45.0 },
            "faces": {
                "north": { "texture": "#base", "uv": [ 0, 0, 4, 1 ] },
                "east": { "texture": "#base", "uv": [ 0, 0, 3, 1 ] },
                "south": { "texture": "#base", "uv": [ 0, 0, 4, 1 ] },
                "up": { "texture": "#base", "uv": [ 0, 0, 4, 3 ] },
                "down": { "texture": "#base", "uv": [ 0, 0, 4, 3 ] }
            }
        },
        {
            "from": [ 17, 6, -0.5 ], 
            "to": [ 21, 7, 2.5 ], 
            "rotation": { "origin": [ 8.0, 7.0, 2.5000000074505806 ], "axis": "x", "angle": -45.0 },
            "faces": {
                "north": { "texture": "#base", "uv": [ 0, 0, 4, 1 ] },
                "east": { "texture": "#base", "uv": [ 0, 0, 3, 1 ] },
                "south": { "texture": "#base", "uv": [ 0, 0, 4, 1 ] },
                "up": { "texture": "#base", "uv": [ 0, 0, 4, 3 ] },
                "down": { "texture": "#base", "uv": [ 0, 0, 4, 3 ] }
            }
        },
        {
            "from": [ 1, -0.5, -4 ], 
            "to": [ 3, 1, 13 ], 
            "faces": {
                "east": { "texture": "#frame", "uv": [ 0, 0, 16, 1.5 ] },
                "west": { "texture": "#frame", "uv": [ 0, 0, 16, 1.5 ] },
                "up": { "texture": "#frame", "uv": [ 0, 0, 2, 16 ] },
                "down": { "texture": "#frame", "uv": [ 0, 0, 2, 16 ] }
            }
        },
        {
            "from": [ 1, -0.5, 13 ], 
            "to": [ 3, 1.5, 21 ], 
            "faces": {
                "north": { "texture": "#frame", "uv": [ 0, 0, 2, 2 ] },
                "east": { "texture": "#frame", "uv": [ 0, 0, 8, 2 ] },
                "south": { "texture": "#frame", "uv": [ 0, 0, 2, 2 ] },
                "west": { "texture": "#frame", "uv": [ 0, 0, 8, 2 ] },
                "up": { "texture": "#frame", "uv": [ 0, 0, 2, 8 ] },
                "down": { "texture": "#frame", "uv": [ 0, 0, 2, 8 ] }
            }
        },
        {
            "from": [ 13, -0.5, -4 ], 
            "to": [ 15, 1, 13 ], 
            "faces": {
                "east": { "texture": "#frame", "uv": [ 0, 0, 16, 1.5 ] },
                "west": { "texture": "#frame", "uv": [ 0, 0, 16, 1.5 ] },
                "up": { "texture": "#frame", "uv": [ 0, 0, 2, 16 ] },
                "down": { "texture": "#frame", "uv": [ 0, 0, 2, 16 ] }
            }
        },
        {
            "from": [ 13, -0.5, 13 ], 
            "to": [ 15, 1.5, 21 ], 
            "faces": {
                "north": { "texture": "#frame", "uv": [ 0, 0, 2, 2 ] },
                "east": { "texture": "#frame", "uv": [ 0, 0, 8, 2 ] },
                "south": { "texture": "#frame", "uv": [ 0, 0, 2, 2 ] },
                "west": { "texture": "#frame", "uv": [ 0, 0, 8, 2 ] },
                "up": { "texture": "#frame", "uv": [ 0, 0, 2, 8 ] },
                "down": { "texture": "#frame", "uv": [ 0, 0, 2, 8 ] }
            }
        },
        {
            "from": [ 1, -0.5, 21 ], 
            "to": [ 3, 1.5, 30 ], 
            "rotation": { "origin": [ 1.0, 1.0, 21.0 ], "axis": "y", "angle": 22.5 },
            "faces": {
                "north": { "texture": "#frame", "uv": [ 0, 0, 2, 2 ] },
                "east": { "texture": "#frame", "uv": [ 0, 0, 9, 2 ] },
                "south": { "texture": "#frame", "uv": [ 0, 0, 2, 2 ] },
                "west": { "texture": "#frame", "uv": [ 0, 0, 9, 2 ] },
                "up": { "texture": "#frame", "uv": [ 0, 0, 2, 9 ] },
                "down": { "texture": "#frame", "uv": [ 0, 0, 2, 9 ] }
            }
        },
        {
            "from": [ 13, -0.5, 21 ], 
            "to": [ 15, 1.5, 30 ], 
            "rotation": { "origin": [ 15.0, 1.0, 21.0 ], "axis": "y", "angle": -22.5 },
            "faces": {
                "north": { "texture": "#frame", "uv": [ 0, 0, 2, 2 ] },
                "east": { "texture": "#frame", "uv": [ 0, 0, 9, 2 ] },
                "south": { "texture": "#frame", "uv": [ 0, 0, 2, 2 ] },
                "west": { "texture": "#frame", "uv": [ 0, 0, 9, 2 ] },
                "up": { "texture": "#frame", "uv": [ 0, 0, 2, 9 ] },
                "down": { "texture": "#frame", "uv": [ 0, 0, 2, 9 ] }
            }
        },
        {
            "from": [ 4.5, -0.5, 27.3 ], 
            "to": [ 11.5, 1.5, 29.3 ], 
            "faces": {
                "north": { "texture": "#frame", "uv": [ 0, 0, 7, 2 ] },
                "east": { "texture": "#frame", "uv": [ 0, 0, 2, 2 ] },
                "south": { "texture": "#frame", "uv": [ 0, 0, 7, 2 ] },
                "west": { "texture": "#frame", "uv": [ 0, 0, 2, 2 ] },
                "up": { "texture": "#frame", "uv": [ 0, 0, 7, 2 ] },
                "down": { "texture": "#frame", "uv": [ 0, 0, 7, 2 ] }
            }
        },
        {
            "from": [ 1, -0.5, -6 ], 
            "to": [ 15, 1.5, -4 ], 
            "faces": {
                "north": { "texture": "#frame", "uv": [ 0, 0, 14, 2 ] },
                "east": { "texture": "#frame", "uv": [ 0, 0, 2, 2 ] },
                "south": { "texture": "#frame", "uv": [ 0, 0, 14, 2 ] },
                "west": { "texture": "#frame", "uv": [ 0, 0, 2, 2 ] },
                "up": { "texture": "#frame", "uv": [ 0, 0, 14, 2 ] },
                "down": { "texture": "#frame", "uv": [ 0, 0, 14, 2 ] }
            }
        },
        {
            "from": [ 2.15, 2, 3 ], 
            "to": [ 13.85, 5, 20 ], 
            "faces": {
                "south": { "texture": "#tank", "uv": [ 0, 0, 11.7, 3 ], "tintindex": 0 },
                "up": { "texture": "#frame", "uv": [ 0, 0, 11.7, 16 ], "tintindex": 0 },
                "down": { "texture": "#tank", "uv": [ 0, 0, 11.7, 16 ], "tintindex": 0 }
            }
        },
        {
            "from": [ 5.77, 0.5, 5.5 ], 
            "to": [ 10.23, 3.5, 20 ], 
            "rotation": { "origin": [ 8.0, 11.0, 8.0 ], "axis": "z", "angle": 45.0 },
            "faces": {
                "north": { "texture": "#tank", "uv": [ 0, 0, 4.46, 3 ], "tintindex": 0 },
                "south": { "texture": "#tank", "uv": [ 0, 0, 4.46, 3 ], "tintindex": 0 },
                "up": { "texture": "#frame", "uv": [ 0, 0, 4.46, 14.5 ], "tintindex": 0 },
                "down": { "texture": "#tank", "uv": [ 0, 0, 4.46, 14.5 ], "tintindex": 0 }
            }
        },
        {
            "from": [ 5.77, 0.5, 5.5 ], 
            "to": [ 10.23, 3.5, 20 ], 
            "rotation": { "origin": [ 8.0, 11.0, 8.0 ], "axis": "z", "angle": -45.0 },
            "faces": {
                "north": { "texture": "#tank", "uv": [ 0, 0, 4.46, 3 ], "tintindex": 0 },
                "south": { "texture": "#tank", "uv": [ 0, 0, 4.46, 3 ], "tintindex": 0 },
                "up": { "texture": "#frame", "uv": [ 0, 0, 4.46, 14.5 ], "tintindex": 0 },
                "down": { "texture": "#tank", "uv": [ 0, 0, 4.46, 14.5 ], "tintindex": 0 }
            }
        },
        {
            "from": [ 4.27, 17, 5.5 ], 
            "to": [ 8.73, 20, 20 ], 
            "rotation": { "origin": [ 8.0, 11.0, 8.0 ], "axis": "z", "angle": 45.0 },
            "faces": {
                "north": { "texture": "#tank", "uv": [ 0, 0, 4.46, 3 ], "tintindex": 0 },
                "south": { "texture": "#tank", "uv": [ 0, 0, 4.46, 3 ], "tintindex": 0 },
                "up": { "texture": "#tank", "uv": [ 0, 0, 4.46, 14.5 ], "tintindex": 0 },
                "down": { "texture": "#frame", "uv": [ 0, 0, 4.46, 14.5 ], "tintindex": 0 }
            }
        },
        {
            "from": [ -1, 5.15, 5.5 ], 
            "to": [ 2, 14.73, 20 ], 
            "faces": {
                "east": { "texture": "#frame", "uv": [ 0, 0, 14.5, 9.58 ], "tintindex": 0 },
                "south": { "texture": "#tank", "uv": [ 0, 0, 3, 9.58 ], "tintindex": 0 },
                "west": { "texture": "#tank", "uv": [ 0, 0, 14.5, 9.58 ], "tintindex": 0 }
            }
        },
        {
            "from": [ 14, 5.15, 5.5 ], 
            "to": [ 17, 14.72, 20 ], 
            "faces": {
                "east": { "texture": "#tank", "uv": [ 0, 0, 14.5, 9.57 ], "tintindex": 0 },
                "south": { "texture": "#tank", "uv": [ 0, 0, 3, 9.57 ], "tintindex": 0 },
                "west": { "texture": "#frame", "uv": [ 0, 0, 14.5, 9.57 ], "tintindex": 0 }
            }
        },
        {
            "from": [ 13, 2, 0 ], 
            "to": [ 17, 5.15, 11 ], 
            "faces": {
                "north": { "texture": "#tank", "uv": [ 0, 0, 4, 3.15 ], "tintindex": 0 },
                "east": { "texture": "#tank", "uv": [ 0, 0, 11, 3.15 ], "tintindex": 0 },
                "south": { "texture": "#tank", "uv": [ 0, 0, 4, 3.15 ], "tintindex": 0 },
                "west": { "texture": "#tank", "uv": [ 0, 0, 11, 3.15 ], "tintindex": 0 },
                "down": { "texture": "#tank", "uv": [ 0, 0, 4, 11 ], "tintindex": 0 }
            }
        },
        {
            "from": [ -1, 2, 0 ], 
            "to": [ 3, 5.15, 11 ], 
            "faces": {
                "north": { "texture": "#tank", "uv": [ 0, 0, 4, 3.15 ], "tintindex": 0 },
                "east": { "texture": "#tank", "uv": [ 0, 0, 11, 3.15 ], "tintindex": 0 },
                "south": { "texture": "#tank", "uv": [ 0, 0, 4, 3.15 ], "tintindex": 0 },
                "west": { "texture": "#tank", "uv": [ 0, 0, 11, 3.15 ], "tintindex": 0 },
                "down": { "texture": "#tank", "uv": [ 0, 0, 4, 11 ], "tintindex": 0 }
            }
        },
        {
            "from": [ -1, 2, 15 ], 
            "to": [ 3, 5.15, 18 ], 
            "faces": {
                "north": { "texture": "#tank", "uv": [ 0, 0, 4, 3.15 ], "tintindex": 0 },
                "east": { "texture": "#tank", "uv": [ 0, 0, 3, 3.15 ], "tintindex": 0 },
                "south": { "texture": "#tank", "uv": [ 0, 0, 4, 3.15 ], "tintindex": 0 },
                "west": { "texture": "#tank", "uv": [ 0, 0, 3, 3.15 ], "tintindex": 0 }
            }
        },
        {
            "from": [ 2.15, 14.88, 5.5 ], 
            "to": [ 13.85, 17.88, 20 ], 
            "faces": {
                "south": { "texture": "#tank", "uv": [ 0, 0, 11.7, 3 ], "tintindex": 0 },
                "up": { "texture": "#tank", "uv": [ 0, 0, 11.7, 14.5 ], "tintindex": 0 },
                "down": { "texture": "#frame", "uv": [ 0, 0, 11.7, 14.5 ], "tintindex": 0 }
            }
        },
        {
            "from": [ 7.27, 17, 5.5 ], 
            "to": [ 11.73, 20, 20 ], 
            "rotation": { "origin": [ 8.0, 11.0, 8.0 ], "axis": "z", "angle": -45.0 },
            "faces": {
                "north": { "texture": "#tank", "uv": [ 0, 0, 4.46, 3 ], "tintindex": 0 },
                "south": { "texture": "#tank", "uv": [ 0, 0, 4.46, 3 ], "tintindex": 0 },
                "up": { "texture": "#tank", "uv": [ 0, 0, 4.46, 14.5 ], "tintindex": 0 },
                "down": { "texture": "#frame", "uv": [ 0, 0, 4.46, 14.5 ], "tintindex": 0 }
            }
        },
        {
            "from": [ 7.27, 17, -9 ], 
            "to": [ 11.73, 20, 5.5 ], 
            "rotation": { "origin": [ 8.0, 11.0, 8.0 ], "axis": "z", "angle": -45.0 },
            "faces": {
                "north": { "texture": "#tank", "uv": [ 0, 0, 4.46, 3 ], "tintindex": 0 },
                "south": { "texture": "#tank", "uv": [ 0, 0, 4.46, 3 ], "tintindex": 0 },
                "up": { "texture": "#tank", "uv": [ 0, 0, 4.46, 14.5 ], "tintindex": 0 },
                "down": { "texture": "#frame", "uv": [ 0, 0, 4.46, 14.5 ], "tintindex": 0 }
            }
        },
        {
            "from": [ 4.27, 17, -9 ], 
            "to": [ 8.73, 20, 5.5 ], 
            "rotation": { "origin": [ 8.0, 11.0, 8.0 ], "axis": "z", "angle": 45.0 },
            "faces": {
                "north": { "texture": "#tank", "uv": [ 0, 0, 4.46, 3 ], "tintindex": 0 },
                "south": { "texture": "#tank", "uv": [ 0, 0, 4.46, 3 ], "tintindex": 0 },
                "up": { "texture": "#tank", "uv": [ 0, 0, 4.46, 14.5 ], "tintindex": 0 },
                "down": { "texture": "#frame", "uv": [ 0, 0, 4.46, 14.5 ], "tintindex": 0 }
            }
        },
        {
            "from": [ 13, 2, -7 ], 
            "to": [ 17, 5.15, -4 ], 
            "faces": {
                "north": { "texture": "#tank", "uv": [ 0, 0, 4, 3.15 ], "tintindex": 0 },
                "east": { "texture": "#tank", "uv": [ 0, 0, 3, 3.15 ], "tintindex": 0 },
                "south": { "texture": "#tank", "uv": [ 0, 0, 4, 3.15 ], "tintindex": 0 },
                "west": { "texture": "#tank", "uv": [ 0, 0, 3, 3.15 ], "tintindex": 0 }
            }
        },
        {
            "from": [ -1, 2, -7 ], 
            "to": [ 3, 5.15, -4 ], 
            "faces": {
                "north": { "texture": "#tank", "uv": [ 0, 0, 4, 3.15 ], "tintindex": 0 },
                "east": { "texture": "#tank", "uv": [ 0, 0, 3, 3.15 ], "tintindex": 0 },
                "south": { "texture": "#tank", "uv": [ 0, 0, 4, 3.15 ], "tintindex": 0 },
                "west": { "texture": "#tank", "uv": [ 0, 0, 3, 3.15 ], "tintindex": 0 }
            }
        },
        {
            "from": [ -1.1, 9.5, -4 ], 
            "to": [ -0.1, 12.5, 5 ], 
            "faces": {
                "west": { "texture": "#cray_industries", "uv": [ 0, 0, 14, 4 ] }
            }
        },
        {
            "from": [ -1.1, 9.5, 7 ], 
            "to": [ -0.1, 12.5, 16 ], 
            "faces": {
                "west": { "texture": "#cray_industries", "uv": [ 0, 4, 14, 8 ] }
            }
        },
        {
            "from": [ 16.1, 9.5, -5 ], 
            "to": [ 17.1, 12.5, 4 ], 
            "faces": {
                "east": { "texture": "#cray_industries", "uv": [ 0, 4, 14, 8 ] }
            }
        },
        {
            "from": [ 16.1, 9.5, 6 ], 
            "to": [ 17.1, 12.5, 15 ], 
            "faces": {
                "east": { "texture": "#cray_industries", "uv": [ 0, 0, 14, 4 ] }
            }
        },
        {
            "from": [ 2.15, 14.88, -9 ], 
            "to": [ 13.85, 17.88, 5.5 ], 
            "faces": {
                "north": { "texture": "#tank", "uv": [ 0, 0, 11.7, 3 ], "tintindex": 0 },
                "up": { "texture": "#tank", "uv": [ 0, 0, 11.7, 14.5 ], "tintindex": 0 },
                "down": { "texture": "#frame", "uv": [ 0, 0, 11.7, 14.5 ], "tintindex": 0 }
            }
        },
        {
            "from": [ -1, 5.15, -9 ], 
            "to": [ 2, 14.73, 5.5 ], 
            "faces": {
                "north": { "texture": "#tank", "uv": [ 0, 0, 3, 9.58 ], "tintindex": 0 },
                "east": { "texture": "#frame", "uv": [ 0, 0, 14.5, 9.58 ], "tintindex": 0 },
                "west": { "texture": "#tank", "uv": [ 0, 0, 14.5, 9.58 ], "tintindex": 0 }
            }
        },
        {
            "from": [ 5.77, 0.5, -9 ], 
            "to": [ 10.23, 3.5, 5.5 ], 
            "rotation": { "origin": [ 8.0, 11.0, 8.0 ], "axis": "z", "angle": -45.0 },
            "faces": {
                "north": { "texture": "#tank", "uv": [ 0, 0, 4.46, 3 ], "tintindex": 0 },
                "south": { "texture": "#tank", "uv": [ 0, 0, 4.46, 3 ], "tintindex": 0 },
                "up": { "texture": "#frame", "uv": [ 0, 0, 4.46, 14.5 ], "tintindex": 0 },
                "down": { "texture": "#tank", "uv": [ 0, 0, 4.46, 14.5 ], "tintindex": 0 }
            }
        },
        {
            "from": [ 14, 5.15, -9 ], 
            "to": [ 17, 14.72, 5.5 ], 
            "faces": {
                "north": { "texture": "#tank", "uv": [ 0, 0, 3, 9.57 ], "tintindex": 0 },
                "east": { "texture": "#tank", "uv": [ 0, 0, 14.5, 9.57 ], "tintindex": 0 },
                "west": { "texture": "#frame", "uv": [ 0, 0, 14.5, 9.57 ], "tintindex": 0 }
            }
        },
        {
            "from": [ 5.77, 0.5, -9 ], 
            "to": [ 10.23, 3.5, 5.5 ], 
            "rotation": { "origin": [ 8.0, 11.0, 8.0 ], "axis": "z", "angle": 45.0 },
            "faces": {
                "north": { "texture": "#tank", "uv": [ 0, 0, 4.46, 3 ], "tintindex": 0 },
                "south": { "texture": "#tank", "uv": [ 0, 0, 4.46, 3 ], "tintindex": 0 },
                "up": { "texture": "#frame", "uv": [ 0, 0, 4.46, 14.5 ], "tintindex": 0 },
                "down": { "texture": "#tank", "uv": [ 0, 0, 4.46, 14.5 ], "tintindex": 0 }
            }
        },
        {
            "from": [ 2.15, 2, -9 ], 
            "to": [ 13.85, 5, 3 ], 
            "faces": {
                "north": { "texture": "#tank", "uv": [ 0, 0, 11.7, 3 ], "tintindex": 0 },
                "up": { "texture": "#frame", "uv": [ 0, 0, 11.7, 12 ], "tintindex": 0 },
                "down": { "texture": "#tank", "uv": [ 0, 0, 11.7, 12 ], "tintindex": 0 }
            }
        },
        {
            "from": [ 2, 4, -8 ], 
            "to": [ 14, 16, 19 ], 
            "faces": {
                "north": { "texture": "#glass", "uv": [ 1, 1, 15, 15 ], "rotation": 180 },
                "south": { "texture": "#glass", "uv": [ 1, 1, 15, 15 ], "rotation": 180 }
            }
        },
        {
            "from": [ 7, 2, 30 ],
            "to": [ 9, 3.5, 32 ],
            "faces": {
                "north": { "texture": "#base", "uv": [ 0, 0, 1.6, 1.6 ] },
                "east": { "texture": "#base", "uv": [ 0, 0, 2, 1.5 ] },
                "south": { "texture": "#base", "uv": [ 0, 0, 1.6, 1.6 ] },
                "west": { "texture": "#base", "uv": [ 0, 0, 2, 1.5 ] },
                "up": { "texture": "#base", "uv": [ 0, 0, 1.6, 4.5 ] },
                "down": { "texture": "#base", "uv": [ 0, 0, 1.6, 4.5 ] }
            }
        },
        {
            "from": [ 7.2, 2, 27 ],
            "to": [ 8.8, 3.5, 30 ],
            "rotation": { "origin": [ 8.0, 3.5, 30.0 ], "axis": "x", "angle": -45.0 },
            "faces": {
                "north": { "texture": "#base", "uv": [ 0, 0, 1.6, 1.6 ] },
                "east": { "texture": "#base", "uv": [ 0, 0, 3, 1.5 ] },
                "south": { "texture": "#base", "uv": [ 0, 0, 1.6, 1.6 ] },
                "west": { "texture": "#base", "uv": [ 0, 0, 3, 1.5 ] },
                "up": { "texture": "#base", "uv": [ 0, 0, 1.6, 4.5 ] },
                "down": { "texture": "#base", "uv": [ 0, 0, 1.6, 4.5 ] }
            }
        }
    ]
}