{
    "__comment": "Model generated using MrCrayfish's Model Creator (https://mrcrayfish.com/tools?id=mc)",
    "textures": {
        "detail": "minecraft:block/anvil",
        "frame": "minecraft:block/light_gray_concrete",
        "base": "minecraft:block/white_concrete"
    },
    "elements": [
        {
            "from": [ -1.5, 0, 7.5 ], 
            "to": [ -1, 1, 8.5 ], 
            "faces": {
                "north": { "texture": "#frame", "uv": [ 0, 0, 0.5, 1 ] },
                "south": { "texture": "#frame", "uv": [ 0, 0, 0.5, 1 ] },
                "west": { "texture": "#frame", "uv": [ 0, 0, 1, 1 ] },
                "up": { "texture": "#frame", "uv": [ 0, 0, 0.5, 1 ] },
                "down": { "texture": "#frame", "uv": [ 0, 0, 0.5, 1 ] }
            }
        },
        {
            "from": [ 17, 0, 7.5 ], 
            "to": [ 17.5, 1, 8.5 ], 
            "faces": {
                "north": { "texture": "#frame", "uv": [ 0, 0, 0.5, 1 ] },
                "east": { "texture": "#frame", "uv": [ 0, 0, 1, 1 ] },
                "south": { "texture": "#frame", "uv": [ 0, 0, 0.5, 1 ] },
                "up": { "texture": "#frame", "uv": [ 0, 0, 0.5, 1 ] },
                "down": { "texture": "#frame", "uv": [ 0, 0, 0.5, 1 ] }
            }
        },
        {
            "from": [ -5, 6, 5 ], 
            "to": [ -1, 7, 11 ], 
            "faces": {
                "north": { "texture": "#detail", "uv": [ 0, 0, 4, 1 ] },
                "south": { "texture": "#detail", "uv": [ 0, 0, 4, 1 ] },
                "west": { "texture": "#detail", "uv": [ 0, 0, 6, 1 ] },
                "up": { "texture": "#detail", "uv": [ 0, 0, 4, 6 ] },
                "down": { "texture": "#detail", "uv": [ 0, 0, 4, 6 ] }
            }
        },
        {
            "from": [ -5, 6, 11 ], 
            "to": [ -1, 7, 13 ], 
            "rotation": { "origin": [ 8.0, 7.0, 11.000000014901161 ], "axis": "x", "angle": 45.0 },
            "faces": {
                "north": { "texture": "#detail", "uv": [ 0, 0, 4, 1 ] },
                "south": { "texture": "#detail", "uv": [ 0, 0, 4, 1 ] },
                "west": { "texture": "#detail", "uv": [ 5, 0, 7, 1 ] },
                "up": { "texture": "#detail", "uv": [ 0, 0, 4, 2 ] },
                "down": { "texture": "#detail", "uv": [ 0, 0, 4, 2 ] }
            }
        },
        {
            "from": [ -5, 6, 3 ], 
            "to": [ -1, 7, 5 ], 
            "rotation": { "origin": [ 8.0, 7.0, 5.000000014901161 ], "axis": "x", "angle": -45.0 },
            "faces": {
                "north": { "texture": "#detail", "uv": [ 0, 0, 4, 1 ] },
                "south": { "texture": "#detail", "uv": [ 0, 0, 4, 1 ] },
                "west": { "texture": "#detail", "uv": [ 0, 0, 2, 1 ] },
                "up": { "texture": "#detail", "uv": [ 0, 0, 4, 2 ] },
                "down": { "texture": "#detail", "uv": [ 0, 0, 4, 2 ] }
            }
        },
        {
            "from": [ 17, 6, 5 ], 
            "to": [ 21, 7, 11 ], 
            "faces": {
                "north": { "texture": "#detail", "uv": [ 0, 0, 4, 1 ] },
                "east": { "texture": "#detail", "uv": [ 0, 0, 6, 1 ] },
                "south": { "texture": "#detail", "uv": [ 0, 0, 4, 1 ] },
                "up": { "texture": "#detail", "uv": [ 0, 0, 4, 6 ] },
                "down": { "texture": "#detail", "uv": [ 0, 0, 4, 6 ] }
            }
        },
        {
            "from": [ 17, 6, 11 ], 
            "to": [ 21, 7, 13 ], 
            "rotation": { "origin": [ 8.0, 7.0, 11.000000014901161 ], "axis": "x", "angle": 45.0 },
            "faces": {
                "north": { "texture": "#detail", "uv": [ 0, 0, 4, 1 ] },
                "east": { "texture": "#detail", "uv": [ 0, 0, 2, 1 ] },
                "south": { "texture": "#detail", "uv": [ 0, 0, 4, 1 ] },
                "west": { "texture": "#detail", "uv": [ 0, 0, 2, 1 ] },
                "up": { "texture": "#detail", "uv": [ 0, 0, 4, 2 ] },
                "down": { "texture": "#detail", "uv": [ 0, 0, 4, 2 ] }
            }
        },
        {
            "from": [ 17, 6, 3 ], 
            "to": [ 21, 7, 5 ], 
            "rotation": { "origin": [ 8.0, 7.0, 5.000000014901161 ], "axis": "x", "angle": -45.0 },
            "faces": {
                "north": { "texture": "#detail", "uv": [ 0, 0, 4, 1 ] },
                "east": { "texture": "#detail", "uv": [ 5, 0, 7, 1 ] },
                "south": { "texture": "#detail", "uv": [ 0, 0, 4, 1 ] },
                "up": { "texture": "#detail", "uv": [ 0, 0, 4, 2 ] },
                "down": { "texture": "#detail", "uv": [ 0, 0, 4, 2 ] }
            }
        },
        {
            "from": [ 1, 1.5, 5 ], 
            "to": [ 3, 3.5, 15 ], 
            "faces": {
                "east": { "texture": "#frame", "uv": [ 0, 0, 10, 2 ] },
                "west": { "texture": "#frame", "uv": [ 0, 0, 10, 2 ] },
                "up": { "texture": "#frame", "uv": [ 0, 0, 2, 10 ] },
                "down": { "texture": "#frame", "uv": [ 0, 0, 2, 10 ] }
            }
        },
        {
            "from": [ 13, 1.5, 5 ], 
            "to": [ 15, 3.5, 15 ], 
            "faces": {
                "east": { "texture": "#frame", "uv": [ 0, 0, 10, 2 ] },
                "west": { "texture": "#frame", "uv": [ 0, 0, 10, 2 ] },
                "up": { "texture": "#frame", "uv": [ 0, 0, 2, 10 ] },
                "down": { "texture": "#frame", "uv": [ 0, 0, 2, 10 ] }
            }
        },
        {
            "from": [ 1, 1.5, 15 ], 
            "to": [ 3, 3.5, 24 ], 
            "rotation": { "origin": [ 1.0, 1.0, 15.0 ], "axis": "y", "angle": 22.5 },
            "faces": {
                "east": { "texture": "#frame", "uv": [ 0, 0, 9, 2 ] },
                "south": { "texture": "#frame", "uv": [ 0, 0, 2, 2 ] },
                "west": { "texture": "#frame", "uv": [ 0, 0, 9, 2 ] },
                "up": { "texture": "#frame", "uv": [ 0, 0, 2, 9 ] },
                "down": { "texture": "#frame", "uv": [ 0, 0, 2, 9 ] }
            }
        },
        {
            "from": [ 13, 1.5, 15 ], 
            "to": [ 15, 3.5, 24 ], 
            "rotation": { "origin": [ 15.0, 1.0, 15.0 ], "axis": "y", "angle": -22.5 },
            "faces": {
                "east": { "texture": "#frame", "uv": [ 0, 0, 9, 2 ] },
                "south": { "texture": "#frame", "uv": [ 0, 0, 2, 2 ] },
                "west": { "texture": "#frame", "uv": [ 0, 0, 9, 2 ] },
                "up": { "texture": "#frame", "uv": [ 0, 0, 2, 9 ] },
                "down": { "texture": "#frame", "uv": [ 0, 0, 2, 9 ] }
            }
        },
        {
            "from": [ 4.5, 1.5, 21.3 ], 
            "to": [ 11.5, 3.5, 23.3 ], 
            "faces": {
                "north": { "texture": "#frame", "uv": [ 0, 0, 7, 2 ] },
                "east": { "texture": "#frame", "uv": [ 0, 0, 2, 2 ] },
                "south": { "texture": "#frame", "uv": [ 0, 0, 7, 2 ] },
                "west": { "texture": "#frame", "uv": [ 0, 0, 2, 2 ] },
                "up": { "texture": "#frame", "uv": [ 0, 0, 7, 2 ] },
                "down": { "texture": "#frame", "uv": [ 0, 0, 7, 2 ] }
            }
        },
        {
            "from": [ 1, 1.5, 3 ], 
            "to": [ 15, 3.5, 5 ], 
            "faces": {
                "north": { "texture": "#frame", "uv": [ 0, 0, 14, 2 ] },
                "east": { "texture": "#frame", "uv": [ 0, 0, 2, 2 ] },
                "south": { "texture": "#frame", "uv": [ 0, 0, 14, 2 ] },
                "west": { "texture": "#frame", "uv": [ 0, 0, 2, 2 ] },
                "down": { "texture": "#frame", "uv": [ 0, 0, 14, 2 ] }
            }
        },
        {
            "from": [ 7, 2, 24 ], 
            "to": [ 9, 3.5, 26 ], 
            "faces": {
                "north": { "texture": "#detail", "uv": [ 0, 0, 1.6, 1.6 ] },
                "east": { "texture": "#detail", "uv": [ 0, 0, 2, 1.5 ] },
                "south": { "texture": "#detail", "uv": [ 0, 0, 1.6, 1.6 ] },
                "west": { "texture": "#detail", "uv": [ 0, 0, 2, 1.5 ] },
                "up": { "texture": "#detail", "uv": [ 0, 0, 1.6, 4.5 ] },
                "down": { "texture": "#detail", "uv": [ 0, 0, 1.6, 4.5 ] }
            }
        },
        {
            "from": [ 7.2, 2, 23.3 ], 
            "to": [ 8.8, 3.5, 24 ], 
            "faces": {
                "east": { "texture": "#detail", "uv": [ 0, 0, 0.7, 1.5 ] },
                "west": { "texture": "#detail", "uv": [ 0, 0, 0.7, 1.5 ] },
                "up": { "texture": "#detail", "uv": [ 0, 0, 1.6, 4.5 ] },
                "down": { "texture": "#detail", "uv": [ 0, 0, 1.6, 4.5 ] }
            }
        },
        {
            "from": [ 15, -0.5, 7 ], 
            "to": [ 17, 3.5, 9 ], 
            "faces": {
                "north": { "texture": "#frame", "uv": [ 0, 0, 2, 4 ] },
                "east": { "texture": "#frame", "uv": [ 0, 0, 2, 4 ] },
                "south": { "texture": "#frame", "uv": [ 0, 0, 2, 4 ] },
                "west": { "texture": "#frame", "uv": [ 0, 0, 2, 4 ] },
                "down": { "texture": "#frame", "uv": [ 0, 0, 2, 2 ] }
            }
        },
        {
            "from": [ -1, -0.5, 7 ], 
            "to": [ 1, 3.5, 9 ], 
            "faces": {
                "north": { "texture": "#frame", "uv": [ 0, 0, 2, 4 ] },
                "east": { "texture": "#frame", "uv": [ 0, 0, 2, 4 ] },
                "south": { "texture": "#frame", "uv": [ 0, 0, 2, 4 ] },
                "west": { "texture": "#frame", "uv": [ 0, 0, 2, 4 ] },
                "down": { "texture": "#frame", "uv": [ 0, 0, 2, 2 ] }
            }
        },
        {
            "from": [ -1, 3.5, 3 ], 
            "to": [ 0, 10.5, 13 ], 
            "faces": {
                "north": { "texture": "#base", "uv": [ 0, 0, 1, 7 ], "tintindex": 0 },
                "east": { "texture": "#base", "uv": [ 0, 0, 10, 7 ], "tintindex": 0 },
                "south": { "texture": "#base", "uv": [ 0, 0, 1, 7 ], "tintindex": 0 },
                "west": { "texture": "#base", "uv": [ 0, 0, 10, 7 ], "tintindex": 0 },
                "down": { "texture": "#base", "uv": [ 0, 0, 1, 10 ], "tintindex": 0 }
            }
        },
        {
            "from": [ 16, 3.5, 3 ], 
            "to": [ 17, 10.5, 13 ], 
            "faces": {
                "north": { "texture": "#base", "uv": [ 0, 0, 1, 7 ], "tintindex": 0 },
                "east": { "texture": "#base", "uv": [ 0, 0, 10, 7 ], "tintindex": 0 },
                "south": { "texture": "#base", "uv": [ 0, 0, 1, 7 ], "tintindex": 0 },
                "west": { "texture": "#base", "uv": [ 0, 0, 10, 7 ], "tintindex": 0 },
                "down": { "texture": "#base", "uv": [ 0, 0, 1, 10 ], "tintindex": 0 }
            }
        },
        {
            "from": [ 0, 3.5, 3 ], 
            "to": [ 8, 4.5, 13 ], 
            "faces": {
                "north": { "texture": "#base", "uv": [ 0, 0, 8, 1 ], "tintindex": 0 },
                "south": { "texture": "#base", "uv": [ 0, 0, 8, 1 ], "tintindex": 0 },
                "up": { "texture": "#base", "uv": [ 0, 0, 8, 10 ], "tintindex": 0 },
                "down": { "texture": "#base", "uv": [ 0, 0, 8, 10 ], "tintindex": 0 }
            }
        },
        {
            "from": [ 8, 3.5, 3 ], 
            "to": [ 16, 4.5, 13 ], 
            "faces": {
                "north": { "texture": "#base", "uv": [ 0, 0, 8, 1 ], "tintindex": 0 },
                "south": { "texture": "#base", "uv": [ 0, 0, 8, 1 ], "tintindex": 0 },
                "up": { "texture": "#base", "uv": [ 0, 0, 8, 10 ], "tintindex": 0 },
                "down": { "texture": "#base", "uv": [ 0, 0, 8, 10 ], "tintindex": 0 }
            }
        },
        {
            "from": [ -1, 5.5, 1 ], 
            "to": [ 8, 10.5, 2 ], 
            "faces": {
                "north": { "texture": "#base", "uv": [ 0, 0, 9, 5 ], "tintindex": 0 },
                "south": { "texture": "#base", "uv": [ 0, 0, 9, 5 ], "tintindex": 0 },
                "west": { "texture": "#base", "uv": [ 0, 0, 1, 5 ], "tintindex": 0 }
            }
        },
        {
            "from": [ 8, 5.5, 1 ], 
            "to": [ 17, 10.5, 2 ], 
            "faces": {
                "north": { "texture": "#base", "uv": [ 0, 0, 9, 5 ], "tintindex": 0 },
                "east": { "texture": "#base", "uv": [ 0, 0, 1, 5 ], "tintindex": 0 },
                "south": { "texture": "#base", "uv": [ 0, 0, 9, 5 ], "tintindex": 0 }
            }
        },
        {
            "from": [ 8, 5.5, 14 ], 
            "to": [ 17, 10.5, 15 ], 
            "faces": {
                "north": { "texture": "#base", "uv": [ 0, 0, 9, 5 ], "tintindex": 0 },
                "east": { "texture": "#base", "uv": [ 0, 0, 1, 5 ], "tintindex": 0 },
                "south": { "texture": "#base", "uv": [ 0, 0, 9, 5 ], "tintindex": 0 }
            }
        },
        {
            "from": [ -1, 5.5, 14 ], 
            "to": [ 8, 10.5, 15 ], 
            "faces": {
                "north": { "texture": "#base", "uv": [ 0, 0, 9, 5 ], "tintindex": 0 },
                "south": { "texture": "#base", "uv": [ 0, 0, 9, 5 ], "tintindex": 0 },
                "west": { "texture": "#base", "uv": [ 0, 0, 1, 5 ], "tintindex": 0 }
            }
        },
        {
            "from": [ 0, 10.5, 1 ], 
            "to": [ 8, 11.5, 2 ], 
            "faces": {
                "north": { "texture": "#detail", "uv": [ 0, 0, 8, 1 ] },
                "south": { "texture": "#detail", "uv": [ 0, 0, 8, 1 ] },
                "up": { "texture": "#detail", "uv": [ 0, 0, 8, 1 ] }
            }
        },
        {
            "from": [ 0, 10.5, 14 ], 
            "to": [ 8, 11.5, 15 ], 
            "faces": {
                "north": { "texture": "#detail", "uv": [ 0, 0, 8, 1 ] },
                "south": { "texture": "#detail", "uv": [ 0, 0, 8, 1 ] },
                "up": { "texture": "#detail", "uv": [ 0, 0, 8, 1 ] }
            }
        },
        {
            "from": [ 8, 10.5, 14 ], 
            "to": [ 16, 11.5, 15 ], 
            "faces": {
                "north": { "texture": "#detail", "uv": [ 0, 0, 8, 1 ] },
                "south": { "texture": "#detail", "uv": [ 0, 0, 8, 1 ] },
                "up": { "texture": "#detail", "uv": [ 0, 0, 8, 1 ] }
            }
        },
        {
            "from": [ 8, 10.5, 1 ], 
            "to": [ 16, 11.5, 2 ], 
            "faces": {
                "north": { "texture": "#detail", "uv": [ 0, 0, 8, 1 ] },
                "south": { "texture": "#detail", "uv": [ 0, 0, 8, 1 ] },
                "up": { "texture": "#detail", "uv": [ 0, 0, 8, 1 ] }
            }
        },
        {
            "from": [ -1, 10.5, 1 ], 
            "to": [ 0, 11.5, 15 ], 
            "faces": {
                "north": { "texture": "#detail", "uv": [ 0, 0, 1, 1 ] },
                "east": { "texture": "#detail", "uv": [ 0, 0, 14, 1 ] },
                "south": { "texture": "#detail", "uv": [ 0, 0, 1, 1 ] },
                "west": { "texture": "#detail", "uv": [ 0, 0, 14, 1 ] },
                "up": { "texture": "#detail", "uv": [ 8, 1, 9, 15 ] }
            }
        },
        {
            "from": [ 16, 10.5, 1 ], 
            "to": [ 17, 11.5, 15 ], 
            "faces": {
                "north": { "texture": "#detail", "uv": [ 0, 0, 1, 1 ] },
                "east": { "texture": "#detail", "uv": [ 0, 0, 14, 1 ] },
                "south": { "texture": "#detail", "uv": [ 0, 0, 1, 1 ] },
                "west": { "texture": "#detail", "uv": [ 0, 0, 14, 1 ] },
                "up": { "texture": "#detail", "uv": [ 8, 1, 9, 15 ] }
            }
        },
        {
            "from": [ 7, 0.5, 1 ], 
            "to": [ 9, 4.5, 3 ], 
            "rotation": { "origin": [ 8.0, 3.5000000074505806, 3.0 ], "axis": "x", "angle": 22.5 },
            "faces": {
                "north": { "texture": "#base", "uv": [ 0, 0, 2, 4 ], "tintindex": 0 },
                "east": { "texture": "#base", "uv": [ 0, 0, 2, 4 ], "tintindex": 0 },
                "south": { "texture": "#base", "uv": [ 0, 0, 2, 4 ], "tintindex": 0 },
                "west": { "texture": "#base", "uv": [ 0, 0, 2, 4 ], "tintindex": 0 },
                "up": { "texture": "#base", "uv": [ 0, 0, 2, 2 ], "tintindex": 0 },
                "down": { "texture": "#base", "uv": [ 0, 0, 2, 2 ], "tintindex": 0 }
            }
        },
        {
            "from": [ 7, 0.5, 0 ], 
            "to": [ 9, 1.5, 2 ], 
            "faces": {
                "north": { "texture": "#base", "uv": [ 0, 0, 2, 1 ], "tintindex": 0 },
                "east": { "texture": "#base", "uv": [ 0, 0, 2, 1 ], "tintindex": 0 },
                "south": { "texture": "#base", "uv": [ 0, 0, 2, 1 ], "tintindex": 0 },
                "west": { "texture": "#base", "uv": [ 0, 0, 2, 1 ], "tintindex": 0 },
                "up": { "texture": "#base", "uv": [ 0, 0, 2, 2 ], "tintindex": 0 },
                "down": { "texture": "#base", "uv": [ 0, 0, 2, 2 ], "tintindex": 0 }
            }
        },
        {
            "from": [ -1, 3.5, 0.17 ], 
            "to": [ 8, 4.5, 3 ], 
            "rotation": { "origin": [ 11.0, 3.4999999925494194, 3.0 ], "axis": "x", "angle": 45.0 },
            "faces": {
                "north": { "texture": "#base", "uv": [ 0, 0, 9, 1 ], "tintindex": 0 },
                "south": { "texture": "#base", "uv": [ 0, 0, 9, 1 ], "tintindex": 0 },
                "west": { "texture": "#base", "uv": [ 0, 0, 2.83, 1 ], "tintindex": 0 },
                "up": { "texture": "#base", "uv": [ 0, 0, 9, 2.83 ], "tintindex": 0 },
                "down": { "texture": "#base", "uv": [ 0, 0, 9, 2.83 ], "tintindex": 0 }
            }
        },
        {
            "from": [ 8, 3.5, 0.17 ], 
            "to": [ 17, 4.5, 3 ], 
            "rotation": { "origin": [ 11.0, 3.4999999925494194, 3.0 ], "axis": "x", "angle": 45.0 },
            "faces": {
                "north": { "texture": "#base", "uv": [ 0, 0, 9, 1 ], "tintindex": 0 },
                "east": { "texture": "#base", "uv": [ 0, 0, 2.83, 1 ], "tintindex": 0 },
                "south": { "texture": "#base", "uv": [ 0, 0, 9, 1 ], "tintindex": 0 },
                "up": { "texture": "#base", "uv": [ 0, 0, 9, 2.83 ], "tintindex": 0 },
                "down": { "texture": "#base", "uv": [ 0, 0, 9, 2.83 ], "tintindex": 0 }
            }
        },
        {
            "from": [ -1, 4.9, 2 ], 
            "to": [ 0, 10.5, 3 ], 
            "faces": {
                "north": { "texture": "#base", "uv": [ 0, 0, 1, 5.6 ], "tintindex": 0 },
                "east": { "texture": "#base", "uv": [ 0, 0, 1, 5.6 ], "tintindex": 0 },
                "west": { "texture": "#base", "uv": [ 0, 0, 1, 5.6 ], "tintindex": 0 },
                "down": { "texture": "#base", "uv": [ 0, 0, 1, 1 ], "tintindex": 0 }
            }
        },
        {
            "from": [ 16, 4.9, 2 ], 
            "to": [ 17, 10.5, 3 ], 
            "faces": {
                "north": { "texture": "#base", "uv": [ 0, 0, 1, 5.6 ], "tintindex": 0 },
                "east": { "texture": "#base", "uv": [ 0, 0, 1, 5.6 ], "tintindex": 0 },
                "west": { "texture": "#base", "uv": [ 0, 0, 1, 5.6 ], "tintindex": 0 },
                "down": { "texture": "#base", "uv": [ 0, 0, 1, 1 ], "tintindex": 0 }
            }
        },
        {
            "from": [ 8, 3.5, 13 ], 
            "to": [ 17, 4.5, 15.83 ], 
            "rotation": { "origin": [ 8.0, 3.4999999925494194, 13.0 ], "axis": "x", "angle": -45.0 },
            "faces": {
                "north": { "texture": "#base", "uv": [ 0, 0, 9, 1 ], "tintindex": 0 },
                "east": { "texture": "#base", "uv": [ 0, 0, 2.83, 1 ], "tintindex": 0 },
                "south": { "texture": "#base", "uv": [ 0, 0, 9, 1 ], "tintindex": 0 },
                "up": { "texture": "#base", "uv": [ 0, 0, 9, 2.83 ], "tintindex": 0 },
                "down": { "texture": "#base", "uv": [ 0, 0, 9, 2.83 ], "tintindex": 0 }
            }
        },
        {
            "from": [ -1, 3.5, 13 ], 
            "to": [ 8, 4.5, 15.83 ], 
            "rotation": { "origin": [ 8.0, 3.4999999925494194, 13.0 ], "axis": "x", "angle": -45.0 },
            "faces": {
                "north": { "texture": "#base", "uv": [ 0, 0, 9, 1 ], "tintindex": 0 },
                "south": { "texture": "#base", "uv": [ 0, 0, 9, 1 ], "tintindex": 0 },
                "west": { "texture": "#base", "uv": [ 0, 0, 2.83, 1 ], "tintindex": 0 },
                "up": { "texture": "#base", "uv": [ 0, 0, 9, 2.83 ], "tintindex": 0 },
                "down": { "texture": "#base", "uv": [ 0, 0, 9, 2.83 ], "tintindex": 0 }
            }
        },
        {
            "from": [ -1, 4.9, 13 ], 
            "to": [ 0, 10.5, 14 ], 
            "faces": {
                "east": { "texture": "#base", "uv": [ 0, 0, 1, 5.6 ], "tintindex": 0 },
                "south": { "texture": "#base", "uv": [ 0, 0, 1, 5.6 ], "tintindex": 0 },
                "west": { "texture": "#base", "uv": [ 0, 0, 1, 5.6 ], "tintindex": 0 },
                "down": { "texture": "#base", "uv": [ 0, 0, 1, 1 ], "tintindex": 0 }
            }
        },
        {
            "from": [ 16, 4.9, 13 ], 
            "to": [ 17, 10.5, 14 ], 
            "faces": {
                "east": { "texture": "#base", "uv": [ 0, 0, 1, 5.6 ], "tintindex": 0 },
                "south": { "texture": "#base", "uv": [ 0, 0, 1, 5.6 ], "tintindex": 0 },
                "west": { "texture": "#base", "uv": [ 0, 0, 1, 5.6 ], "tintindex": 0 },
                "down": { "texture": "#base", "uv": [ 0, 0, 1, 1 ], "tintindex": 0 }
            }
        }
    ]
}