{
    "__comment": "Model generated using MrCrayfish's Model Creator (https://mrcrayfish.com/tools?id=mc)",
    "textures": {
        "logo": "vehicle:model/cray_industries_logo",
        "bolt": "minecraft:block/light_gray_concrete",
        "frame": "minecraft:block/anvil",
        "base": "minecraft:block/iron_block",
        "particle": "minecraft:block/iron_block"
    },
    "elements": [
        {
            "from": [ 0, 0, 8 ], 
            "to": [ 2, 16, 10 ], 
            "faces": {
                "north": { "texture": "#frame", "uv": [ 0, 0, 1, 16 ] },
                "east": { "texture": "#frame", "uv": [ 0, 0, 1, 16 ] },
                "south": { "texture": "#frame", "uv": [ 0, 0, 1, 16 ] },
                "west": { "texture": "#frame", "uv": [ 0, 0, 1, 16 ] },
                "up": { "texture": "#frame", "uv": [ 0, 0, 2, 2 ] },
                "down": { "texture": "#frame", "uv": [ 0, 0, 2, 2 ] }
            }
        },
        {
            "from": [ 14, 0, 8 ], 
            "to": [ 16, 16, 10 ], 
            "faces": {
                "north": { "texture": "#frame", "uv": [ 0, 0, 1, 16 ] },
                "east": { "texture": "#frame", "uv": [ 0, 0, 1, 16 ] },
                "south": { "texture": "#frame", "uv": [ 0, 0, 1, 16 ] },
                "west": { "texture": "#frame", "uv": [ 0, 0, 1, 16 ] },
                "up": { "texture": "#frame", "uv": [ 0, 0, 2, 2 ] },
                "down": { "texture": "#frame", "uv": [ 0, 0, 2, 2 ] }
            }
        },
        {
            "from": [ 2, 2, 8 ], 
            "to": [ 14, 14, 9.5 ], 
            "faces": {
                "north": { "texture": "#base", "uv": [ 0, 2, 1, 14 ] },
                "south": { "texture": "#base", "uv": [ 0, 2, 1, 14 ] }
            }
        },
        {
            "from": [ 2, 14, 8 ], 
            "to": [ 14, 16, 10 ], 
            "faces": {
                "north": { "texture": "#frame", "uv": [ 0, 0, 12, 2 ] },
                "south": { "texture": "#frame", "uv": [ 4, 7, 16, 9 ] },
                "up": { "texture": "#frame", "uv": [ 2, 10, 14, 12 ] },
                "down": { "texture": "#frame", "uv": [ 0, 0, 12, 2 ] }
            }
        },
        {
            "from": [ 0.5, 0.5, 10 ], 
            "to": [ 1.5, 1.5, 10.4 ], 
            "faces": {
                "east": { "texture": "#bolt", "uv": [ 0, 0, 0.4, 1 ] },
                "south": { "texture": "#bolt", "uv": [ 0, 0, 1, 1 ] },
                "west": { "texture": "#bolt", "uv": [ 0, 0, 0.4, 1 ] },
                "up": { "texture": "#bolt", "uv": [ 0, 0, 1, 0.4 ] },
                "down": { "texture": "#bolt", "uv": [ 0, 0, 1, 0.4 ] }
            }
        },
        {
            "from": [ 14.5, 0.5, 10 ], 
            "to": [ 15.5, 1.5, 10.4 ], 
            "faces": {
                "east": { "texture": "#bolt", "uv": [ 0, 0, 0.4, 1 ] },
                "south": { "texture": "#bolt", "uv": [ 0, 0, 1, 1 ] },
                "west": { "texture": "#bolt", "uv": [ 0, 0, 0.4, 1 ] },
                "up": { "texture": "#bolt", "uv": [ 0, 0, 1, 0.4 ] },
                "down": { "texture": "#bolt", "uv": [ 0, 0, 1, 0.4 ] }
            }
        },
        {
            "from": [ 14.5, 14.5, 10 ], 
            "to": [ 15.5, 15.5, 10.4 ], 
            "faces": {
                "east": { "texture": "#bolt", "uv": [ 0, 0, 0.4, 1 ] },
                "south": { "texture": "#bolt", "uv": [ 0, 0, 1, 1 ] },
                "west": { "texture": "#bolt", "uv": [ 0, 0, 0.4, 1 ] },
                "up": { "texture": "#bolt", "uv": [ 0, 0, 1, 0.4 ] },
                "down": { "texture": "#bolt", "uv": [ 0, 0, 1, 0.4 ] }
            }
        },
        {
            "from": [ 0.5, 14.5, 10 ], 
            "to": [ 1.5, 15.5, 10.4 ], 
            "faces": {
                "east": { "texture": "#bolt", "uv": [ 0, 0, 0.4, 1 ] },
                "south": { "texture": "#bolt", "uv": [ 0, 0, 1, 1 ] },
                "west": { "texture": "#bolt", "uv": [ 0, 0, 0.4, 1 ] },
                "up": { "texture": "#bolt", "uv": [ 0, 0, 1, 0.4 ] },
                "down": { "texture": "#bolt", "uv": [ 0, 0, 1, 0.4 ] }
            }
        },
        {
            "from": [ 2, 0, 8 ], 
            "to": [ 14, 2, 10 ], 
            "faces": {
                "north": { "texture": "#frame", "uv": [ 4, 14, 16, 16 ] },
                "south": { "texture": "#frame", "uv": [ 4, 14, 16, 16 ] },
                "up": { "texture": "#frame", "uv": [ 0, 0, 12, 2 ] },
                "down": { "texture": "#frame", "uv": [ 2, 3, 14, 5 ] }
            }
        },
        {
            "from": [ 3, 3, 9.5 ], 
            "to": [ 13, 13, 9.6 ], 
            "faces": {
                "south": { "texture": "#logo", "uv": [ 0, 0, 16, 16 ] }
            }
        }
    ]
}