{
"textures":{
"particle":"#2"
},
	"display": {
        "gui": {
            "rotation": [ 30, 135, 0 ],
            "translation": [ 0, 2, 0],
            "scale":[ 1.0, 1.0, 1.0 ]
        },
        "ground": {
            "rotation": [ 0, 0, 0 ],
            "translation": [ 0, 3, 0],
            "scale":[ 0.4, 0.4, 0.4 ]
        },
        "fixed": {
            "rotation": [ 0, 0, 0 ],
            "translation": [ 0, 0, 0],
            "scale":[ 0.5, 0.5, 0.5 ]
        },
        "thirdperson_righthand": {
            "rotation": [ 75, 45, 0 ],
            "translation": [ 0, 2.5, 2],
            "scale": [ 0.375, 0.375, 0.375 ]
        },
		"thirdperson_leftthand": {
            "rotation": [ 75, 225, 0 ],
            "translation": [ 0, 2.5, 2],
            "scale": [ 0.375, 0.375, 0.375 ]
        },
        "firstperson_righthand": {
            "rotation": [ 0, 45, 0 ],
            "translation": [ 0, 2, 0 ],
            "scale": [ 0.40, 0.40, 0.40 ]
        },
        "firstperson_lefthand": {
            "rotation": [ 0, 225, 0 ],
            "translation": [ 0, 2, 0 ],
            "scale": [ 0.40, 0.40, 0.40 ]
        }
    },
"elements":[
{"from": [5.5,9.0,5.5],
"to": [10.5,10.0,10.5],
"faces": {
"up": {"uv": [ 5.5, 5.5, 10.5, 10.5 ],"texture":"#1"},
"down": {"uv": [ 5.5, 5.5, 10.5, 10.5 ],"texture":"#1"},
"north": {"uv": [ 5.5, 9.0, 10.5, 10.0 ],"texture":"#1"},
"south": {"uv": [ 5.5, 9.0, 10.5, 10.0 ],"texture":"#1"},
"west": {"uv": [ 5.5, 9.0, 10.5, 10.0 ],"texture":"#1"},
"east": {"uv": [ 5.5, 9.0, 10.5, 10.0 ],"texture":"#1"}
}
}
,
{"from": [4.5,0.01,4.5],
"to": [11.5,9.0,11.5],
"faces": {
"up": {"uv": [ 4.5, 4.5, 11.5, 11.5 ],"texture":"#2"},
"down": {"uv": [ 4.5, 4.5, 11.5, 11.5 ],"texture":"#2"},
"north": {"uv": [ 4.5, 0.0, 11.5, 9.0 ],"texture":"#2"},
"south": {"uv": [ 4.5, 0.0, 11.5, 9.0 ],"texture":"#2"},
"west": {"uv": [ 4.5, 0.0, 11.5, 9.0 ],"texture":"#2"},
"east": {"uv": [ 4.5, 0.0, 11.5, 9.0 ],"texture":"#2"}
}
}
]
}
