{
    "textures": {
        "particle": "blocks/concrete_white",
        "bottom": "blocks/concrete_white",
        "top": "blocks/hardened_clay_stained_cyan"
    },
    "display": {
        "gui": {
            "rotation": [ 30, 135, 0 ],
            "translation": [ 0, 0, 0 ],
            "scale": [ 0.625, 0.625, 0.625 ]
        },
        "ground": {
            "rotation": [ 0, 0, 0 ],
            "translation": [ 0, 3, 0 ],
            "scale": [ 0.25, 0.25, 0.25 ]
        },
        "fixed": {
            "rotation": [ 0, 0, 0 ],
            "translation": [ 0, 0, 0 ],
            "scale": [ 0.5, 0.5, 0.5 ]
        },
        "thirdperson_righthand": {
            "rotation": [ 75, 45, 0 ],
            "translation": [ 0, 2.5, 0 ],
            "scale": [ 0.375, 0.375, 0.375 ]
        },
        "thirdperson_lefthand": {
            "rotation": [ 75, 225, 0 ],
            "translation": [ 0, 2.5, 0 ],
            "scale": [ 0.375, 0.375, 0.375 ]
        },
        "firstperson_righthand": {
            "rotation": [ 0, 45, 0 ],
            "translation": [ 0, 0, 0 ],
            "scale": [ 0.40, 0.40, 0.40 ]
        },
        "firstperson_lefthand": {
            "rotation": [ 0, 225, 0 ],
            "translation": [ 0, 0, 0 ],
            "scale": [ 0.40, 0.40, 0.40 ]
        }
    },
    "elements": [
        {
            "from": [ 2.0, 0.0, 0.0 ],
            "to": [ 16.0, 14.0, 16.0 ],
            "faces": {
                "up": {
                    "uv": [ 2.0, 0.0, 16.0, 16.0 ],
                    "texture": "#bottom"
                },
                "down": {
                    "uv": [ 2.0, 0.0, 16.0, 16.0 ],
                    "texture": "#bottom"
                },
                "north": {
                    "uv": [ 2.0, 0.0, 16.0, 14.0 ],
                    "texture": "#bottom"
                },
                "south": {
                    "uv": [ 2.0, 0.0, 16.0, 14.0 ],
                    "texture": "#bottom"
                },
                "west": {
                    "uv": [ 0.0, 0.0, 16.0, 14.0 ],
                    "texture": "#bottom"
                },
                "east": {
                    "uv": [ 0.0, 0.0, 16.0, 14.0 ],
                    "texture": "#bottom"
                }
            }
        },
        {
            "from": [ 0.0, 14.0, 0.0 ],
            "to": [ 16.0, 16.0, 16.0 ],
            "faces": {
                "up": {
                    "uv": [ 0.0, 0.0, 16.0, 16.0 ],
                    "texture": "#top"
                },
                "down": {
                    "uv": [ 0.0, 0.0, 16.0, 16.0 ],
                    "texture": "#top"
                },
                "north": {
                    "uv": [ 0.0, 14.0, 16.0, 16.0 ],
                    "texture": "#top"
                },
                "south": {
                    "uv": [ 0.0, 14.0, 16.0, 16.0 ],
                    "texture": "#top"
                },
                "west": {
                    "uv": [ 0.0, 14.0, 16.0, 16.0 ],
                    "texture": "#top"
                },
                "east": {
                    "uv": [ 0.0, 14.0, 16.0, 16.0 ],
                    "texture": "#top"
                }
            }
        }
    ]
}
