{
	"textures": {
		"bar": "blocks/log_oak",
		"ring": "blocks/gold_block",
		"particle": "#colour"
	},
	"display": {
		"gui": {
			"rotation": [30, 135, 0],
			"translation": [4, -1.75, 0],
			"scale": [0.75, 0.75, 0.75]
		},
		"ground": {
			"rotation": [0, 0, 0],
			"translation": [0, 3, 0],
			"scale": [0.25, 0.25, 0.25]
		},
		"fixed": {
			"rotation": [0, 0, 0],
			"translation": [0, 0, 0],
			"scale": [0.5, 0.5, 0.5]
		},
		"thirdperson_righthand": {
			"rotation": [75, 45, 0],
			"translation": [0, 2.5, 0],
			"scale": [0.375, 0.375, 0.375]
		},
		"firstperson_righthand": {
			"rotation": [0, 45, 0],
			"translation": [0, 0, 0],
			"scale": [0.40, 0.40, 0.40]
		},
		"firstperson_lefthand": {
			"rotation": [0, 225, 0],
			"translation": [0, 0, 0],
			"scale": [0.40, 0.40, 0.40]
		}
	},
	"elements": [{
			"from": [14.0, 14.0, 0.0],
			"to": [16.0, 16.0, 16.0],
			"faces": {
				"up": {
					"uv": [14.0, 0.0, 16.0, 16.0],
					"texture": "#bar"
				},
				"down": {
					"uv": [14.0, 0.0, 16.0, 16.0],
					"texture": "#bar"
				},
				"north": {
					"uv": [14.0, 14.0, 16.0, 16.0],
					"texture": "#bar"
				},
				"south": {
					"uv": [14.0, 14.0, 16.0, 16.0],
					"texture": "#bar"
				},
				"west": {
					"uv": [0.0, 14.0, 16.0, 16.0],
					"texture": "#bar"
				},
				"east": {
					"uv": [0.0, 14.0, 16.0, 16.0],
					"texture": "#bar"
				}
			}
		},
		{
			"from": [15.0, 2.0, 0.0],
			"to": [16.0, 4.0, 3.0],
			"faces": {
				"up": {
					"uv": [15.0, 0.0, 16.0, 3.0],
					"texture": "#colour"
				},
				"down": {
					"uv": [15.0, 0.0, 16.0, 3.0],
					"texture": "#colour"
				},
				"north": {
					"uv": [15.0, 2.0, 16.0, 4.0],
					"texture": "#colour"
				},
				"south": {
					"uv": [15.0, 2.0, 16.0, 4.0],
					"texture": "#colour"
				},
				"west": {
					"uv": [0.0, 2.0, 3.0, 4.0],
					"texture": "#colour"
				},
				"east": {
					"uv": [0.0, 2.0, 3.0, 4.0],
					"texture": "#colour"
				}
			}
		},
		{
			"from": [15.0, 5.0, 0.0],
			"to": [16.0, 6.0, 2.0],
			"faces": {
				"up": {
					"uv": [15.0, 0.0, 16.0, 2.0],
					"texture": "#colour"
				},
				"down": {
					"uv": [15.0, 0.0, 16.0, 2.0],
					"texture": "#colour"
				},
				"north": {
					"uv": [15.0, 5.0, 16.0, 6.0],
					"texture": "#colour"
				},
				"south": {
					"uv": [15.0, 5.0, 16.0, 6.0],
					"texture": "#colour"
				},
				"west": {
					"uv": [0.0, 5.0, 2.0, 6.0],
					"texture": "#colour"
				},
				"east": {
					"uv": [0.0, 5.0, 2.0, 6.0],
					"texture": "#colour"
				}
			}
		},
		{
			"from": [15.0, 6.0, 0.0],
			"to": [16.0, 8.0, 3.0],
			"faces": {
				"up": {
					"uv": [15.0, 0.0, 16.0, 3.0],
					"texture": "#colour"
				},
				"down": {
					"uv": [15.0, 0.0, 16.0, 3.0],
					"texture": "#colour"
				},
				"north": {
					"uv": [15.0, 6.0, 16.0, 8.0],
					"texture": "#colour"
				},
				"south": {
					"uv": [15.0, 6.0, 16.0, 8.0],
					"texture": "#colour"
				},
				"west": {
					"uv": [0.0, 6.0, 3.0, 8.0],
					"texture": "#colour"
				},
				"east": {
					"uv": [0.0, 6.0, 3.0, 8.0],
					"texture": "#colour"
				}
			}
		},
		{
			"from": [15.0, 8.0, 0.0],
			"to": [16.0, 11.0, 4.0],
			"faces": {
				"up": {
					"uv": [15.0, 0.0, 16.0, 4.0],
					"texture": "#colour"
				},
				"down": {
					"uv": [15.0, 0.0, 16.0, 4.0],
					"texture": "#colour"
				},
				"north": {
					"uv": [15.0, 8.0, 16.0, 11.0],
					"texture": "#colour"
				},
				"south": {
					"uv": [15.0, 8.0, 16.0, 11.0],
					"texture": "#colour"
				},
				"west": {
					"uv": [0.0, 8.0, 4.0, 11.0],
					"texture": "#colour"
				},
				"east": {
					"uv": [0.0, 8.0, 4.0, 11.0],
					"texture": "#colour"
				}
			}
		},
		{
			"from": [15.0, 11.0, 0.0],
			"to": [16.0, 14.0, 5.0],
			"faces": {
				"up": {
					"uv": [15.0, 0.0, 16.0, 5.0],
					"texture": "#colour"
				},
				"down": {
					"uv": [15.0, 0.0, 16.0, 5.0],
					"texture": "#colour"
				},
				"north": {
					"uv": [15.0, 11.0, 16.0, 14.0],
					"texture": "#colour"
				},
				"south": {
					"uv": [15.0, 11.0, 16.0, 14.0],
					"texture": "#colour"
				},
				"west": {
					"uv": [0.0, 11.0, 5.0, 14.0],
					"texture": "#colour"
				},
				"east": {
					"uv": [0.0, 11.0, 5.0, 14.0],
					"texture": "#colour"
				}
			}
		},
		{
			"from": [15.0, 2.0, 13.0],
			"to": [16.0, 4.0, 16.0],
			"faces": {
				"up": {
					"uv": [15.0, 13.0, 16.0, 16.0],
					"texture": "#colour"
				},
				"down": {
					"uv": [15.0, 13.0, 16.0, 16.0],
					"texture": "#colour"
				},
				"north": {
					"uv": [15.0, 2.0, 16.0, 4.0],
					"texture": "#colour"
				},
				"south": {
					"uv": [15.0, 2.0, 16.0, 4.0],
					"texture": "#colour"
				},
				"west": {
					"uv": [13.0, 2.0, 16.0, 4.0],
					"texture": "#colour"
				},
				"east": {
					"uv": [13.0, 2.0, 16.0, 4.0],
					"texture": "#colour"
				}
			}
		},
		{
			"from": [15.0, 5.0, 14.0],
			"to": [16.0, 6.0, 16.0],
			"faces": {
				"up": {
					"uv": [15.0, 14.0, 16.0, 16.0],
					"texture": "#colour"
				},
				"down": {
					"uv": [15.0, 14.0, 16.0, 16.0],
					"texture": "#colour"
				},
				"north": {
					"uv": [15.0, 5.0, 16.0, 6.0],
					"texture": "#colour"
				},
				"south": {
					"uv": [15.0, 5.0, 16.0, 6.0],
					"texture": "#colour"
				},
				"west": {
					"uv": [14.0, 5.0, 16.0, 6.0],
					"texture": "#colour"
				},
				"east": {
					"uv": [14.0, 5.0, 16.0, 6.0],
					"texture": "#colour"
				}
			}
		},
		{
			"from": [15.0, 6.0, 13.0],
			"to": [16.0, 8.0, 16.0],
			"faces": {
				"up": {
					"uv": [15.0, 13.0, 16.0, 16.0],
					"texture": "#colour"
				},
				"down": {
					"uv": [15.0, 13.0, 16.0, 16.0],
					"texture": "#colour"
				},
				"north": {
					"uv": [15.0, 6.0, 16.0, 8.0],
					"texture": "#colour"
				},
				"south": {
					"uv": [15.0, 6.0, 16.0, 8.0],
					"texture": "#colour"
				},
				"west": {
					"uv": [13.0, 6.0, 16.0, 8.0],
					"texture": "#colour"
				},
				"east": {
					"uv": [13.0, 6.0, 16.0, 8.0],
					"texture": "#colour"
				}
			}
		},
		{
			"from": [15.0, 8.0, 12.0],
			"to": [16.0, 11.0, 16.0],
			"faces": {
				"up": {
					"uv": [15.0, 12.0, 16.0, 16.0],
					"texture": "#colour"
				},
				"down": {
					"uv": [15.0, 12.0, 16.0, 16.0],
					"texture": "#colour"
				},
				"north": {
					"uv": [15.0, 8.0, 16.0, 11.0],
					"texture": "#colour"
				},
				"south": {
					"uv": [15.0, 8.0, 16.0, 11.0],
					"texture": "#colour"
				},
				"west": {
					"uv": [12.0, 8.0, 16.0, 11.0],
					"texture": "#colour"
				},
				"east": {
					"uv": [12.0, 8.0, 16.0, 11.0],
					"texture": "#colour"
				}
			}
		},
		{
			"from": [15.0, 11.0, 11.0],
			"to": [16.0, 14.0, 16.0],
			"faces": {
				"up": {
					"uv": [15.0, 11.0, 16.0, 16.0],
					"texture": "#colour"
				},
				"down": {
					"uv": [15.0, 11.0, 16.0, 16.0],
					"texture": "#colour"
				},
				"north": {
					"uv": [15.0, 11.0, 16.0, 14.0],
					"texture": "#colour"
				},
				"south": {
					"uv": [15.0, 11.0, 16.0, 14.0],
					"texture": "#colour"
				},
				"west": {
					"uv": [11.0, 11.0, 16.0, 14.0],
					"texture": "#colour"
				},
				"east": {
					"uv": [11.0, 11.0, 16.0, 14.0],
					"texture": "#colour"
				}
			}
		},
		{
			"from": [14.9984, 4.0, 0.0],
			"to": [15.9984, 5.0, 2.0],
			"faces": {
				"up": {
					"uv": [14.9984, 0.0, 15.9984, 2.0],
					"texture": "#ring"
				},
				"down": {
					"uv": [14.9984, 0.0, 15.9984, 2.0],
					"texture": "#ring"
				},
				"north": {
					"uv": [14.9984, 4.0, 15.9984, 5.0],
					"texture": "#ring"
				},
				"south": {
					"uv": [14.9984, 4.0, 15.9984, 5.0],
					"texture": "#ring"
				},
				"west": {
					"uv": [0.0, 4.0, 2.0, 5.0],
					"texture": "#ring"
				},
				"east": {
					"uv": [0.0, 4.0, 2.0, 5.0],
					"texture": "#ring"
				}
			}
		},
		{
			"from": [14.9984, 4.0, 14.0],
			"to": [15.9984, 5.0, 16.0],
			"faces": {
				"up": {
					"uv": [14.9984, 14.0, 15.9984, 16.0],
					"texture": "#ring"
				},
				"down": {
					"uv": [14.9984, 14.0, 15.9984, 16.0],
					"texture": "#ring"
				},
				"north": {
					"uv": [14.9984, 4.0, 15.9984, 5.0],
					"texture": "#ring"
				},
				"south": {
					"uv": [14.9984, 4.0, 15.9984, 5.0],
					"texture": "#ring"
				},
				"west": {
					"uv": [14.0, 4.0, 16.0, 5.0],
					"texture": "#ring"
				},
				"east": {
					"uv": [14.0, 4.0, 16.0, 5.0],
					"texture": "#ring"
				}
			}
		}
	]
}