{
"textures":{
"particle":"#1"
},
"elements":[
{"from": [14.4,4.8,6.4],
"to": [16.0,11.2,9.6],
"faces": {
"up": {"uv": [ 14.4, 6.4, 16.0, 9.6 ],"texture":"#1"},
"down": {"uv": [ 14.4, 6.4, 16.0, 9.6 ],"texture":"#1"},
"north": {"uv": [ 14.4, 4.8, 16.0, 11.2 ],"texture":"#1"},
"south": {"uv": [ 14.4, 4.8, 16.0, 11.2 ],"texture":"#1"},
"west": {"uv": [ 6.4, 4.8, 9.6, 11.2 ],"texture":"#1"},
"east": {"uv": [ 6.4, 4.8, 9.6, 11.2 ],"texture":"#1"}
}
}
,
{"from": [14.24,7.2,7.2],
"to": [14.4,8.8,8.8],
"faces": {
"up": {"uv": [ 14.24, 7.2, 14.4, 8.8 ],"texture":"#2"},
"down": {"uv": [ 14.24, 7.2, 14.4, 8.8 ],"texture":"#2"},
"north": {"uv": [ 14.24, 7.2, 14.4, 8.8 ],"texture":"#2"},
"south": {"uv": [ 14.24, 7.2, 14.4, 8.8 ],"texture":"#2"},
"west": {"uv": [ 7.2, 7.2, 8.8, 8.8 ],"texture":"#2"},
"east": {"uv": [ 7.2, 7.2, 8.8, 8.8 ],"texture":"#2"}
}
}
]
}
