{
    "__comment": "Model generated using MrCrayfish's Model Creator (http://mrcrayfish.com/modelcreator/)",
    "textures": {
        "0": "blocks/anvil_base",
        "1": "blocks/glass_red",
        "2": "blocks/glass_green",
		"3": "cfm:blocks/lights_red",
		"4": "cfm:blocks/lights_green",
		"particle": "blocks/anvil_base"
    },
    "elements": [
        {
            "name": "string_left",
            "from": [ 0.0, 15.0, 7.0 ], 
            "to": [ 6.0, 16.0, 8.0 ], 
            "rotation": { "origin": [ 0.0, 16.0, 8.0 ], "axis": "z", "angle": -22.5 },
            "faces": {
                "north": { "texture": "#0", "uv": [ 0.0, 0.0, 6.0, 1.0 ] },
                "east": { "texture": "#0", "uv": [ 0.0, 0.0, 1.0, 1.0 ] },
                "south": { "texture": "#0", "uv": [ 0.0, 0.0, 6.0, 1.0 ] },
                "west": { "texture": "#0", "uv": [ 0.0, 0.0, 1.0, 1.0 ] },
                "up": { "texture": "#0", "uv": [ 0.0, 0.0, 6.0, 1.0 ] },
                "down": { "texture": "#0", "uv": [ 0.0, 0.0, 6.0, 1.0 ] }
            }
        },
        {
            "name": "string_right",
            "from": [ 10.0, 15.0, 7.0 ], 
            "to": [ 16.0, 16.0, 8.0 ], 
            "rotation": { "origin": [ 16.0, 16.0, 8.0 ], "axis": "z", "angle": 22.5 },
            "faces": {
                "north": { "texture": "#0", "uv": [ 0.0, 0.0, 6.0, 1.0 ] },
                "east": { "texture": "#0", "uv": [ 0.0, 0.0, 1.0, 1.0 ] },
                "south": { "texture": "#0", "uv": [ 0.0, 0.0, 6.0, 1.0 ] },
                "west": { "texture": "#0", "uv": [ 0.0, 0.0, 1.0, 1.0 ] },
                "up": { "texture": "#0", "uv": [ 0.0, 0.0, 6.0, 1.0 ] },
                "down": { "texture": "#0", "uv": [ 0.0, 0.0, 6.0, 1.0 ] }
            }
        },
        {
            "name": "string_middle",
            "from": [ 5.2, 12.799999997019768, 7.0 ], 
            "to": [ 10.70000000745058, 13.799999997019768, 8.0 ], 
            "faces": {
                "north": { "texture": "#0", "uv": [ 0.0, 0.0, 5.500000007450581, 1.0 ] },
                "east": { "texture": "#0", "uv": [ 0.0, 0.0, 1.0, 1.0 ] },
                "south": { "texture": "#0", "uv": [ 0.0, 0.0, 5.500000007450581, 1.0 ] },
                "west": { "texture": "#0", "uv": [ 0.0, 0.0, 1.0, 1.0 ] },
                "up": { "texture": "#0", "uv": [ 0.0, 0.0, 5.500000007450581, 1.0 ] },
                "down": { "texture": "#0", "uv": [ 0.0, 0.0, 5.500000007450581, 1.0 ] }
            }
        },
        {
            "name": "light_left",
            "from": [ 1.4999999925494194, 11.8, 6.500000007450581 ], 
            "to": [ 3.4999999925494194, 13.8, 8.50000000745058 ], 
            "rotation": { "origin": [ 2.6999999955296516, 13.799999997019768, 8.0 ], "axis": "z", "angle": -22.5 },
            "faces": {
                "north": { "texture": "#1", "uv": [ 0.0, 0.0, 2.0, 2.0 ] },
                "east": { "texture": "#1", "uv": [ 0.0, 0.0, 2.0, 2.0 ] },
                "south": { "texture": "#1", "uv": [ 0.0, 0.0, 2.0, 2.0 ] },
                "west": { "texture": "#1", "uv": [ 0.0, 0.0, 2.0, 2.0 ] },
                "up": { "texture": "#1", "uv": [ 0.0, 0.0, 2.0, 2.0 ] },
                "down": { "texture": "#1", "uv": [ 0.0, 0.0, 2.0, 2.0 ] }
            }
        },
        {
            "name": "light_midde",
            "from": [ 7.0, 11.0, 6.500000007450581 ], 
            "to": [ 9.0, 13.0, 8.50000000745058 ], 
            "faces": {
                "north": { "texture": "#2", "uv": [ 0.0, 0.0, 2.0, 2.0 ] },
                "east": { "texture": "#2", "uv": [ 0.0, 0.0, 2.0, 2.0 ] },
                "south": { "texture": "#2", "uv": [ 0.0, 0.0, 2.0, 2.0 ] },
                "west": { "texture": "#2", "uv": [ 0.0, 0.0, 2.0, 2.0 ] },
                "up": { "texture": "#2", "uv": [ 0.0, 0.0, 2.0, 2.0 ] },
                "down": { "texture": "#2", "uv": [ 0.0, 0.0, 2.0, 2.0 ] }
            }
        },
        {
            "name": "llight_right",
            "from": [ 12.49999999254942, 11.8, 6.500000007450581 ], 
            "to": [ 14.49999999254942, 13.8, 8.50000000745058 ], 
            "rotation": { "origin": [ 13.200000002980232, 13.799999997019768, 8.0 ], "axis": "z", "angle": 22.5 },
            "faces": {
                "north": { "texture": "#1", "uv": [ 0.0, 0.0, 2.0, 2.0 ] },
                "east": { "texture": "#1", "uv": [ 0.0, 0.0, 2.0, 2.0 ] },
                "south": { "texture": "#1", "uv": [ 0.0, 0.0, 2.0, 2.0 ] },
                "west": { "texture": "#1", "uv": [ 0.0, 0.0, 2.0, 2.0 ] },
                "up": { "texture": "#1", "uv": [ 0.0, 0.0, 2.0, 2.0 ] },
                "down": { "texture": "#1", "uv": [ 0.0, 0.0, 2.0, 2.0 ] }
            }
        },
        {
            "name": "light_left_shine",
            "from": [ 1.199999988079071, 11.499999995529652, 6.200000002980232 ], 
            "to": [ 3.7999999970197678, 14.100000004470349, 8.800000011920929 ], 
            "rotation": { "origin": [ 2.6999999955296516, 13.799999997019768, 8.0 ], "axis": "z", "angle": -22.5 },
            "faces": {
                "north": { "texture": "#3", "uv": [ 0.0, 0.0, 2.0, 2.0 ] },
                "east": { "texture": "#3", "uv": [ 0.0, 0.0, 2.0, 2.0 ] },
                "south": { "texture": "#3", "uv": [ 0.0, 0.0, 2.0, 2.0 ] },
                "west": { "texture": "#3", "uv": [ 0.0, 0.0, 2.0, 2.0 ] },
                "up": { "texture": "#3", "uv": [ 0.0, 0.0, 2.0, 2.0 ] },
                "down": { "texture": "#3", "uv": [ 0.0, 0.0, 2.0, 2.0 ] }
            }
        },
        {
            "name": "light_middle_shine",
            "from": [ 6.699999995529652, 10.699999995529652, 6.200000002980232 ], 
            "to": [ 9.300000004470348, 13.300000004470348, 8.800000011920929 ], 
            "faces": {
                "north": { "texture": "#4", "uv": [ 0.0, 0.0, 2.0, 2.0 ] },
                "east": { "texture": "#4", "uv": [ 0.0, 0.0, 2.0, 2.0 ] },
                "south": { "texture": "#4", "uv": [ 0.0, 0.0, 2.0, 2.0 ] },
                "west": { "texture": "#4", "uv": [ 0.0, 0.0, 2.0, 2.0 ] },
                "up": { "texture": "#4", "uv": [ 0.0, 0.0, 2.0, 2.0 ] },
                "down": { "texture": "#4", "uv": [ 0.0, 0.0, 2.0, 2.0 ] }
            }
        },
        {
            "name": "light_right_shine",
            "from": [ 12.199999988079071, 11.499999995529652, 6.200000002980232 ], 
            "to": [ 14.799999997019768, 14.100000004470349, 8.800000011920929 ], 
            "rotation": { "origin": [ 13.200000002980232, 13.799999997019768, 8.0 ], "axis": "z", "angle": 22.5 },
            "faces": {
                "north": { "texture": "#3", "uv": [ 0.0, 0.0, 2.0, 2.0 ] },
                "east": { "texture": "#3", "uv": [ 0.0, 0.0, 2.0, 2.0 ] },
                "south": { "texture": "#3", "uv": [ 0.0, 0.0, 2.0, 2.0 ] },
                "west": { "texture": "#3", "uv": [ 0.0, 0.0, 2.0, 2.0 ] },
                "up": { "texture": "#3", "uv": [ 0.0, 0.0, 2.0, 2.0 ] },
                "down": { "texture": "#3", "uv": [ 0.0, 0.0, 2.0, 2.0 ] }
            }
        }
    ]
}