{
"textures":{
"particle":"#1"
},
"elements":[
{"from": [7.0,0.0,7.0],
"to": [9.0,17.6,9.0],
"faces": {
"up": {"uv": [ 7.0, 7.0, 9.0, 9.0 ],"texture":"#1"},
"down": {"uv": [ 7.0, 7.0, 9.0, 9.0 ],"texture":"#1"},
"north": {"uv": [ 7.0, 0, 9.0, 16.0 ],"texture":"#1"},
"south": {"uv": [ 7.0, 0, 9.0, 16.0 ],"texture":"#1"},
"west": {"uv": [ 7.0, 0, 9.0, 16.0 ],"texture":"#1"},
"east": {"uv": [ 7.0, 0, 9.0, 16.0 ],"texture":"#1"}
}
}
,
{"from": [7.5,0.0,12.0],
"to": [8.5,16.0,14.0],
"faces": {
"up": {"uv": [ 7.5, 12.0, 8.5, 14.0 ],"texture":"#1"},
"down": {"uv": [ 7.5, 12.0, 8.5, 14.0 ],"texture":"#1"},
"north": {"uv": [ 7.5, 0.0, 8.5, 16.0 ],"texture":"#1"},
"south": {"uv": [ 7.5, 0.0, 8.5, 16.0 ],"texture":"#1"},
"west": {"uv": [ 12.0, 0.0, 14.0, 16.0 ],"texture":"#1"},
"east": {"uv": [ 12.0, 0.0, 14.0, 16.0 ],"texture":"#1"}
}
}
,
{"from": [7.5,2.0,8.0],
"to": [8.5,4.0,16.0],
"faces": {
"up": {"uv": [ 7.5, 8.0, 8.5, 16.0 ],"texture":"#1"},
"down": {"uv": [ 7.5, 8.0, 8.5, 16.0 ],"texture":"#1"},
"north": {"uv": [ 7.5, 2.0, 8.5, 4.0 ],"texture":"#1"},
"south": {"uv": [ 7.5, 2.0, 8.5, 4.0 ],"texture":"#1"},
"west": {"uv": [ 8.0, 2.0, 16.0, 4.0 ],"texture":"#1"},
"east": {"uv": [ 8.0, 2.0, 16.0, 4.0 ],"texture":"#1"}
}
}
,
{"from": [7.5,12.0,8.0],
"to": [8.5,14.0,16.0],
"faces": {
"up": {"uv": [ 7.5, 8.0, 8.5, 16.0 ],"texture":"#1"},
"down": {"uv": [ 7.5, 8.0, 8.5, 16.0 ],"texture":"#1"},
"north": {"uv": [ 7.5, 12.0, 8.5, 14.0 ],"texture":"#1"},
"south": {"uv": [ 7.5, 12.0, 8.5, 14.0 ],"texture":"#1"},
"west": {"uv": [ 8.0, 12.0, 16.0, 14.0 ],"texture":"#1"},
"east": {"uv": [ 8.0, 12.0, 16.0, 14.0 ],"texture":"#1"}
}
}
,
{"from": [7.5,0.0,2.0],
"to": [8.5,16.0,4.0],
"faces": {
"up": {"uv": [ 7.5, 2.0, 8.5, 4.0 ],"texture":"#1"},
"down": {"uv": [ 7.5, 2.0, 8.5, 4.0 ],"texture":"#1"},
"north": {"uv": [ 7.5, 0.0, 8.5, 16.0 ],"texture":"#1"},
"south": {"uv": [ 7.5, 0.0, 8.5, 16.0 ],"texture":"#1"},
"west": {"uv": [ 2.0, 0.0, 4.0, 16.0 ],"texture":"#1"},
"east": {"uv": [ 2.0, 0.0, 4.0, 16.0 ],"texture":"#1"}
}
}
,
{"from": [7.5,2.0,0.0],
"to": [8.5,4.0,8.0],
"faces": {
"up": {"uv": [ 7.5, 0.0, 8.5, 8.0 ],"texture":"#1"},
"down": {"uv": [ 7.5, 0.0, 8.5, 8.0 ],"texture":"#1"},
"north": {"uv": [ 7.5, 2.0, 8.5, 4.0 ],"texture":"#1"},
"south": {"uv": [ 7.5, 2.0, 8.5, 4.0 ],"texture":"#1"},
"west": {"uv": [ 0.0, 2.0, 8.0, 4.0 ],"texture":"#1"},
"east": {"uv": [ 0.0, 2.0, 8.0, 4.0 ],"texture":"#1"}
}
}
,
{"from": [7.5,12.0,0.0],
"to": [8.5,14.0,8.0],
"faces": {
"up": {"uv": [ 7.5, 0.0, 8.5, 8.0 ],"texture":"#1"},
"down": {"uv": [ 7.5, 0.0, 8.5, 8.0 ],"texture":"#1"},
"north": {"uv": [ 7.5, 12.0, 8.5, 14.0 ],"texture":"#1"},
"south": {"uv": [ 7.5, 12.0, 8.5, 14.0 ],"texture":"#1"},
"west": {"uv": [ 0.0, 12.0, 8.0, 14.0 ],"texture":"#1"},
"east": {"uv": [ 0.0, 12.0, 8.0, 14.0 ],"texture":"#1"}
}
}
]
}
