{
"textures":{
"particle":"#2"
},
	"display": {
        "gui": {
            "rotation": [ 30, 225, 180 ],
            "translation": [ 0, 8, 0],
            "scale":[ 1.5, 1.5, 1.5 ]
        },
        "ground": {
            "rotation": [ 0, 0, 0 ],
            "translation": [ 0, 3, 0],
            "scale":[ 0.25, 0.25, 0.25 ]
        },
        "fixed": {
            "rotation": [ 0, 0, 0 ],
            "translation": [ 0, 0, 0],
            "scale":[ 0.5, 0.5, 0.5 ]
        },
        "thirdperson_righthand": {
            "rotation": [ 75, 45, 0 ],
            "translation": [ 0, 1, -5],
            "scale": [ 0.8, 0.8, 0.8 ]
        },
		"thirdperson_righthand": {
            "rotation": [ 75, 225, 0 ],
            "translation": [ 0, 1, -5],
            "scale": [ 0.8, 0.8, 0.8 ]
        },
        "firstperson_righthand": {
            "rotation": [ 0, 45, 0 ],
            "translation": [ 0, -4, 0 ],
            "scale": [ 0.80, 0.80, 0.80 ]
        },
        "firstperson_lefthand": {
            "rotation": [ 0, 225, 0 ],
            "translation": [ 0, -4, 0 ],
            "scale": [ 0.80, 0.80, 0.80 ]
        }
    },
"elements":[
{"from": [6.4,14.0,6.4],
"to": [7.4,14.4,7.4],
"faces": {
"up": {"uv": [ 6.4, 6.4, 7.4, 7.4 ],"texture":"#1"},
"down": {"uv": [ 6.4, 6.4, 7.4, 7.4 ],"texture":"#1"},
"north": {"uv": [ 6.4, 14.0, 7.4, 14.4 ],"texture":"#1"},
"south": {"uv": [ 6.4, 14.0, 7.4, 14.4 ],"texture":"#1"},
"west": {"uv": [ 6.4, 14.0, 7.4, 14.4 ],"texture":"#1"},
"east": {"uv": [ 6.4, 14.0, 7.4, 14.4 ],"texture":"#1"}
}
}
,
{"from": [5.6,15.0,5.6],
"to": [10.4,16.0,10.4],
"faces": {
"up": {"uv": [ 5.6, 5.6, 10.4, 10.4 ],"texture":"#2"},
"down": {"uv": [ 5.6, 5.6, 10.4, 10.4 ],"texture":"#2"},
"north": {"uv": [ 5.6, 15.0, 10.4, 16.0 ],"texture":"#2"},
"south": {"uv": [ 5.6, 15.0, 10.4, 16.0 ],"texture":"#2"},
"west": {"uv": [ 5.6, 15.0, 10.4, 16.0 ],"texture":"#2"},
"east": {"uv": [ 5.6, 15.0, 10.4, 16.0 ],"texture":"#2"}
}
}
,
{"from": [6.08,14.4,6.08],
"to": [9.92,15.0,9.92],
"faces": {
"up": {"uv": [ 6.08, 6.08, 9.92, 9.92 ],"texture":"#2"},
"down": {"uv": [ 6.08, 6.08, 9.92, 9.92 ],"texture":"#2"},
"north": {"uv": [ 6.08, 14.4, 9.92, 15.0 ],"texture":"#2"},
"south": {"uv": [ 6.08, 14.4, 9.92, 15.0 ],"texture":"#2"},
"west": {"uv": [ 6.08, 14.4, 9.92, 15.0 ],"texture":"#2"},
"east": {"uv": [ 6.08, 14.4, 9.92, 15.0 ],"texture":"#2"}
}
}
]
}
