{
    "__comment": "Model generated using MrCrayfish's Model Creator (https://mrcrayfish.com/tools?id=mc)",
    "textures": {
        "0": "blocks/concrete_white"
    },
    "display": {
        "gui": {
            "rotation": [ 30, 225, 0 ],
            "translation": [ 0, 0, 0 ],
            "scale": [ 0.625, 0.625, 0.625 ]
        },
        "ground": {
            "rotation": [ 0, 0, 0 ],
            "translation": [ 0, 3, 0 ],
            "scale": [ 0.25, 0.25, 0.25 ]
        },
        "fixed": {
            "rotation": [ 0, 0, 0 ],
            "translation": [ 0, 0, 0 ],
            "scale": [ 0.5, 0.5, 0.5 ]
        },
        "thirdperson_righthand": {
            "rotation": [ 75, 45, 0 ],
            "translation": [ 0, 2.5, 0 ],
            "scale": [ 0.375, 0.375, 0.375 ]
        },
        "thirdperson_lefthand": {
            "rotation": [ 75, 255, 0 ],
            "translation": [ 0, 2.5, 0 ],
            "scale": [ 0.375, 0.375, 0.375 ]
        },
        "firstperson_righthand": {
            "rotation": [ 0, 45, 0 ],
            "translation": [ 0, 2.5, 0 ],
            "scale": [ 0.4, 0.4, 0.4 ]
        },
        "firstperson_lefthand": {
            "rotation": [ 0, 225, 0 ],
            "translation": [ 0, 2.5, 0 ],
            "scale": [ 0.4, 0.4, 0.4 ]
        }
    },
    "elements": [
        {
            "name": "frame_1",
            "from": [ 6.50, 15.00, 6.50 ], 
            "to": [ 9.50, 16.00, 9.50 ], 
            "faces": {
                "north": { "texture": "#0", "uv": [ 0.00, 0.00, 3.00, 1.00 ] },
                "east": { "texture": "#0", "uv": [ 0.00, 0.00, 3.00, 1.00 ] },
                "south": { "texture": "#0", "uv": [ 0.00, 0.00, 3.00, 1.00 ] },
                "west": { "texture": "#0", "uv": [ 0.00, 0.00, 3.00, 1.00 ] },
                "up": { "texture": "#0", "uv": [ 0.00, 0.00, 3.00, 3.00 ] },
                "down": { "texture": "#0", "uv": [ 0.00, 0.00, 3.00, 3.00 ] }
            }
        },
        {
            "name": "frame_2",
            "from": [ 7.00, 0.00, 7.00 ], 
            "to": [ 9.00, 0.50, 9.00 ], 
            "faces": {
                "north": { "texture": "#0", "uv": [ 0.00, 0.00, 2.00, 0.50 ] },
                "east": { "texture": "#0", "uv": [ 0.00, 0.00, 2.00, 0.50 ] },
                "south": { "texture": "#0", "uv": [ 0.00, 0.00, 2.00, 0.50 ] },
                "west": { "texture": "#0", "uv": [ 0.00, 0.00, 2.00, 0.50 ] },
                "up": { "texture": "#0", "uv": [ 0.00, 0.00, 2.00, 2.00 ] },
                "down": { "texture": "#0", "uv": [ 0.00, 0.00, 2.00, 2.00 ] }
            }
        },
        {
            "name": "frame_3",
            "from": [ 7.00, 14.00, 7.00 ], 
            "to": [ 9.00, 15.00, 9.00 ], 
            "faces": {
                "north": { "texture": "#0", "uv": [ 0.00, 0.00, 2.00, 1.00 ] },
                "east": { "texture": "#0", "uv": [ 0.00, 0.00, 2.00, 1.00 ] },
                "south": { "texture": "#0", "uv": [ 0.00, 0.00, 2.00, 1.00 ] },
                "west": { "texture": "#0", "uv": [ 0.00, 0.00, 2.00, 1.00 ] },
                "up": { "texture": "#0", "uv": [ 0.00, 0.00, 2.00, 2.00 ] },
                "down": { "texture": "#0", "uv": [ 0.00, 0.00, 2.00, 2.00 ] }
            }
        }
    ]
}