{
    "__comment": "Model generated using MrCrayfish's Model Creator (https://mrcrayfish.com/tools?id=mc)",
    "textures": {
        "particle": "blocks/anvil_base",
        "0": "blocks/anvil_base",
        "1": "blocks/concrete_silver",
        "2": "blocks/concrete_black",
        "3": "blocks/anvil_base"
    },
    "display": {
        "gui": {
            "rotation": [ 30, 45, 0 ],
            "translation": [ 0, 0, 0 ],
            "scale": [ 0.625, 0.625, 0.625 ]
        },
        "ground": {
            "rotation": [ 0, 0, 0 ],
            "translation": [ 0, 3, 0 ],
            "scale": [ 0.25, 0.25, 0.25 ]
        },
        "fixed": {
            "rotation": [ 0, 180, 0 ],
            "translation": [ 0, 0, 0 ],
            "scale": [ 0.5, 0.5, 0.5 ]
        },
        "thirdperson_righthand": {
            "rotation": [ 0, 0, 0 ],
            "translation": [ 0, 3, 1 ],
            "scale": [ 0.35, 0.35, 0.35 ]
        },
        "firstperson_righthand": {
            "rotation": [ 0, 315, 0 ],
            "translation": [ 0, 2.5, 0 ],
            "scale": [ 0.4, 0.4, 0.4 ]
        }
    },
    "elements": [
        {
            "name": "base",
            "from": [ 2.00, 0.00, 5.00 ], 
            "to": [ 14.00, 1.00, 11.00 ], 
            "faces": {
                "north": { "texture": "#0", "uv": [ 0.00, 0.00, 12.00, 1.00 ] },
                "east": { "texture": "#0", "uv": [ 0.00, 0.00, 6.00, 1.00 ] },
                "south": { "texture": "#0", "uv": [ 0.00, 0.00, 12.00, 1.00 ] },
                "west": { "texture": "#0", "uv": [ 0.00, 0.00, 6.00, 1.00 ] },
                "up": { "texture": "#0", "uv": [ 0.00, 0.00, 12.00, 6.00 ] },
                "down": { "texture": "#0", "uv": [ 0.00, 0.00, 12.00, 6.00 ] }
            }
        },
        {
            "name": "stand",
            "from": [ 6.00, 1.00, 6.80 ], 
            "to": [ 10.00, 4.00, 8.30 ], 
            "faces": {
                "north": { "texture": "#1", "uv": [ 0.00, 0.00, 4.00, 3.00 ] },
                "east": { "texture": "#1", "uv": [ 0.00, 0.00, 1.50, 3.00 ] },
                "south": { "texture": "#1", "uv": [ 0.00, 0.00, 4.00, 3.00 ] },
                "west": { "texture": "#1", "uv": [ 0.00, 0.00, 1.50, 3.00 ] },
                "up": { "texture": "#1", "uv": [ 0.00, 0.00, 4.00, 1.50 ] }
            }
        },
        {
            "name": "frame_1",
            "from": [ -4.00, 3.00, 7.50 ], 
            "to": [ 12.00, 4.00, 8.50 ], 
            "faces": {
                "north": { "texture": "#0", "uv": [ 0.00, 0.00, 16.00, 1.00 ] },
                "east": { "texture": "#0", "uv": [ 0.00, 0.00, 1.00, 1.00 ] },
                "south": { "texture": "#0", "uv": [ 0.00, 0.00, 16.00, 1.00 ] },
                "west": { "texture": "#0", "uv": [ 0.00, 0.00, 1.00, 1.00 ] },
                "up": { "texture": "#0", "uv": [ 0.00, 0.00, 16.00, 1.00 ] },
                "down": { "texture": "#0", "uv": [ 0.00, 0.00, 16.00, 1.00 ] }
            }
        },
        {
            "name": "frame_2",
            "from": [ 12.00, 3.00, 7.50 ], 
            "to": [ 20.00, 4.00, 8.50 ], 
            "faces": {
                "north": { "texture": "#0", "uv": [ 0.00, 0.00, 8.00, 1.00 ] },
                "east": { "texture": "#0", "uv": [ 0.00, 0.00, 1.00, 1.00 ] },
                "south": { "texture": "#0", "uv": [ 5.00, 5.00, 13.00, 6.00 ] },
                "west": { "texture": "#0", "uv": [ 0.00, 0.00, 1.00, 1.00 ] },
                "up": { "texture": "#0", "uv": [ 0.00, 0.00, 8.00, 1.00 ] },
                "down": { "texture": "#0", "uv": [ 0.00, 0.00, 8.00, 1.00 ] }
            }
        },
        {
            "name": "frame_3",
            "from": [ -4.00, 16.00, 7.50 ], 
            "to": [ 12.00, 17.00, 8.50 ], 
            "faces": {
                "north": { "texture": "#0", "uv": [ 0.00, 0.00, 16.00, 1.00 ] },
                "east": { "texture": "#0", "uv": [ 0.00, 0.00, 1.00, 1.00 ] },
                "south": { "texture": "#0", "uv": [ 0.00, 0.00, 16.00, 1.00 ] },
                "west": { "texture": "#0", "uv": [ 0.00, 0.00, 1.00, 1.00 ] },
                "up": { "texture": "#0", "uv": [ 0.00, 0.00, 16.00, 1.00 ] },
                "down": { "texture": "#0", "uv": [ 0.00, 0.00, 16.00, 1.00 ] }
            }
        },
        {
            "name": "screen_1",
            "from": [ -3.00, 4.00, 7.50 ], 
            "to": [ 13.00, 16.00, 8.30 ], 
            "faces": {
                "north": { "texture": "#2", "uv": [ 0.00, 0.00, 16.00, 12.00 ] },
                "east": { "texture": "#2", "uv": [ 0.00, 0.00, 0.80, 12.00 ] },
                "south": { "texture": "#2", "uv": [ 0.00, 0.00, 1.00, 1.00 ] },
                "west": { "texture": "#2", "uv": [ 0.00, 0.00, 0.80, 12.00 ] },
                "up": { "texture": "#2", "uv": [ 0.00, 0.00, 16.00, 0.80 ] },
                "down": { "texture": "#2", "uv": [ 0.00, 0.00, 16.00, 0.80 ] }
            }
        },
        {
            "name": "screen_2",
            "from": [ 13.00, 4.00, 7.50 ], 
            "to": [ 19.00, 16.00, 8.30 ], 
            "faces": {
                "north": { "texture": "#2", "uv": [ 0.00, 0.00, 6.00, 12.00 ] },
                "east": { "texture": "#2", "uv": [ 0.00, 0.00, 0.80, 12.00 ] },
                "south": { "texture": "#2", "uv": [ 0.00, 0.00, 1.00, 1.00 ] },
                "west": { "texture": "#2", "uv": [ 0.00, 0.00, 0.80, 12.00 ] },
                "up": { "texture": "#2", "uv": [ 0.00, 0.00, 6.00, 0.80 ] },
                "down": { "texture": "#2", "uv": [ 0.00, 0.00, 6.00, 0.80 ] }
            }
        },
        {
            "name": "frame_4",
            "from": [ 12.00, 16.00, 7.50 ], 
            "to": [ 20.00, 17.00, 8.50 ], 
            "faces": {
                "north": { "texture": "#0", "uv": [ 0.00, 0.00, 8.00, 1.00 ] },
                "east": { "texture": "#0", "uv": [ 0.00, 0.00, 1.00, 1.00 ] },
                "south": { "texture": "#0", "uv": [ 6.00, 5.00, 14.00, 6.00 ] },
                "west": { "texture": "#0", "uv": [ 0.00, 0.00, 1.00, 1.00 ] },
                "up": { "texture": "#0", "uv": [ 0.00, 0.00, 8.00, 1.00 ] },
                "down": { "texture": "#0", "uv": [ 0.00, 0.00, 8.00, 1.00 ] }
            }
        },
        {
            "name": "connection",
            "from": [ 5.50, 5.00, 6.70 ], 
            "to": [ 10.50, 7.00, 7.30 ], 
            "faces": {
                "north": { "texture": "#0", "uv": [ 0.00, 0.00, 5.00, 2.00 ] },
                "east": { "texture": "#0", "uv": [ 0.00, 0.00, 0.60, 2.00 ] },
                "south": { "texture": "#0", "uv": [ 0.00, 0.00, 5.00, 2.00 ] },
                "west": { "texture": "#0", "uv": [ 0.00, 0.00, 0.60, 2.00 ] },
                "up": { "texture": "#0", "uv": [ 0.00, 0.00, 5.00, 0.60 ] },
                "down": { "texture": "#0", "uv": [ 0.00, 0.00, 5.00, 0.60 ] }
            }
        },
        {
            "name": "frame_5",
            "from": [ -4.00, 4.00, 7.50 ], 
            "to": [ -3.00, 16.00, 8.50 ], 
            "faces": {
                "north": { "texture": "#0", "uv": [ 0.00, 2.00, 1.00, 14.00 ] },
                "east": { "texture": "#0", "uv": [ 0.00, 2.00, 1.00, 14.00 ] },
                "south": { "texture": "#0", "uv": [ 5.00, 0.00, 6.00, 12.00 ] },
                "west": { "texture": "#0", "uv": [ 0.00, 2.00, 1.00, 14.00 ] }
            }
        },
        {
            "name": "frame_6",
            "from": [ 19.00, 4.00, 7.50 ], 
            "to": [ 20.00, 16.00, 8.50 ], 
            "faces": {
                "north": { "texture": "#0", "uv": [ 0.00, 2.00, 1.00, 14.00 ] },
                "east": { "texture": "#0", "uv": [ 0.00, 2.00, 1.00, 14.00 ] },
                "south": { "texture": "#0", "uv": [ 0.00, 2.00, 1.00, 14.00 ] },
                "west": { "texture": "#0", "uv": [ 0.00, 2.00, 1.00, 14.00 ] }
            }
        },
        {
            "name": "back_cover_1",
            "from": [ -3.00, 4.00, 6.50 ], 
            "to": [ 13.00, 16.00, 7.50 ], 
            "faces": {
                "north": { "texture": "#3", "uv": [ 0.00, 0.00, 16.00, 12.00 ] },
                "east": { "texture": "#3", "uv": [ 0.00, 0.00, 1.00, 12.00 ] },
                "south": { "texture": "#3", "uv": [ 0.00, 0.00, 16.00, 12.00 ] },
                "west": { "texture": "#3", "uv": [ 0.00, 0.00, 1.00, 12.00 ] },
                "up": { "texture": "#3", "uv": [ 0.00, 0.00, 16.00, 1.00 ] },
                "down": { "texture": "#3", "uv": [ 0.00, 0.00, 16.00, 1.00 ] }
            }
        },
        {
            "name": "back_cover_2",
            "from": [ 13.00, 4.00, 6.50 ], 
            "to": [ 19.00, 16.00, 7.50 ], 
            "faces": {
                "north": { "texture": "#3", "uv": [ 9.00, 0.00, 15.00, 12.00 ] },
                "east": { "texture": "#3", "uv": [ 0.00, 0.00, 1.00, 12.00 ] },
                "south": { "texture": "#3", "uv": [ 0.00, 0.00, 6.00, 12.00 ] },
                "west": { "texture": "#3", "uv": [ 0.00, 0.00, 1.00, 12.00 ] },
                "up": { "texture": "#3", "uv": [ 0.00, 0.00, 6.00, 1.00 ] },
                "down": { "texture": "#3", "uv": [ 0.00, 0.00, 6.00, 1.00 ] }
            }
        },
        {
            "name": "back_cover_3",
            "from": [ -3.00, 16.00, 6.50 ], 
            "to": [ 10.00, 17.40, 7.50 ], 
            "rotation": { "origin": [ 8.0, 16.0, 6.500000007450581 ], "axis": "x", "angle": 45.0 },
            "faces": {
                "north": { "texture": "#3", "uv": [ 0.00, 0.00, 13.00, 1.40 ] },
                "east": { "texture": "#3", "uv": [ 0.00, 0.00, 1.00, 1.40 ] },
                "south": { "texture": "#3", "uv": [ 0.00, 0.00, 13.00, 1.40 ] },
                "west": { "texture": "#3", "uv": [ 6.00, 4.40, 7.00, 5.80 ] },
                "up": { "texture": "#3", "uv": [ 0.00, 0.00, 13.00, 1.00 ] },
                "down": { "texture": "#3", "uv": [ 0.00, 0.00, 13.00, 1.00 ] }
            }
        },
        {
            "name": "back_cover_4",
            "from": [ 10.00, 16.00, 6.50 ], 
            "to": [ 19.00, 17.40, 7.50 ], 
            "rotation": { "origin": [ 8.0, 16.0, 6.500000007450581 ], "axis": "x", "angle": 45.0 },
            "faces": {
                "north": { "texture": "#3", "uv": [ 0.00, 0.00, 9.00, 1.40 ] },
                "east": { "texture": "#3", "uv": [ 4.00, 12.70, 5.00, 13.40 ] },
                "south": { "texture": "#3", "uv": [ 0.00, 0.00, 9.00, 1.40 ] },
                "west": { "texture": "#3", "uv": [ 0.00, 0.00, 1.00, 1.40 ] },
                "up": { "texture": "#3", "uv": [ 0.00, 0.00, 9.00, 1.00 ] },
                "down": { "texture": "#3", "uv": [ 0.00, 0.00, 9.00, 1.00 ] }
            }
        },
        {
            "name": "back_cover_5",
            "from": [ -3.00, 2.60, 6.50 ], 
            "to": [ 10.00, 4.00, 7.50 ], 
            "rotation": { "origin": [ 8.0, 4.0, 6.500000007450581 ], "axis": "x", "angle": -45.0 },
            "faces": {
                "north": { "texture": "#3", "uv": [ 0.00, 0.00, 13.00, 1.40 ] },
                "east": { "texture": "#3", "uv": [ 0.00, 0.00, 1.00, 1.40 ] },
                "south": { "texture": "#3", "uv": [ 0.00, 0.00, 13.00, 1.40 ] },
                "west": { "texture": "#3", "uv": [ 0.00, 11.00, 1.00, 12.40 ] },
                "up": { "texture": "#3", "uv": [ 0.00, 0.00, 13.00, 1.00 ] },
                "down": { "texture": "#3", "uv": [ 0.00, 0.00, 13.00, 1.00 ] }
            }
        },
        {
            "name": "back_cover_6",
            "from": [ 10.00, 2.60, 6.50 ], 
            "to": [ 19.00, 4.00, 7.50 ], 
            "rotation": { "origin": [ 8.0, 4.0, 6.500000007450581 ], "axis": "x", "angle": -45.0 },
            "faces": {
                "north": { "texture": "#3", "uv": [ 0.00, 0.00, 9.00, 1.40 ] },
                "east": { "texture": "#3", "uv": [ 0.00, 11.00, 1.00, 12.40 ] },
                "south": { "texture": "#3", "uv": [ 0.00, 0.00, 9.00, 1.40 ] },
                "west": { "texture": "#3", "uv": [ 0.00, 0.00, 1.00, 1.40 ] },
                "up": { "texture": "#3", "uv": [ 0.00, 0.00, 9.00, 1.00 ] },
                "down": { "texture": "#3", "uv": [ 0.00, 0.00, 9.00, 1.00 ] }
            }
        }
    ]
}