{
    "__comment": "Model generated using MrCrayfish's Model Creator (https://mrcrayfish.com/tools?id=mc)",
    "textures": {
        "particle": "blocks/concrete_white",
        "0": "blocks/concrete_white",
        "1": "blocks/concrete_silver"
    },
    "display": {
        "gui": {
            "rotation": [ 30, 45, 0 ],
            "translation": [ 0, -1, 0 ],
            "scale": [ 0.625, 0.625, 0.625 ]
        },
        "ground": {
            "rotation": [ 0, 0, 0 ],
            "translation": [ 0, 3, 0 ],
            "scale": [ 0.25, 0.25, 0.25 ]
        },
        "fixed": {
            "rotation": [ 0, 0, 0 ],
            "translation": [ 0, 0, 0 ],
            "scale": [ 0.5, 0.5, 0.5 ]
        },
        "thirdperson_righthand": {
            "rotation": [ 75, 315, 0 ],
            "translation": [ 0, 2.5, 0 ],
            "scale": [ 0.375, 0.375, 0.375 ]
        },
        "firstperson_righthand": {
            "rotation": [ 0, 315, 0 ],
            "translation": [ 0, 2.5, 0 ],
            "scale": [ 0.4, 0.4, 0.4 ]
        }
    },
    "elements": [
        {
            "name": "Cube",
            "from": [ 0.00, 6.00, 8.00 ], 
            "to": [ 16.00, 8.00, 16.00 ], 
            "faces": {
                "north": { "texture": "#0", "uv": [ 0.00, 0.00, 16.00, 2.00 ] },
                "east": { "texture": "#0", "uv": [ 0.00, 0.00, 8.00, 2.00 ] },
                "south": { "texture": "#0", "uv": [ 0.00, 0.00, 16.00, 2.00 ] },
                "west": { "texture": "#0", "uv": [ 0.00, 0.00, 8.00, 2.00 ] },
                "up": { "texture": "#0", "uv": [ 0.00, 0.00, 16.00, 8.00 ] },
                "down": { "texture": "#0", "uv": [ 0.00, 0.00, 16.00, 8.00 ] }
            }
        },
        {
            "name": "Cube",
            "from": [ 0.00, 14.00, 0.00 ], 
            "to": [ 16.00, 16.00, 8.00 ], 
            "faces": {
                "north": { "texture": "#0", "uv": [ 0.00, 0.00, 16.00, 2.00 ] },
                "east": { "texture": "#0", "uv": [ 0.00, 0.00, 8.00, 2.00 ] },
                "south": { "texture": "#0", "uv": [ 0.00, 0.00, 16.00, 2.00 ] },
                "west": { "texture": "#0", "uv": [ 0.00, 0.00, 8.00, 2.00 ] },
                "up": { "texture": "#0", "uv": [ 0.00, 0.00, 16.00, 8.00 ] },
                "down": { "texture": "#0", "uv": [ 0.00, 0.00, 16.00, 8.00 ] }
            }
        },
        {
            "name": "Cube",
            "from": [ 6.50, 0.00, 10.50 ], 
            "to": [ 9.50, 6.00, 13.50 ], 
            "faces": {
                "north": { "texture": "#1", "uv": [ 0.00, 0.00, 3.00, 6.00 ] },
                "east": { "texture": "#1", "uv": [ 0.00, 0.00, 3.00, 6.00 ] },
                "south": { "texture": "#1", "uv": [ 0.00, 0.00, 3.00, 6.00 ] },
                "west": { "texture": "#1", "uv": [ 0.00, 0.00, 3.00, 6.00 ] },
                "up": { "texture": "#1", "uv": [ 0.00, 0.00, 3.00, 3.00 ] },
                "down": { "texture": "#1", "uv": [ 0.00, 0.00, 3.00, 3.00 ] }
            }
        },
        {
            "name": "Cube",
            "from": [ 6.50, 8.00, 2.50 ], 
            "to": [ 9.50, 14.00, 5.50 ], 
            "faces": {
                "north": { "texture": "#1", "uv": [ 0.00, 0.00, 3.00, 6.00 ] },
                "east": { "texture": "#1", "uv": [ 0.00, 0.00, 3.00, 6.00 ] },
                "south": { "texture": "#1", "uv": [ 0.00, 0.00, 3.00, 6.00 ] },
                "west": { "texture": "#1", "uv": [ 0.00, 0.00, 3.00, 6.00 ] },
                "up": { "texture": "#1", "uv": [ 0.00, 0.00, 3.00, 3.00 ] },
                "down": { "texture": "#1", "uv": [ 0.00, 0.00, 3.00, 3.00 ] }
            }
        },
        {
            "name": "Cube",
            "from": [ 6.50, 0.00, 10.50 ], 
            "to": [ 9.50, 11.30, 13.50 ], 
            "rotation": { "origin": [ 8.0, 0.0, 10.49999999254942 ], "axis": "x", "angle": -45.0 },
            "faces": {
                "north": { "texture": "#1", "uv": [ 0.00, 0.00, 3.00, 11.30 ] },
                "east": { "texture": "#1", "uv": [ 0.00, 0.00, 3.00, 11.30 ] },
                "south": { "texture": "#1", "uv": [ 0.00, 0.00, 3.00, 11.30 ] },
                "west": { "texture": "#1", "uv": [ 0.00, 0.00, 3.00, 11.30 ] },
                "up": { "texture": "#1", "uv": [ 0.00, 0.00, 3.00, 3.00 ] },
                "down": { "texture": "#1", "uv": [ 0.00, 0.00, 3.00, 3.00 ] }
            }
        }
    ]
}