{
    "__comment": "Model generated using MrCrayfish's Model Creator (https://mrcrayfish.com/tools?id=mc)",
    "textures": {
        "particle": "#log",
        "bolt": "blocks/concrete_white"
    },
    "elements": [
        {
            "from": [ 1, 0, 3 ], 
            "to": [ 3, 9, 5 ], 
            "faces": {
                "north": { "texture": "#log", "uv": [ 0, 0, 2, 9 ] },
                "east": { "texture": "#log", "uv": [ 0, 0, 2, 9 ] },
                "south": { "texture": "#log", "uv": [ 0, 0, 2, 9 ] },
                "west": { "texture": "#log", "uv": [ 0, 0, 2, 9 ] },
                "up": { "texture": "#log", "uv": [ 0, 0, 2, 2 ] },
                "down": { "texture": "#log", "uv": [ 0, 0, 2, 2 ] }
            }
        },
        {
            "from": [ 1.01, 9, 3 ], 
            "to": [ 2.99, 18, 5 ], 
            "rotation": { "origin": [ 8.0, 9.0, 5.0 ], "axis": "x", "angle": -22.5 },
            "faces": {
                "north": { "texture": "#log", "uv": [ 0, 0, 1.98, 9 ] },
                "east": { "texture": "#log", "uv": [ 0, 0, 2, 9 ] },
                "south": { "texture": "#log", "uv": [ 0, 0, 1.98, 9 ] },
                "west": { "texture": "#log", "uv": [ 0, 0, 2, 9 ] },
                "up": { "texture": "#log", "uv": [ 0, 0, 1.98, 2 ] },
                "down": { "texture": "#log", "uv": [ 0, 0, 1.98, 2 ] }
            }
        },
        {
            "from": [ 1, 0, 12 ], 
            "to": [ 3, 6.3, 14 ], 
            "faces": {
                "north": { "texture": "#log", "uv": [ 0, 0, 2, 6.3 ] },
                "east": { "texture": "#log", "uv": [ 0, 0, 2, 6.3 ] },
                "south": { "texture": "#log", "uv": [ 0, 0, 2, 6.3 ] },
                "west": { "texture": "#log", "uv": [ 0, 0, 2, 6.3 ] },
                "down": { "texture": "#log", "uv": [ 0, 0, 2, 2 ] }
            }
        },
        {
            "from": [ 1, 6.3, 5 ], 
            "to": [ 3, 8.3, 15 ], 
            "faces": {
                "east": { "texture": "#log", "uv": [ 0, 0, 10, 2 ] },
                "south": { "texture": "#log", "uv": [ 0, 0, 2, 2 ] },
                "west": { "texture": "#log", "uv": [ 0, 0, 10, 2 ] },
                "up": { "texture": "#log", "uv": [ 0, 0, 2, 10 ] },
                "down": { "texture": "#log", "uv": [ 0, 0, 2, 10 ] }
            }
        },
        {
            "from": [ 0, 8.3, 11 ], 
            "to": [ 16, 9.3, 15 ], 
            "faces": {
                "north": { "texture": "#plank", "uv": [ 0, 3, 16, 4 ] },
                "south": { "texture": "#plank", "uv": [ 0, 3, 16, 4 ] },
                "west": { "texture": "#plank", "uv": [ 0, 3, 1, 8 ], "rotation": 90 },
                "up": { "texture": "#plank", "uv": [ 0, 3, 16, 8 ] },
                "down": { "texture": "#plank", "uv": [ 0, 7, 16, 12 ] }
            }
        },
        {
            "from": [ 0, 9.5, 5 ], 
            "to": [ 16, 13.5, 6 ], 
            "rotation": { "origin": [ 8.0, 9.0, 5.0 ], "axis": "x", "angle": -22.5 },
            "faces": {
                "north": { "texture": "#plank", "uv": [ 0, 11, 16, 16 ] },
                "south": { "texture": "#plank", "uv": [ 0, 11, 16, 16 ] },
                "west": { "texture": "#plank", "uv": [ 0, 11, 1, 16 ] },
                "up": { "texture": "#plank", "uv": [ 0, 3, 16, 4 ] },
                "down": { "texture": "#plank", "uv": [ 0, 3, 16, 4 ] }
            }
        },
        {
            "from": [ 1.5, 9.3, 12.5 ], 
            "to": [ 2.5, 9.6, 13.5 ], 
            "faces": {
                "north": { "texture": "#bolt", "uv": [ 0, 0, 1, 0.3 ] },
                "east": { "texture": "#bolt", "uv": [ 0, 0, 1, 0.3 ] },
                "south": { "texture": "#bolt", "uv": [ 0, 0, 1, 0.3 ] },
                "west": { "texture": "#bolt", "uv": [ 0, 0, 1, 0.3 ] },
                "up": { "texture": "#bolt", "uv": [ 0, 0, 1, 1 ] }
            }
        },
        {
            "from": [ 1.5, 9.3, 7.5 ], 
            "to": [ 2.5, 9.6, 8.5 ], 
            "faces": {
                "north": { "texture": "#bolt", "uv": [ 0, 0, 1, 0.3 ] },
                "east": { "texture": "#bolt", "uv": [ 0, 0, 1, 0.3 ] },
                "south": { "texture": "#bolt", "uv": [ 0, 0, 1, 0.3 ] },
                "west": { "texture": "#bolt", "uv": [ 0, 0, 1, 0.3 ] },
                "up": { "texture": "#bolt", "uv": [ 0, 0, 1, 1 ] }
            }
        },
        {
            "from": [ 1.5, 11, 6 ], 
            "to": [ 2.5, 12, 6.3 ], 
            "rotation": { "origin": [ 8.0, 9.0, 5.0 ], "axis": "x", "angle": -22.5 },
            "faces": {
                "north": { "texture": "#bolt", "uv": [ 0, 0, 1, 1 ] },
                "east": { "texture": "#bolt", "uv": [ 0, 0, 0.3, 1 ] },
                "south": { "texture": "#bolt", "uv": [ 1, 13, 2, 14 ] },
                "west": { "texture": "#bolt", "uv": [ 0, 0, 0.3, 1 ] },
                "up": { "texture": "#bolt", "uv": [ 0, 0, 1, 0.3 ] },
                "down": { "texture": "#bolt", "uv": [ 0, 0, 1, 0.3 ] }
            }
        },
        {
            "from": [ 1.5, 16, 6 ], 
            "to": [ 2.5, 17, 6.3 ], 
            "rotation": { "origin": [ 8.0, 9.0, 5.0 ], "axis": "x", "angle": -22.5 },
            "faces": {
                "north": { "texture": "#bolt", "uv": [ 0, 0, 1, 1 ] },
                "east": { "texture": "#bolt", "uv": [ 0, 0, 0.3, 1 ] },
                "south": { "texture": "#bolt", "uv": [ 1, 13, 2, 14 ] },
                "west": { "texture": "#bolt", "uv": [ 0, 0, 0.3, 1 ] },
                "up": { "texture": "#bolt", "uv": [ 0, 0, 1, 0.3 ] },
                "down": { "texture": "#bolt", "uv": [ 0, 0, 1, 0.3 ] }
            }
        },
        {
            "from": [ 0, 8.3, 6 ], 
            "to": [ 16, 9.3, 10 ], 
            "faces": {
                "north": { "texture": "#plank", "uv": [ 0, 3, 16, 4 ] },
                "south": { "texture": "#plank", "uv": [ 0, 3, 16, 4 ] },
                "west": { "texture": "#plank", "uv": [ 0, 7, 1, 12 ], "rotation": 90 },
                "up": { "texture": "#plank", "uv": [ 0, 7, 16, 12 ] },
                "down": { "texture": "#plank", "uv": [ 0, 7, 16, 12 ] }
            }
        },
        {
            "from": [ 0, 14.5, 5 ], 
            "to": [ 16, 18.5, 6 ], 
            "rotation": { "origin": [ 8.0, 9.0, 5.0 ], "axis": "x", "angle": -22.5 },
            "faces": {
                "north": { "texture": "#plank", "uv": [ 0, 7, 16, 12 ] },
                "south": { "texture": "#plank", "uv": [ 0, 7, 16, 12 ] },
                "west": { "texture": "#plank", "uv": [ 15, 3, 16, 8 ] },
                "up": { "texture": "#plank", "uv": [ 0, 3, 16, 4 ] },
                "down": { "texture": "#plank", "uv": [ 0, 3, 16, 4 ] }
            }
        }
    ]
}