{
    "__comment": "Model generated using MrCrayfish's Model Creator (http://mrcrayfish.com/modelcreator/)",
    "textures": {
        "1": "blocks/gold_block",
        "2": "cfm:blocks/presentstring",
        "particle": "#0"
    },
	"display": {
        "gui": {
            "rotation": [ 30, 135, 0 ],
            "translation": [ 0, 3, 0],
            "scale":[ 1.0, 1.0, 1.0 ]
        },
        "ground": {
            "rotation": [ 0, 0, 0 ],
            "translation": [ 0, 3, 0],
            "scale":[ 0.25, 0.25, 0.25 ]
        },
        "fixed": {
            "rotation": [ 0, 0, 0 ],
            "translation": [ 0, 0, 0],
            "scale":[ 0.5, 0.5, 0.5 ]
        },
        "thirdperson_righthand": {
            "rotation": [ 75, 45, 0 ],
            "translation": [ 0, 2.5, 0],
            "scale": [ 0.375, 0.375, 0.375 ]
        },
        "firstperson_righthand": {
            "rotation": [ 0, 45, 0 ],
            "translation": [ 0, 2, 0 ],
            "scale": [ 0.40, 0.40, 0.40 ]
        }
    },
    "elements": [
        {
            "name": "present_base",
            "from": [ 4.0, 0.0, 4.0 ], 
            "to": [ 12.0, 6.0, 12.0 ], 
            "faces": {
                "north": { "texture": "#0", "uv": [ 0.0, 0.0, 8.0, 6.0 ] },
                "east": { "texture": "#0", "uv": [ 0.0, 0.0, 8.0, 6.0 ] },
                "south": { "texture": "#0", "uv": [ 0.0, 0.0, 8.0, 6.0 ] },
                "west": { "texture": "#0", "uv": [ 0.0, 0.0, 8.0, 6.0 ] },
                "up": { "texture": "#0", "uv": [ 0.0, 0.0, 8.0, 8.0 ] },
                "down": { "texture": "#0", "uv": [ 0.0, 0.0, 8.0, 8.0 ] }
            }
        },
        {
            "name": "ribbon_1",
            "from": [ 3.900000013411045, -0.10000000149011612, 7.0 ], 
            "to": [ 12.100000016391277, 6.100000001490116, 9.0 ], 
            "faces": {
                "north": { "texture": "#1", "uv": [ 1.0, 1.0, 9.200000002980232, 7.200000002980232 ] },
                "east": { "texture": "#1", "uv": [ 7.0, 1.0, 9.0, 7.200000002980232 ] },
                "south": { "texture": "#1", "uv": [ 1.0, 1.0, 9.200000002980232, 7.200000002980232 ] },
                "west": { "texture": "#1", "uv": [ 7.0, 1.0, 9.0, 7.200000002980232 ] },
                "up": { "texture": "#1", "uv": [ 1.0, 2.0, 9.200000002980232, 4.0 ] },
                "down": { "texture": "#1", "uv": [ 1.0, 2.0, 9.200000002980232, 4.0 ] }
            }
        },
        {
            "name": "ribbon_2",
            "from": [ 7.000000014901161, -0.10000000149011612, 3.899999998509884 ], 
            "to": [ 9.000000014901161, 6.100000001490116, 12.100000001490116 ], 
            "faces": {
                "north": { "texture": "#1", "uv": [ 1.0, 1.0, 3.0, 7.200000002980232 ] },
                "east": { "texture": "#1", "uv": [ 7.0, 1.0, 15.200000002980232, 7.200000002980232 ] },
                "south": { "texture": "#1", "uv": [ 1.0, 1.0, 3.0, 7.200000002980232 ] },
                "west": { "texture": "#1", "uv": [ 7.0, 1.0, 15.200000002980232, 7.200000002980232 ] },
                "up": { "texture": "#1", "uv": [ 1.0, 2.0, 3.0, 10.200000002980232 ] },
                "down": { "texture": "#1", "uv": [ 1.0, 2.0, 3.0, 10.200000002980232 ] }
            }
        },
        {
            "name": "ribbon_bow_1",
            "from": [ 8.0, 5.0, 5.0 ], 
            "to": [ 8.0, 9.0, 11.0 ], 
            "shade": false,
            "rotation": { "origin": [ 8.0, 8.0, 8.0 ], "axis": "y", "angle": -45.0 },
            "faces": {
                "east": { "texture": "#2", "uv": [ 5.0, 7.0, 11.0, 11.0 ] },
                "west": { "texture": "#2", "uv": [ 5.0, 7.0, 11.0, 11.0 ] }
            }
        },
        {
            "name": "ribbon_bow_2",
            "from": [ 8.0, 5.0, 5.0 ], 
            "to": [ 8.0, 9.0, 11.0 ],
            "shade": false, 
            "rotation": { "origin": [ 8.0, 8.0, 8.0 ], "axis": "y", "angle": 45.0 },
            "faces": {
                "east": { "texture": "#2", "uv": [ 5.0, 7.0, 11.0, 11.0 ] },
                "west": { "texture": "#2", "uv": [ 5.0, 7.0, 11.0, 11.0 ] }
            }
        }
    ]
}