{
    "__comment": "Model generated using MrCrayfish's Model Creator (http://mrcrayfish.com/modelcreator/)",
	"ambientocclusion": false,
    "textures": {
        "0": "blocks/concrete_white",
        "1": "blocks/glass"
    },
	"display": {
        "gui": {
            "rotation": [ 30, 135, 0 ],
            "translation": [ 0, -2.5, 0],
            "scale":[ 0.4, 0.4, 0.4 ]
        },
        "ground": {
            "rotation": [ 0, 0, 0 ],
            "translation": [ 0, 3, 0],
            "scale":[ 0.25, 0.25, 0.25 ]
        },
        "fixed": {
            "rotation": [ 0, 0, 0 ],
            "translation": [ 0, 0, 0],
            "scale":[ 0.5, 0.5, 0.5 ]
        },
        "thirdperson_righthand": {
            "rotation": [ 75, 45, 0 ],
            "translation": [ 0, 2.5, 0],
            "scale": [ 0.375, 0.375, 0.375 ]
        },
		"thirdperson_lefthand": {
            "rotation": [ 75, 225, 0 ],
            "translation": [ 0, 2.5, 0],
            "scale": [ 0.375, 0.375, 0.375 ]
        },
        "firstperson_righthand": {
            "rotation": [ 0, 45, 0 ],
            "translation": [ 0, 0, 0 ],
            "scale": [ 0.40, 0.40, 0.40 ]
        },
        "firstperson_lefthand": {
            "rotation": [ 0, 225, 0 ],
            "translation": [ 0, 0, 0 ],
            "scale": [ 0.40, 0.40, 0.40 ]
        }
    },
    "elements": [
        {
            "name": "Element",
            "from": [ 0.0, 0.0, 0.0 ], 
            "to": [ 16.0, 1.0, 16.0 ], 
            "faces": {
                "north": { "texture": "#0", "uv": [ 0.0, 0.0, 16.0, 1.0 ] },
                "east": { "texture": "#0", "uv": [ 0.0, 0.0, 16.0, 1.0 ] },
                "south": { "texture": "#0", "uv": [ 0.0, 0.0, 16.0, 1.0 ] },
                "west": { "texture": "#0", "uv": [ 0.0, 0.0, 16.0, 1.0 ] },
                "up": { "texture": "#0", "uv": [ 0.0, 0.0, 16.0, 16.0 ] },
                "down": { "texture": "#0", "uv": [ 0.0, 0.0, 16.0, 16.0 ] }
            }
        },
        {
            "name": "Element",
            "from": [ 0.0, 1.0, 0.0 ], 
            "to": [ 1.0, 32.0, 1.0 ], 
            "faces": {
                "north": { "texture": "#0", "uv": [ 0.0, 1.0, 1.0, 16.0 ] },
                "east": { "texture": "#0", "uv": [ 0.0, 1.0, 1.0, 16.0 ] },
                "south": { "texture": "#0", "uv": [ 0.0, 1.0, 1.0, 16.0 ] },
                "west": { "texture": "#0", "uv": [ 0.0, 1.0, 1.0, 16.0 ] },
                "up": { "texture": "#0", "uv": [ 0.0, 0.0, 1.0, 1.0 ] },
                "down": { "texture": "#0", "uv": [ 0.0, 0.0, 1.0, 1.0 ] }
            }
        },
        {
            "name": "Element",
            "from": [ 15.0, 1.0, 0.0 ], 
            "to": [ 16.0, 32.0, 1.0 ], 
            "faces": {
                "north": { "texture": "#0", "uv": [ 15.0, 1.0, 16.0, 16.0 ] },
                "east": { "texture": "#0", "uv": [ 0.0, 1.0, 1.0, 16.0 ] },
                "south": { "texture": "#0", "uv": [ 15.0, 1.0, 16.0, 16.0 ] },
                "west": { "texture": "#0", "uv": [ 0.0, 1.0, 1.0, 16.0 ] },
                "up": { "texture": "#0", "uv": [ 15.0, 0.0, 16.0, 1.0 ] },
                "down": { "texture": "#0", "uv": [ 15.0, 0.0, 16.0, 1.0 ] }
            }
        },
        {
            "name": "Element",
            "from": [ 15.0, 1.0, 15.0 ], 
            "to": [ 16.0, 32.0, 16.0 ], 
            "faces": {
                "north": { "texture": "#0", "uv": [ 15.0, 1.0, 16.0, 16.0 ] },
                "east": { "texture": "#0", "uv": [ 15.0, 1.0, 16.0, 16.0 ] },
                "south": { "texture": "#0", "uv": [ 15.0, 1.0, 16.0, 16.0 ] },
                "west": { "texture": "#0", "uv": [ 15.0, 1.0, 16.0, 16.0 ] },
                "up": { "texture": "#0", "uv": [ 15.0, 15.0, 16.0, 16.0 ] },
                "down": { "texture": "#0", "uv": [ 15.0, 15.0, 16.0, 16.0 ] }
            }
        },
        {
            "name": "Element",
            "from": [ 0.0, 1.0, 15.0 ], 
            "to": [ 1.0, 32.0, 16.0 ], 
            "faces": {
                "north": { "texture": "#0", "uv": [ 0.0, 1.0, 1.0, 16.0 ] },
                "east": { "texture": "#0", "uv": [ 15.0, 1.0, 16.0, 16.0 ] },
                "south": { "texture": "#0", "uv": [ 0.0, 1.0, 1.0, 16.0 ] },
                "west": { "texture": "#0", "uv": [ 15.0, 1.0, 16.0, 16.0 ] },
                "up": { "texture": "#0", "uv": [ 0.0, 15.0, 1.0, 16.0 ] },
                "down": { "texture": "#0", "uv": [ 0.0, 15.0, 1.0, 16.0 ] }
            }
        },
        {
            "name": "Element",
            "from": [ 0.5, 1.0, 0.5 ], 
            "to": [ 15.5, 16.0, 0.5 ], 
            "faces": {
                "north": { "texture": "#1", "uv": [ 0.5, 1.0, 15.5, 16.0 ] },
                "east": { "texture": "#1", "uv": [ 0.5, 1.0, 0.5, 16.0 ] },
                "south": { "texture": "#1", "uv": [ 0.5, 1.0, 15.5, 16.0 ] },
                "west": { "texture": "#1", "uv": [ 0.5, 1.0, 0.5, 16.0 ] },
                "up": { "texture": "#1", "uv": [ 0.5, 0.5, 15.5, 0.5 ] },
                "down": { "texture": "#1", "uv": [ 0.5, 0.5, 15.5, 0.5 ] }
            }
        },
        {
            "name": "Element",
            "from": [ 0.5, 1.0, 15.5 ], 
            "to": [ 15.5, 16.0, 15.5 ], 
            "faces": {
                "north": { "texture": "#1", "uv": [ 0.5, 1.0, 15.5, 16.0 ] },
                "east": { "texture": "#1", "uv": [ 15.5, 1.0, 15.5, 16.0 ] },
                "south": { "texture": "#1", "uv": [ 0.5, 1.0, 15.5, 16.0 ] },
                "west": { "texture": "#1", "uv": [ 15.5, 1.0, 15.5, 16.0 ] },
                "up": { "texture": "#1", "uv": [ 0.5, 15.5, 15.5, 15.5 ] },
                "down": { "texture": "#1", "uv": [ 0.5, 15.5, 15.5, 15.5 ] }
            }
        },
        {
            "name": "Element",
            "from": [ 15.5, 1.0, 0.5 ], 
            "to": [ 15.5, 16.0, 15.5 ], 
            "faces": {
                "north": { "texture": "#1", "uv": [ 15.5, 1.0, 15.5, 16.0 ] },
                "east": { "texture": "#1", "uv": [ 0.5, 1.0, 15.5, 16.0 ] },
                "south": { "texture": "#1", "uv": [ 15.5, 1.0, 15.5, 16.0 ] },
                "west": { "texture": "#1", "uv": [ 0.5, 1.0, 15.5, 16.0 ] },
                "up": { "texture": "#1", "uv": [ 15.5, 0.5, 15.5, 15.5 ] },
                "down": { "texture": "#1", "uv": [ 15.5, 0.5, 15.5, 15.5 ] }
            }
        },
        {
            "name": "Cube",
            "from": [ 0.5, 16.0, 0.5 ], 
            "to": [ 15.5, 31.0, 0.5 ], 
            "faces": {
                "north": { "texture": "#1", "uv": [ 0.5, 0.0, 15.5, 15.0 ] },
                "east": { "texture": "#1", "uv": [ 0.5, 1.0, 0.5, 16.0 ] },
                "south": { "texture": "#1", "uv": [ 0.5, 0.0, 15.5, 15.0 ] },
                "west": { "texture": "#1", "uv": [ 0.5, 1.0, 0.5, 16.0 ] },
                "up": { "texture": "#1", "uv": [ 0.5, 0.5, 15.5, 0.5 ] },
                "down": { "texture": "#1", "uv": [ 0.5, 0.5, 15.5, 0.5 ] }
            }
        },
        {
            "name": "Cube",
            "from": [ 0.5, 16.0, 15.5 ], 
            "to": [ 15.5, 31.0, 15.5 ], 
            "faces": {
                "north": { "texture": "#1", "uv": [ 0.5, 0.0, 15.5, 15.0 ] },
                "east": { "texture": "#1", "uv": [ 0.5, 1.0, 0.5, 16.0 ] },
                "south": { "texture": "#1", "uv": [ 0.5, 0.0, 15.5, 15.0 ] },
                "west": { "texture": "#1", "uv": [ 0.5, 1.0, 0.5, 16.0 ] },
                "up": { "texture": "#1", "uv": [ 0.5, 0.5, 15.5, 0.5 ] },
                "down": { "texture": "#1", "uv": [ 0.5, 0.5, 15.5, 0.5 ] }
            }
        },
        {
            "name": "Cube",
            "from": [ 15.5, 16.0, 0.5 ], 
            "to": [ 15.5, 31.0, 15.5 ], 
            "faces": {
                "north": { "texture": "#1", "uv": [ 15.5, 1.0, 15.5, 16.0 ] },
                "east": { "texture": "#1", "uv": [ 0.5, 0.0, 15.5, 15.0 ] },
                "south": { "texture": "#1", "uv": [ 15.5, 1.0, 15.5, 16.0 ] },
                "west": { "texture": "#1", "uv": [ 0.5, 0.0, 15.5, 15.0 ] },
                "up": { "texture": "#1", "uv": [ 15.5, 0.5, 15.5, 15.5 ] },
                "down": { "texture": "#1", "uv": [ 15.5, 0.5, 15.5, 15.5 ] }
            }
        },
        {
            "name": "Cube",
            "from": [ 1.0, 31.0, 0.0 ], 
            "to": [ 15.0, 32.0, 1.0 ], 
            "faces": {
                "north": { "texture": "#0", "uv": [ 0.0, 1.0, 14.0, 2.0 ] },
                "east": { "texture": "#0", "uv": [ 0.0, 1.0, 1.0, 2.0 ] },
                "south": { "texture": "#0", "uv": [ 0.0, 1.0, 14.0, 2.0 ] },
                "west": { "texture": "#0", "uv": [ 0.0, 1.0, 1.0, 2.0 ] },
                "up": { "texture": "#0", "uv": [ 0.0, 0.0, 14.0, 1.0 ] },
                "down": { "texture": "#0", "uv": [ 0.0, 0.0, 14.0, 1.0 ] }
            }
        },
        {
            "name": "Cube",
            "from": [ 1.0, 31.0, 15.0 ], 
            "to": [ 15.0, 32.0, 16.0 ], 
            "faces": {
                "north": { "texture": "#0", "uv": [ 0.0, 1.0, 14.0, 2.0 ] },
                "east": { "texture": "#0", "uv": [ 0.0, 1.0, 1.0, 2.0 ] },
                "south": { "texture": "#0", "uv": [ 0.0, 1.0, 14.0, 2.0 ] },
                "west": { "texture": "#0", "uv": [ 0.0, 1.0, 1.0, 2.0 ] },
                "up": { "texture": "#0", "uv": [ 0.0, 0.0, 14.0, 1.0 ] },
                "down": { "texture": "#0", "uv": [ 0.0, 0.0, 14.0, 1.0 ] }
            }
        },
        {
            "name": "Cube",
            "from": [ 15.0, 31.0, 1.0 ], 
            "to": [ 16.0, 32.0, 15.0 ], 
            "faces": {
                "north": { "texture": "#0", "uv": [ 0.0, 1.0, 1.0, 2.0 ] },
                "east": { "texture": "#0", "uv": [ 0.0, 1.0, 14.0, 2.0 ] },
                "south": { "texture": "#0", "uv": [ 0.0, 1.0, 1.0, 2.0 ] },
                "west": { "texture": "#0", "uv": [ 0.0, 1.0, 14.0, 2.0 ] },
                "up": { "texture": "#0", "uv": [ 0.0, 0.0, 1.0, 14.0 ] },
                "down": { "texture": "#0", "uv": [ 0.0, 0.0, 1.0, 14.0 ] }
            }
        },
        {
            "name": "Cube",
            "from": [ 0.0, 31.0, 1.0 ], 
            "to": [ 1.0, 32.0, 15.0 ], 
            "faces": {
                "north": { "texture": "#0", "uv": [ 0.0, 1.0, 1.0, 2.0 ] },
                "east": { "texture": "#0", "uv": [ 0.0, 1.0, 14.0, 2.0 ] },
                "south": { "texture": "#0", "uv": [ 0.0, 1.0, 1.0, 2.0 ] },
                "west": { "texture": "#0", "uv": [ 0.0, 1.0, 14.0, 2.0 ] },
                "up": { "texture": "#0", "uv": [ 0.0, 0.0, 1.0, 14.0 ] },
                "down": { "texture": "#0", "uv": [ 0.0, 0.0, 1.0, 14.0 ] }
            }
        }
    ]
}