{
	"textures": {
		"particle": "#1"
	},
	"elements": [{
		"from": [0.0, 14.4, 0.0],
		"to": [16.0, 16.0, 16.0],
		"faces": {
			"up": {
				"uv": [0.0, 0.0, 16.0, 16.0],
				"texture": "#1"
			},
			"down": {
				"uv": [0.0, 0.0, 16.0, 16.0],
				"texture": "#1"
			},
			"north": {
				"uv": [0.0, 14.4, 16.0, 16.0],
				"texture": "#1"
			},
			"south": {
				"uv": [0.0, 14.4, 16.0, 16.0],
				"texture": "#1"
			},
			"west": {
				"uv": [0.0, 14.4, 16.0, 16.0],
				"texture": "#1"
			},
			"east": {
				"uv": [0.0, 14.4, 16.0, 16.0],
				"texture": "#1"
			}
		}
	}]
}