{
    "__comment": "Model generated using MrCrayfish's Model Creator (https://mrcrayfish.com/tools?id=mc)",
    "elements": [
        {
            "from": [ 15.00, 0.00, 6.00 ], 
            "to": [ 18.00, 16.00, 9.00 ], 
            "faces": {
                "north": { "texture": "#texture", "uv": [ 0.00, 0.00, 3.00, 16.00 ] },
                "east": { "texture": "#texture", "uv": [ 0.00, 0.00, 3.00, 16.00 ] },
                "south": { "texture": "#texture", "uv": [ 0.00, 0.00, 3.00, 16.00 ] },
                "west": { "texture": "#texture", "uv": [ 0.00, 0.00, 3.00, 16.00 ] },
                "up": { "texture": "#texture", "uv": [ 0.00, 0.00, 3.00, 3.00 ] },
                "down": { "texture": "#texture", "uv": [ 0.00, 0.00, 3.00, 3.00 ] }
            }
        }
    ]
}