{
    "__comment": "Model generated using MrCrayfish's Model Creator (https://mrcrayfish.com/tools?id=mc)",
    "textures": {
        "particle": "#texture",
        "0": "blocks/iron_block"
    },
    "elements": [
        {
            "from": [ 1.00, 2.50, 7.50 ], 
            "to": [ 2.00, 5.50, 8.50 ], 
            "faces": {
                "north": { "texture": "#0", "uv": [ 0.00, 0.00, 3.00, 1.00 ], "rotation": 90 },
                "east": { "texture": "#0", "uv": [ 0.00, 0.00, 1.00, 3.00 ] },
                "south": { "texture": "#0", "uv": [ 0.00, 0.00, 3.00, 1.00 ], "rotation": 90 },
                "up": { "texture": "#0", "uv": [ 0.00, 0.00, 1.00, 1.00 ] },
                "down": { "texture": "#0", "uv": [ 0.00, 0.00, 1.00, 1.00 ] }
            }
        },
        {
            "from": [ 1.00, 12.50, 7.50 ], 
            "to": [ 2.00, 15.50, 8.50 ], 
            "faces": {
                "north": { "texture": "#0", "uv": [ 0.00, 0.00, 3.00, 1.00 ], "rotation": 90 },
                "east": { "texture": "#0", "uv": [ 0.00, 0.00, 1.00, 3.00 ] },
                "south": { "texture": "#0", "uv": [ 0.00, 0.00, 3.00, 1.00 ], "rotation": 90 },
                "up": { "texture": "#0", "uv": [ 0.00, 0.00, 1.00, 1.00 ] },
                "down": { "texture": "#0", "uv": [ 0.00, 0.00, 1.00, 1.00 ] }
            }
        },
        {
            "from": [ -2.00, 0.00, 6.00 ], 
            "to": [ 1.00, 16.00, 9.00 ], 
            "faces": {
                "north": { "texture": "#texture", "uv": [ 0.00, 0.00, 3.00, 16.00 ] },
                "east": { "texture": "#texture", "uv": [ 0.00, 0.00, 3.00, 16.00 ] },
                "south": { "texture": "#texture", "uv": [ 0.00, 0.00, 3.00, 16.00 ] },
                "west": { "texture": "#texture", "uv": [ 0.00, 0.00, 3.00, 16.00 ] },
                "up": { "texture": "#texture", "uv": [ 0.00, 0.00, 3.00, 3.00 ] },
                "down": { "texture": "#texture", "uv": [ 0.00, 0.00, 3.00, 3.00 ] }
            }
        },
        {
            "from": [ 2.00, 13.00, 7.00 ], 
            "to": [ 14.50, 15.00, 8.00 ], 
            "faces": {
                "north": { "texture": "#texture", "uv": [ 0.00, 0.00, 12.50, 2.00 ] },
                "east": { "texture": "#texture", "uv": [ 0.00, 0.00, 1.00, 2.00 ] },
                "south": { "texture": "#texture", "uv": [ 0.00, 0.00, 12.50, 2.00 ] },
                "west": { "texture": "#texture", "uv": [ 0.00, 0.00, 1.00, 2.00 ] },
                "up": { "texture": "#texture", "uv": [ 0.00, 0.00, 12.50, 1.00 ] },
                "down": { "texture": "#texture", "uv": [ 0.00, 0.00, 12.50, 1.00 ] }
            }
        },
        {
            "from": [ 2.00, 3.00, 7.00 ], 
            "to": [ 14.50, 5.00, 8.00 ], 
            "faces": {
                "north": { "texture": "#texture", "uv": [ 0.00, 0.00, 12.50, 2.00 ] },
                "east": { "texture": "#texture", "uv": [ 0.00, 0.00, 1.00, 2.00 ] },
                "south": { "texture": "#texture", "uv": [ 0.00, 0.00, 12.50, 2.00 ] },
                "west": { "texture": "#texture", "uv": [ 0.00, 0.00, 1.00, 2.00 ] },
                "up": { "texture": "#texture", "uv": [ 0.00, 0.00, 12.50, 1.00 ] },
                "down": { "texture": "#texture", "uv": [ 0.00, 0.00, 12.50, 1.00 ] }
            }
        },
        {
            "from": [ 1.00, 8.00, 7.10 ], 
            "to": [ 15.00, 10.00, 7.90 ], 
            "rotation": { "origin": [ 8.0, 9.0, 8.0 ], "axis": "z", "angle": 45.0 },
            "faces": {
                "north": { "texture": "#texture", "uv": [ 0.00, 0.00, 14.00, 2.00 ] },
                "east": { "texture": "#texture", "uv": [ 0.00, 0.00, 0.80, 2.00 ] },
                "south": { "texture": "#texture", "uv": [ 0.00, 0.00, 14.00, 2.00 ] },
                "west": { "texture": "#texture", "uv": [ 0.00, 0.00, 0.80, 2.00 ] },
                "up": { "texture": "#texture", "uv": [ 0.00, 0.00, 14.00, 0.80 ] },
                "down": { "texture": "#texture", "uv": [ 0.00, 0.00, 14.00, 0.80 ] }
            }
        },
        {
            "from": [ 12.70, 1.00, 8.00 ], 
            "to": [ 14.70, 17.00, 9.20 ], 
            "faces": {
                "north": { "texture": "#texture", "uv": [ 0.00, 0.00, 2.00, 16.00 ] },
                "east": { "texture": "#texture", "uv": [ 0.00, 0.00, 1.20, 16.00 ] },
                "south": { "texture": "#texture", "uv": [ 0.00, 0.00, 2.00, 16.00 ] },
                "west": { "texture": "#texture", "uv": [ 0.00, 0.00, 1.20, 16.00 ] },
                "up": { "texture": "#texture", "uv": [ 0.00, 0.00, 2.00, 1.20 ] },
                "down": { "texture": "#texture", "uv": [ 0.00, 0.00, 2.00, 1.20 ] }
            }
        },
        {
            "from": [ 10.00, 2.00, 8.00 ], 
            "to": [ 12.00, 18.00, 9.20 ], 
            "faces": {
                "north": { "texture": "#texture", "uv": [ 0.00, 0.00, 2.00, 16.00 ] },
                "east": { "texture": "#texture", "uv": [ 0.00, 0.00, 1.20, 16.00 ] },
                "south": { "texture": "#texture", "uv": [ 0.00, 0.00, 2.00, 16.00 ] },
                "west": { "texture": "#texture", "uv": [ 0.00, 0.00, 1.20, 16.00 ] },
                "up": { "texture": "#texture", "uv": [ 0.00, 0.00, 2.00, 1.20 ] },
                "down": { "texture": "#texture", "uv": [ 0.00, 0.00, 2.00, 1.20 ] }
            }
        },
        {
            "from": [ 7.00, 2.00, 8.00 ], 
            "to": [ 9.00, 18.00, 9.20 ], 
            "faces": {
                "north": { "texture": "#texture", "uv": [ 0.00, 0.00, 2.00, 16.00 ] },
                "east": { "texture": "#texture", "uv": [ 0.00, 0.00, 1.20, 16.00 ] },
                "south": { "texture": "#texture", "uv": [ 0.00, 0.00, 2.00, 16.00 ] },
                "west": { "texture": "#texture", "uv": [ 0.00, 0.00, 1.20, 16.00 ] },
                "up": { "texture": "#texture", "uv": [ 0.00, 0.00, 2.00, 1.20 ] },
                "down": { "texture": "#texture", "uv": [ 0.00, 0.00, 2.00, 1.20 ] }
            }
        },
        {
            "from": [ 4.00, 2.00, 8.00 ], 
            "to": [ 6.00, 18.00, 9.20 ], 
            "faces": {
                "north": { "texture": "#texture", "uv": [ 0.00, 0.00, 2.00, 16.00 ] },
                "east": { "texture": "#texture", "uv": [ 0.00, 0.00, 1.20, 16.00 ] },
                "south": { "texture": "#texture", "uv": [ 0.00, 0.00, 2.00, 16.00 ] },
                "west": { "texture": "#texture", "uv": [ 0.00, 0.00, 1.20, 16.00 ] },
                "up": { "texture": "#texture", "uv": [ 0.00, 0.00, 2.00, 1.20 ] },
                "down": { "texture": "#texture", "uv": [ 0.00, 0.00, 2.00, 1.20 ] }
            }
        },
        {
            "from": [ 1.30, 1.00, 8.00 ], 
            "to": [ 3.30, 17.00, 9.20 ], 
            "faces": {
                "north": { "texture": "#texture", "uv": [ 0.00, 0.00, 2.00, 16.00 ] },
                "east": { "texture": "#texture", "uv": [ 0.00, 0.00, 1.20, 16.00 ] },
                "south": { "texture": "#texture", "uv": [ 0.00, 0.00, 2.00, 16.00 ] },
                "west": { "texture": "#texture", "uv": [ 0.00, 0.00, 1.20, 16.00 ] },
                "up": { "texture": "#texture", "uv": [ 0.00, 0.00, 2.00, 1.20 ] },
                "down": { "texture": "#texture", "uv": [ 0.00, 0.00, 2.00, 1.20 ] }
            }
        }
    ]
}