{
    "__comment": "Model generated using MrCrayfish's Model Creator (https://mrcrayfish.com/tools?id=mc)",
    "textures": {
        "particle": "blocks/anvil_base",
        "0": "blocks/anvil_base",
        "1": "blocks/concrete_black",
        "2": "blocks/concrete_silver",
        "3": "blocks/iron_block",
        "4": "blocks/concrete_red"
    },
    "display": {
        "gui": {
            "rotation": [ 30, 135, 0 ],
            "translation": [ 0, 0, 0 ],
            "scale": [ 0.625, 0.625, 0.625 ]
        },
        "ground": {
            "rotation": [ 0, 0, 0 ],
            "translation": [ 0, 3, 0 ],
            "scale": [ 0.25, 0.25, 0.25 ]
        },
        "fixed": {
            "rotation": [ 0, 0, 0 ],
            "translation": [ 0, 0, 0 ],
            "scale": [ 0.5, 0.5, 0.5 ]
        },
        "thirdperson_righthand": {
            "rotation": [ 75, 45, 0 ],
            "translation": [ 0, 2.5, 0 ],
            "scale": [ 0.375, 0.375, 0.375 ]
        },
        "thirdperson_lefthand": {
            "rotation": [ 75, 255, 0 ],
            "translation": [ 0, 2.5, 0 ],
            "scale": [ 0.375, 0.375, 0.375 ]
        },
        "firstperson_righthand": {
            "rotation": [ 0, 45, 0 ],
            "translation": [ 0, 2.5, 0 ],
            "scale": [ 0.4, 0.4, 0.4 ]
        },
        "firstperson_lefthand": {
            "rotation": [ 0, 225, 0 ],
            "translation": [ 0, 2.5, 0 ],
            "scale": [ 0.4, 0.4, 0.4 ]
        }
    },
    "elements": [
        {
            "name": "border_1",
            "from": [ 1.50, 0.00, 1.50 ], 
            "to": [ 9.50, 1.50, 14.50 ], 
            "faces": {
                "north": { "texture": "#0", "uv": [ 2.00, 7.00, 10.00, 8.50 ] },
                "east": { "texture": "#0", "uv": [ 2.00, 0.00, 15.00, 1.50 ] },
                "south": { "texture": "#0", "uv": [ 2.00, 14.00, 10.00, 15.50 ] },
                "west": { "texture": "#0", "uv": [ 1.00, 2.00, 14.00, 3.50 ] },
                "up": { "texture": "#0", "uv": [ 1.60, 1.60, 9.60, 14.60 ] },
                "down": { "texture": "#0", "uv": [ 1.60, 1.60, 9.60, 14.60 ] }
            }
        },
        {
            "name": "border_2",
            "from": [ 1.50, 11.50, 1.50 ], 
            "to": [ 9.50, 13.00, 14.50 ], 
            "faces": {
                "north": { "texture": "#0", "uv": [ 2.00, 2.40, 10.00, 3.90 ] },
                "east": { "texture": "#0", "uv": [ 2.00, 7.20, 15.00, 8.70 ] },
                "south": { "texture": "#0", "uv": [ 2.00, 4.00, 10.00, 5.50 ] },
                "west": { "texture": "#0", "uv": [ 1.00, 5.00, 14.00, 6.50 ] },
                "up": { "texture": "#0", "uv": [ 1.60, 1.60, 9.60, 14.60 ] },
                "down": { "texture": "#0", "uv": [ 1.60, 1.60, 9.60, 14.60 ] }
            }
        },
        {
            "name": "border_3",
            "from": [ 1.50, 1.50, 1.50 ], 
            "to": [ 9.50, 11.50, 3.00 ], 
            "faces": {
                "north": { "texture": "#0", "uv": [ 2.00, 2.00, 10.00, 12.00 ] },
                "east": { "texture": "#0", "uv": [ 1.50, 2.00, 3.00, 12.00 ] },
                "south": { "texture": "#0", "uv": [ 1.60, 1.60, 9.60, 11.60 ] },
                "west": { "texture": "#0", "uv": [ 3.00, 2.00, 4.50, 12.00 ] },
                "up": { "texture": "#0", "uv": [ 1.60, 1.60, 9.60, 3.10 ] },
                "down": { "texture": "#0", "uv": [ 1.60, 1.60, 9.60, 3.10 ] }
            }
        },
        {
            "name": "border_4",
            "from": [ 1.50, 1.50, 13.00 ], 
            "to": [ 9.50, 11.50, 14.50 ], 
            "faces": {
                "north": { "texture": "#0", "uv": [ 1.60, 1.60, 9.60, 11.60 ] },
                "east": { "texture": "#0", "uv": [ 13.00, 2.00, 14.50, 12.00 ] },
                "south": { "texture": "#0", "uv": [ 2.00, 4.00, 10.00, 14.00 ] },
                "west": { "texture": "#0", "uv": [ 5.50, 1.00, 7.00, 11.00 ] },
                "up": { "texture": "#0", "uv": [ 1.60, 12.80, 9.60, 14.30 ] },
                "down": { "texture": "#0", "uv": [ 1.60, 12.80, 9.60, 14.30 ] }
            }
        },
        {
            "name": "screen",
            "from": [ 2.00, 1.60, 3.00 ], 
            "to": [ 6.80, 11.60, 13.00 ], 
            "shade": false,
            "faces": {
                "north": { "texture": "#1", "uv": [ 0.00, 0.00, 16.00, 16.00 ] },
                "east": { "texture": "#1", "uv": [ 0.00, 0.00, 16.00, 16.00 ] },
                "south": { "texture": "#1", "uv": [ 0.00, 0.00, 16.00, 16.00 ] },
                "west": { "texture": "#1", "uv": [ 0.00, 0.00, 16.00, 16.00 ] },
                "up": { "texture": "#1", "uv": [ 0.00, 0.00, 16.00, 16.00 ] },
                "down": { "texture": "#1", "uv": [ 0.00, 0.00, 16.00, 16.00 ] }
            }
        },
        {
            "name": "back",
            "from": [ 8.00, 0.50, 2.50 ], 
            "to": [ 14.40, 12.20, 13.50 ], 
            "faces": {
                "north": { "texture": "#2", "uv": [ 8.00, 1.00, 14.40, 12.70 ] },
                "east": { "texture": "#2", "uv": [ 3.20, 1.00, 14.20, 12.70 ] },
                "south": { "texture": "#2", "uv": [ 8.00, 1.00, 14.40, 12.70 ] },
                "west": { "texture": "#2", "uv": [ 3.20, 1.00, 14.20, 12.70 ] },
                "up": { "texture": "#2", "uv": [ 8.00, 3.20, 14.40, 14.20 ] },
                "down": { "texture": "#2", "uv": [ 8.00, 3.20, 14.40, 14.20 ] }
            }
        },
        {
            "name": "antenna_1",
            "from": [ 4.00, 13.00, 7.00 ], 
            "to": [ 5.00, 20.00, 8.00 ], 
            "rotation": { "origin": [ 8.0, 13.0, 8.0 ], "axis": "x", "angle": -22.5 },
            "faces": {
                "north": { "texture": "#3", "uv": [ 0.00, 0.00, 1.00, 7.00 ] },
                "east": { "texture": "#3", "uv": [ 0.00, 0.00, 1.00, 7.00 ] },
                "south": { "texture": "#3", "uv": [ 0.00, 0.00, 1.00, 7.00 ] },
                "west": { "texture": "#3", "uv": [ 0.00, 0.00, 1.00, 7.00 ] },
                "up": { "texture": "#3", "uv": [ 0.00, 0.00, 1.00, 1.00 ] },
                "down": { "texture": "#3", "uv": [ 0.00, 0.00, 1.00, 1.00 ] }
            }
        },
        {
            "name": "antenna_2",
            "from": [ 4.00, 13.00, 8.00 ], 
            "to": [ 5.00, 19.00, 9.00 ], 
            "rotation": { "origin": [ 8.0, 13.0, 8.0 ], "axis": "x", "angle": 22.5 },
            "faces": {
                "north": { "texture": "#3", "uv": [ 0.00, 0.00, 1.00, 6.00 ] },
                "east": { "texture": "#3", "uv": [ 0.00, 0.00, 1.00, 6.00 ] },
                "south": { "texture": "#3", "uv": [ 0.00, 0.00, 1.00, 6.00 ] },
                "west": { "texture": "#3", "uv": [ 0.00, 0.00, 1.00, 6.00 ] },
                "up": { "texture": "#3", "uv": [ 0.00, 0.00, 1.00, 1.00 ] },
                "down": { "texture": "#3", "uv": [ 0.00, 0.00, 1.00, 1.00 ] }
            }
        },
        {
            "name": "antenna_base",
            "from": [ 3.50, 13.00, 6.00 ], 
            "to": [ 5.50, 13.50, 10.00 ], 
            "faces": {
                "north": { "texture": "#2", "uv": [ 0.00, 0.00, 2.00, 0.50 ] },
                "east": { "texture": "#2", "uv": [ 0.00, 0.00, 4.00, 0.50 ] },
                "south": { "texture": "#2", "uv": [ 0.00, 0.00, 2.00, 0.50 ] },
                "west": { "texture": "#2", "uv": [ 0.00, 0.00, 4.00, 0.50 ] },
                "up": { "texture": "#2", "uv": [ 0.00, 0.00, 2.00, 4.00 ] },
                "down": { "texture": "#2", "uv": [ 0.00, 0.00, 2.00, 4.00 ] }
            }
        },
        {
            "name": "btn_power",
            "from": [ 1.10, 0.40, 12.00 ], 
            "to": [ 1.50, 1.20, 12.80 ], 
            "faces": {
                "north": { "texture": "#4", "uv": [ 0.00, 0.00, 0.40, 0.80 ] },
                "east": { "texture": "#4", "uv": [ 0.00, 0.00, 0.80, 0.80 ] },
                "south": { "texture": "#4", "uv": [ 0.00, 0.00, 0.40, 0.80 ] },
                "west": { "texture": "#4", "uv": [ 0.00, 0.00, 0.80, 0.80 ] },
                "up": { "texture": "#4", "uv": [ 0.00, 0.00, 0.40, 0.80 ] },
                "down": { "texture": "#4", "uv": [ 0.00, 0.00, 0.40, 0.80 ] }
            }
        },
        {
            "name": "btn_2",
            "from": [ 1.10, 0.40, 10.80 ], 
            "to": [ 1.50, 1.20, 11.60 ], 
            "faces": {
                "north": { "texture": "#2", "uv": [ 0.00, 0.00, 0.40, 0.80 ] },
                "east": { "texture": "#2", "uv": [ 0.00, 0.00, 0.80, 0.80 ] },
                "south": { "texture": "#2", "uv": [ 0.00, 0.00, 0.40, 0.80 ] },
                "west": { "texture": "#2", "uv": [ 0.00, 0.00, 0.80, 0.80 ] },
                "up": { "texture": "#2", "uv": [ 0.00, 0.00, 0.40, 0.80 ] },
                "down": { "texture": "#2", "uv": [ 0.00, 0.00, 0.40, 0.80 ] }
            }
        }
    ]
}