{
    "__comment": "Model generated using MrCrayfish's Model Creator (https://mrcrayfish.com/tools?id=mc)",
    "textures": {
        "0": "blocks/concrete_silver",
        "1": "blocks/concrete_white"
    },
    "display": {
        "gui": {
            "rotation": [ 30, 45, 0 ],
            "translation": [ 0, 0, 0 ],
            "scale": [ 0.625, 0.625, 0.625 ]
        },
        "ground": {
            "rotation": [ 0, 0, 0 ],
            "translation": [ 0, 3, 0 ],
            "scale": [ 0.25, 0.25, 0.25 ]
        },
        "fixed": {
            "rotation": [ 0, 0, 0 ],
            "translation": [ 0, 0, 0 ],
            "scale": [ 0.5, 0.5, 0.5 ]
        },
        "thirdperson_righthand": {
            "rotation": [ 75, 315, 0 ],
            "translation": [ 0, 2.5, 0 ],
            "scale": [ 0.375, 0.375, 0.375 ]
        },
        "firstperson_righthand": {
            "rotation": [ 0, 315, 0 ],
            "translation": [ 0, 2.5, 0 ],
            "scale": [ 0.4, 0.4, 0.4 ]
        }
    },
    "elements": [
        {
            "name": "leg_1",
            "from": [ 1.00, 0.00, 2.00 ], 
            "to": [ 2.50, 3.50, 3.50 ], 
            "faces": {
                "north": { "texture": "#0", "uv": [ 0.00, 0.00, 1.50, 3.50 ] },
                "east": { "texture": "#0", "uv": [ 0.00, 0.00, 1.50, 3.50 ] },
                "south": { "texture": "#0", "uv": [ 0.00, 0.00, 1.50, 3.50 ] },
                "west": { "texture": "#0", "uv": [ 0.00, 0.00, 1.50, 3.50 ] },
                "down": { "texture": "#0", "uv": [ 0.00, 0.00, 1.50, 1.50 ], "cullface": "down" }
            }
        },
        {
            "name": "leg_2",
            "from": [ 13.50, 0.00, 2.00 ], 
            "to": [ 15.00, 3.50, 3.50 ], 
            "faces": {
                "north": { "texture": "#0", "uv": [ 0.00, 0.00, 1.50, 3.50 ] },
                "east": { "texture": "#0", "uv": [ 0.00, 0.00, 1.50, 3.50 ] },
                "south": { "texture": "#0", "uv": [ 0.00, 0.00, 1.50, 3.50 ] },
                "west": { "texture": "#0", "uv": [ 0.00, 0.00, 1.50, 3.50 ] },
                "down": { "texture": "#0", "uv": [ 0.00, 0.00, 1.50, 1.50 ], "cullface": "down" }
            }
        },
        {
            "name": "top",
            "from": [ -0.00, 14.50, 2.00 ], 
            "to": [ 16.00, 16.00, 14.00 ], 
            "faces": {
                "north": { "texture": "#1", "uv": [ 0.00, 0.00, 16.00, 1.50 ] },
                "east": { "texture": "#1", "uv": [ 0.00, 0.00, 12.00, 1.50 ], "cullface": "east" },
                "south": { "texture": "#1", "uv": [ 0.00, 0.00, 16.00, 1.50 ] },
                "west": { "texture": "#1", "uv": [ 0.00, 0.00, 12.00, 1.50 ], "cullface": "west" },
                "up": { "texture": "#1", "uv": [ 0.00, 0.00, 16.00, 12.00 ], "cullface": "up" },
                "down": { "texture": "#1", "uv": [ 0.00, 0.00, 16.00, 12.00 ] }
            }
        },
        {
            "name": "Cube",
            "from": [ 1.00, 14.50, 1.00 ], 
            "to": [ 15.00, 16.00, 2.00 ], 
            "faces": {
                "north": { "texture": "#1", "uv": [ 0.00, 0.00, 14.00, 1.50 ] },
                "east": { "texture": "#1", "uv": [ 0.00, 0.00, 1.00, 1.50 ] },
                "west": { "texture": "#1", "uv": [ 0.00, 0.00, 1.00, 1.50 ] },
                "up": { "texture": "#1", "uv": [ 0.00, 0.00, 14.00, 1.00 ], "cullface": "up" },
                "down": { "texture": "#1", "uv": [ 0.00, 0.00, 14.00, 1.00 ] }
            }
        },
        {
            "name": "Cube",
            "from": [ 1.00, 14.50, 14.00 ], 
            "to": [ 15.00, 16.00, 15.00 ], 
            "faces": {
                "east": { "texture": "#1", "uv": [ 0.00, 0.00, 1.00, 1.50 ] },
                "south": { "texture": "#1", "uv": [ 0.00, 0.00, 14.00, 1.50 ] },
                "west": { "texture": "#1", "uv": [ 0.00, 0.00, 1.00, 1.50 ] },
                "up": { "texture": "#1", "uv": [ 0.00, 0.00, 14.00, 1.00 ], "cullface": "up" },
                "down": { "texture": "#1", "uv": [ 0.00, 0.00, 14.00, 1.00 ] }
            }
        },
        {
            "name": "Cube",
            "from": [ -0.40, 14.50, 14.00 ], 
            "to": [ 1.00, 16.00, 15.00 ], 
            "rotation": { "origin": [ 1.0, 16.0, 15.0 ], "axis": "y", "angle": -45.0 },
            "faces": {
                "east": { "texture": "#1", "uv": [ 0.00, 0.00, 1.00, 1.50 ] },
                "south": { "texture": "#1", "uv": [ 0.00, 0.00, 1.40, 1.50 ] },
                "west": { "texture": "#1", "uv": [ 0.00, 0.00, 1.00, 1.50 ] },
                "up": { "texture": "#1", "uv": [ 0.00, 0.00, 1.40, 1.00 ], "cullface": "up" },
                "down": { "texture": "#1", "uv": [ 0.00, 0.00, 1.40, 1.00 ] }
            }
        },
        {
            "name": "Cube",
            "from": [ 15.00, 14.50, 14.00 ], 
            "to": [ 16.40, 16.00, 15.00 ], 
            "rotation": { "origin": [ 15.0, 16.0, 15.0 ], "axis": "y", "angle": 45.0 },
            "faces": {
                "east": { "texture": "#1", "uv": [ 0.00, 0.00, 1.00, 1.50 ] },
                "south": { "texture": "#1", "uv": [ 0.00, 0.00, 1.40, 1.50 ] },
                "west": { "texture": "#1", "uv": [ 0.00, 0.00, 1.00, 1.50 ] },
                "up": { "texture": "#1", "uv": [ 0.00, 0.00, 1.40, 1.00 ], "cullface": "up" },
                "down": { "texture": "#1", "uv": [ 0.00, 0.00, 1.40, 1.00 ] }
            }
        },
        {
            "name": "Cube",
            "from": [ -0.40, 14.50, 1.00 ], 
            "to": [ 1.00, 16.00, 2.00 ], 
            "rotation": { "origin": [ 1.0, 16.0, 1.0 ], "axis": "y", "angle": 45.0 },
            "faces": {
                "north": { "texture": "#1", "uv": [ 0.00, 0.00, 1.40, 1.50 ] },
                "east": { "texture": "#1", "uv": [ 0.00, 0.00, 1.00, 1.50 ] },
                "west": { "texture": "#1", "uv": [ 0.00, 0.00, 1.00, 1.50 ] },
                "up": { "texture": "#1", "uv": [ 0.00, 0.00, 1.40, 1.00 ], "cullface": "up" },
                "down": { "texture": "#1", "uv": [ 0.00, 0.00, 1.40, 1.00 ] }
            }
        },
        {
            "name": "Cube",
            "from": [ 15.00, 14.50, 1.00 ], 
            "to": [ 16.40, 16.00, 2.00 ], 
            "rotation": { "origin": [ 15.0, 16.0, 1.0 ], "axis": "y", "angle": -45.0 },
            "faces": {
                "north": { "texture": "#1", "uv": [ 0.00, 0.00, 1.40, 1.50 ] },
                "east": { "texture": "#1", "uv": [ 0.00, 0.00, 1.00, 1.50 ] },
                "west": { "texture": "#1", "uv": [ 0.00, 0.00, 1.00, 1.50 ] },
                "up": { "texture": "#1", "uv": [ 0.00, 0.00, 1.40, 1.00 ], "cullface": "up" },
                "down": { "texture": "#1", "uv": [ 0.00, 0.00, 1.40, 1.00 ] }
            }
        },
        {
            "name": "leg_3",
            "from": [ 13.50, 0.00, 12.50 ], 
            "to": [ 15.00, 3.50, 14.00 ], 
            "faces": {
                "north": { "texture": "#0", "uv": [ 0.00, 0.00, 1.50, 3.50 ] },
                "east": { "texture": "#0", "uv": [ 0.00, 0.00, 1.50, 3.50 ] },
                "south": { "texture": "#0", "uv": [ 0.00, 0.00, 1.50, 3.50 ] },
                "west": { "texture": "#0", "uv": [ 0.00, 0.00, 1.50, 3.50 ] },
                "down": { "texture": "#0", "uv": [ 0.00, 0.00, 1.50, 1.50 ], "cullface": "down" }
            }
        },
        {
            "name": "leg_4",
            "from": [ 1.00, 0.00, 12.50 ], 
            "to": [ 2.50, 3.50, 14.00 ], 
            "faces": {
                "north": { "texture": "#0", "uv": [ 0.00, 0.00, 1.50, 3.50 ] },
                "east": { "texture": "#0", "uv": [ 0.00, 0.00, 1.50, 3.50 ] },
                "south": { "texture": "#0", "uv": [ 0.00, 0.00, 1.50, 3.50 ] },
                "west": { "texture": "#0", "uv": [ 0.00, 0.00, 1.50, 3.50 ] },
                "down": { "texture": "#0", "uv": [ 0.00, 0.00, 1.50, 1.50 ], "cullface": "down" }
            }
        },
        {
            "name": "Cube",
            "from": [ 1.00, 5.00, 2.00 ], 
            "to": [ 2.50, 14.50, 14.00 ], 
            "faces": {
                "north": { "texture": "#1", "uv": [ 0.00, 0.00, 1.50, 9.50 ] },
                "east": { "texture": "#1", "uv": [ 0.00, 0.00, 12.00, 9.50 ] },
                "south": { "texture": "#1", "uv": [ 0.00, 0.00, 1.50, 9.50 ] },
                "west": { "texture": "#1", "uv": [ 0.00, 0.00, 12.00, 9.50 ] }
            }
        },
        {
            "name": "Cube",
            "from": [ 13.50, 5.00, 2.00 ], 
            "to": [ 15.00, 14.50, 14.00 ], 
            "faces": {
                "north": { "texture": "#1", "uv": [ 0.00, 0.00, 1.50, 9.50 ] },
                "east": { "texture": "#1", "uv": [ 0.00, 0.00, 12.00, 9.50 ] },
                "south": { "texture": "#1", "uv": [ 0.00, 0.00, 1.50, 9.50 ] },
                "west": { "texture": "#1", "uv": [ 0.00, 0.00, 12.00, 9.50 ] }
            }
        },
        {
            "name": "Cube",
            "from": [ 2.50, 9.00, 3.50 ], 
            "to": [ 13.50, 10.50, 14.00 ], 
            "faces": {
                "east": { "texture": "#1", "uv": [ 0.00, 0.00, 10.50, 1.50 ] },
                "south": { "texture": "#1", "uv": [ 0.00, 0.00, 11.00, 1.50 ] },
                "west": { "texture": "#1", "uv": [ 0.00, 0.00, 10.50, 1.50 ] },
                "up": { "texture": "#1", "uv": [ 0.00, 0.00, 11.00, 10.50 ] },
                "down": { "texture": "#1", "uv": [ 0.00, 0.00, 11.00, 10.50 ] }
            }
        },
        {
            "name": "Cube",
            "from": [ 2.50, 5.00, 2.00 ], 
            "to": [ 13.50, 14.50, 3.50 ], 
            "faces": {
                "north": { "texture": "#1", "uv": [ 0.00, 0.00, 11.00, 9.50 ] },
                "east": { "texture": "#0", "uv": [ 0.00, 0.00, 1.50, 9.50 ] },
                "south": { "texture": "#0", "uv": [ 0.00, 0.00, 11.00, 9.50 ] },
                "west": { "texture": "#0", "uv": [ 0.00, 0.00, 1.50, 9.50 ] }
            }
        },
        {
            "name": "Cube",
            "from": [ 1.00, 3.50, 2.00 ], 
            "to": [ 15.00, 5.00, 14.00 ], 
            "faces": {
                "north": { "texture": "#1", "uv": [ 0.00, 0.00, 14.00, 1.50 ] },
                "east": { "texture": "#1", "uv": [ 0.00, 0.00, 12.00, 1.50 ] },
                "south": { "texture": "#1", "uv": [ 0.00, 0.00, 14.00, 1.50 ] },
                "west": { "texture": "#1", "uv": [ 0.00, 0.00, 12.00, 1.50 ] },
                "up": { "texture": "#1", "uv": [ 0.00, 0.00, 14.00, 12.00 ] },
                "down": { "texture": "#1", "uv": [ 0.00, 0.00, 14.00, 12.00 ] }
            }
        }
    ]
}