{
"textures":{
"particle":"#1"
},
"elements":[
{"from": [12.0,1.6,2.0],
"to": [16.0,14.4,14.0],
"faces": {
"up": {"uv": [ 12.0, 2.0, 16.0, 14.0 ],"texture":"#1"},
"down": {"uv": [ 12.0, 2.0, 16.0, 14.0 ],"texture":"#1"},
"north": {"uv": [ 12.0, 1.6, 16.0, 14.4 ],"texture":"#1"},
"south": {"uv": [ 12.0, 1.6, 16.0, 14.4 ],"texture":"#1"},
"west": {"uv": [ 2.0, 1.6, 14.0, 14.4 ],"texture":"#1"},
"east": {"uv": [ 2.0, 1.6, 14.0, 14.4 ],"texture":"#1"}
}
}
,
{"from": [10.96,7.0,3.0],
"to": [12.0,11.0,4.0],
"faces": {
"up": {"uv": [ 10.96, 3.0, 12.0, 4.0 ],"texture":"#2"},
"down": {"uv": [ 10.96, 3.0, 12.0, 4.0 ],"texture":"#2"},
"north": {"uv": [ 10.96, 7.0, 12.0, 11.0 ],"texture":"#2"},
"south": {"uv": [ 10.96, 7.0, 12.0, 11.0 ],"texture":"#2"},
"west": {"uv": [ 3.0, 7.0, 4.0, 11.0 ],"texture":"#2"},
"east": {"uv": [ 3.0, 7.0, 4.0, 11.0 ],"texture":"#2"}
}
}
,
{"from": [10.96,11.0,3.0],
"to": [12.0,12.0,5.0],
"faces": {
"up": {"uv": [ 10.96, 3.0, 12.0, 5.0 ],"texture":"#2"},
"down": {"uv": [ 10.96, 3.0, 12.0, 5.0 ],"texture":"#2"},
"north": {"uv": [ 10.96, 11.0, 12.0, 12.0 ],"texture":"#2"},
"south": {"uv": [ 10.96, 11.0, 12.0, 12.0 ],"texture":"#2"},
"west": {"uv": [ 3.0, 11.0, 5.0, 12.0 ],"texture":"#2"},
"east": {"uv": [ 3.0, 11.0, 5.0, 12.0 ],"texture":"#2"}
}
}
,
{"from": [10.96,6.0,3.0],
"to": [12.0,7.0,5.0],
"faces": {
"up": {"uv": [ 10.96, 3.0, 12.0, 5.0 ],"texture":"#2"},
"down": {"uv": [ 10.96, 3.0, 12.0, 5.0 ],"texture":"#2"},
"north": {"uv": [ 10.96, 6.0, 12.0, 7.0 ],"texture":"#2"},
"south": {"uv": [ 10.96, 6.0, 12.0, 7.0 ],"texture":"#2"},
"west": {"uv": [ 3.0, 6.0, 5.0, 7.0 ],"texture":"#2"},
"east": {"uv": [ 3.0, 6.0, 5.0, 7.0 ],"texture":"#2"}
}
}
]
}
