{
    "type": "minecraft:block",
    "pools": [
        {
            "rolls": 1,
            "entries": [
                {
                    "type": "minecraft:item",
                    "name": "vehicle:industrial_fuel_drum",
                    "functions": [
                        {
                            "function": "vehicle:copy_fluid_tanks"
                        }
                    ]
                }
            ],
            "conditions": [
                {
                    "condition": "minecraft:survives_explosion"
                }
            ]
        }
    ]
}