{
    "type": "minecraft:crafting_shaped",
    "pattern": [
        "GCG",
        "BRB",
        "III"
    ],
    "key": {
        "G": {
            "item": "minecraft:green_concrete"
        },
        "C": {
            "item": "minecraft:black_concrete"
        },
        "B": {
            "item": "minecraft:blaze_powder"
        },
        "R": {
            "item": "minecraft:powered_rail"
        },
        "I": {
            "item": "minecraft:iron_ingot"
        }
    },
    "result": {
        "item": "vehicle:boost_pad",
        "count": 4
    }
}