{
    "type": "vehicle:crafting",
    "vehicle": "vehicle:off_roader",
    "materials": [
        {
            "item": "minecraft:iron_ingot",
            "count": 150
        },
        {
            "item": "minecraft:black_wool",
            "count": 8
        },
        {
            "item": "minecraft:glass_pane",
            "count": 6
        },
        {
            "item": "minecraft:redstone",
            "count": 12
        },
        {
            "item": "vehicle:panel",
            "count": 24
        }
    ]
}