{
    "type": "vehicle:crafting",
    "vehicle": "vehicle:atv",
    "materials": [
        {
            "item": "minecraft:iron_ingot",
            "count": 64
        },
        {
            "item": "minecraft:iron_bars",
            "count": 4
        },
        {
            "item": "minecraft:black_wool",
            "count": 4
        },
        {
            "item": "minecraft:redstone",
            "count": 6
        },
        {
            "item": "vehicle:panel",
            "count": 8
        }
    ]
}