{
    "type": "minecraft:crafting_shaped",
    "pattern": [
        "IIW",
        "RDI",
        "IIW"
    ],
    "key": {
        "R": {
            "item": "minecraft:redstone_block"
        },
        "W": {
            "item": "minecraft:oak_planks"
        },
        "I": {
            "item": "minecraft:iron_ingot"
        },
        "D": {
            "item": "minecraft:redstone"
        }
    },
    "result": {
        "item": "vehicle:wood_electric_engine"
    }
}