{
    "type": "minecraft:crafting_shaped",
    "pattern": [
        "WRW",
        "PFP",
        "BBB"
    ],
    "key": {
        "R": {
            "item": "minecraft:redstone_block"
        },
        "W": {
            "item": "minecraft:oak_planks"
        },
        "P": {
            "item": "minecraft:piston"
        },
        "F": {
            "item": "minecraft:furnace"
        },
        "B": {
            "item": "minecraft:iron_block"
        }
    },
    "result": {
        "item": "vehicle:wood_large_engine"
    }
}