{
    "type": "minecraft:crafting_shaped",
    "pattern": [
        "RWR",
        "PFP",
        "IBI"
    ],
    "key": {
        "R": {
            "item": "minecraft:redstone"
        },
        "W": {
            "item": "minecraft:oak_planks"
        },
        "P": {
            "item": "minecraft:piston"
        },
        "F": {
            "item": "minecraft:furnace"
        },
        "I": {
            "item": "minecraft:iron_ingot"
        },
        "B": {
            "item": "minecraft:iron_block"
        }
    },
    "result": {
        "item": "vehicle:wood_small_engine"
    }
}