{
    "type": "minecraft:crafting_shaped",
    "pattern": [
        "TTT",
        "SWS",
        "SCS"
    ],
    "key": {
        "T": {
            "item": "minecraft:light_gray_concrete"
        },
        "S": {
            "item": "minecraft:red_concrete"
        },
        "W": {
            "item": "minecraft:crafting_table"
        },
        "C": {
            "item": "minecraft:chest"
        }
    },
    "result": {
        "item": "vehicle:workstation"
    }
}