{
  "portal.portal_enter": {
    "sounds": [
      "portalgun:portal/portal_enter_01",
	  "portalgun:portal/portal_enter_02",
	  "portalgun:portal/portal_enter_03"
    ],
    "subtitle": "subtitles.portalgun.portal.portalenter"
  },
  "portal.portal_exit": {
    "sounds": [
      "portalgun:portal/portal_exit_01",
	  "portalgun:portal/portal_exit_02"
    ],
    "subtitle": "subtitles.portalgun.portal.portalexit"
  },
  "portal.portal_fizzle": {
    "sounds": [
      "portalgun:portal/portal_fizzle_01",
	  "portalgun:portal/portal_fizzle_02"
    ],
    "subtitle": "subtitles.portalgun.portal.portalfizzle"
  },
  "portal.portal_invalid_surface": {
    "sounds": [
      "portalgun:portal/portal_invalid_surface_01",
	  "portalgun:portal/portal_invalid_surface_02",
	  "portalgun:portal/portal_invalid_surface_03",
	  "portalgun:portal/portal_invalid_surface_04"
    ],
    "subtitle": "subtitles.portalgun.portal.portalinvalid"
  },
  "portal.portal_open_blue": {
    "sounds": [
      "portalgun:portal/portal_open_blue_01"
    ],
    "subtitle": "subtitles.portalgun.portal.portalopen"
  },
  "portal.portal_open_red": {
    "sounds": [
      "portalgun:portal/portal_open_red_01"
    ],
    "subtitle": "subtitles.portalgun.portal.portalopen"
  },
  "portal.wpn_portal_ambient_lp": {
    "sounds": [
      "portalgun:portal/wpn_portal_ambient_lp_01"
    ]
  },
  "portalgun.object_use_failure": {
    "sounds": [
      "portalgun:portalgun/object_use_failure_01"
    ],
    "subtitle": "subtitles.portalgun.portalgun.usefail"
  },
  "portalgun.object_use_lp_loop": {
    "sounds": [
      "portalgun:portalgun/object_use_lp_loop"
    ],
    "subtitle": "subtitles.portalgun.portalgun.useloop"
  },
  "portalgun.object_use_lp_start": {
    "sounds": [
      "portalgun:portalgun/object_use_lp_start"
    ],
    "subtitle": "subtitles.portalgun.portalgun.usestart"
  },
  "portalgun.object_use_stop": {
    "sounds": [
      "portalgun:portalgun/object_use_stop_01"
    ],
    "subtitle": "subtitles.portalgun.portalgun.usestop"
  },
  "portalgun.portal_invalid_surface_swt": {
    "sounds": [
      "portalgun:portalgun/portal_invalid_surface_swt_01"
    ],
    "subtitle": "subtitles.portalgun.portalgun.invalidsurface"
  },
  "portalgun.wpn_portal_fizzler_shimmy": {
    "sounds": [
      "portalgun:portalgun/wpn_portal_fizzler_shimmy_01"
    ],
    "subtitle": "subtitles.portalgun.portalgun.reset"
  },
  "portalgun.wpn_portal_gun_fire_blue": {
    "sounds": [
      "portalgun:portalgun/wpn_portal_gun_fire_blue_01",
	  "portalgun:portalgun/wpn_portal_gun_fire_blue_02",
	  "portalgun:portalgun/wpn_portal_gun_fire_blue_03"
    ],
    "subtitle": "subtitles.portalgun.portalgun.fire"
  },
  "portalgun.wpn_portal_gun_fire_red": {
    "sounds": [
      "portalgun:portalgun/wpn_portal_gun_fire_red_01",
	  "portalgun:portalgun/wpn_portal_gun_fire_red_02",
	  "portalgun:portalgun/wpn_portal_gun_fire_red_03"
    ],
    "subtitle": "subtitles.portalgun.portalgun.fire"
  },
  "portalgun.wpn_portalgun_activation": {
    "sounds": [
      "portalgun:portalgun/wpn_portalgun_activation_01"
    ],
    "subtitle": "subtitles.portalgun.portalgun.equip"
  }
}