{
    "__comment": "Model generated using MrCrayfish's Model Creator (https://mrcrayfish.com/tools?id=mc)",
    "textures": {
        "0": "blocks/anvil_base",
        "1": "blocks/concrete_white",
        "2": "cfm:items/craykea"
    },
    "display": {
        "gui": {
            "rotation": [ 30, 225, 65 ],
            "translation": [ 0, 0, 0 ],
            "scale": [ 1.1, 1.1, 1.1 ]
        },
        "ground": {
            "rotation": [ -90, 0, 0 ],
            "translation": [ 0, 2, 0 ],
            "scale": [ 0.75, 0.75, 0.75 ]
        },
        "fixed": {
            "rotation": [ 0, 90, 0 ],
            "translation": [ 0, 0, 0 ],
            "scale": [ 1.0, 1.0, 1.0 ]
        },
        "thirdperson_righthand": {
            "rotation": [ -15, 0, 0 ],
            "translation": [ 0, 3.0, -0.5 ],
            "scale": [ 1, 1, 1 ]
        },
        "firstperson_righthand": {
            "rotation": [ -25, 0, 0 ],
            "translation": [ 0, 5.0, 1 ],
            "scale": [ 0.75, 0.75, 0.75 ]
        }
    },
    "elements": [
        {
            "name": "handle_2",
            "from": [ 7.50, 0.00, 7.00 ], 
            "to": [ 7.90, 5.00, 9.00 ], 
            "faces": {
                "north": { "texture": "#0", "uv": [ 0.00, 0.00, 0.40, 5.00 ] },
                "south": { "texture": "#0", "uv": [ 0.00, 0.00, 0.40, 5.00 ] },
                "west": { "texture": "#0", "uv": [ 0.00, 0.00, 2.00, 5.00 ] },
                "up": { "texture": "#0", "uv": [ 0.00, 0.00, 0.40, 2.00 ] },
                "down": { "texture": "#0", "uv": [ 0.00, 0.00, 0.40, 2.00 ] }
            }
        },
        {
            "name": "metal_2",
            "from": [ 7.70, 5.00, 8.00 ], 
            "to": [ 8.30, 16.00, 9.00 ], 
            "faces": {
                "north": { "texture": "#1", "uv": [ 0.00, 0.00, 0.60, 11.00 ] },
                "east": { "texture": "#1", "uv": [ 0.00, 0.00, 1.00, 11.00 ] },
                "south": { "texture": "#1", "uv": [ 0.00, 0.00, 0.60, 11.00 ] },
                "west": { "texture": "#1", "uv": [ 0.00, 0.00, 1.00, 11.00 ] },
                "up": { "texture": "#1", "uv": [ 0.00, 0.00, 0.60, 1.00 ] }
            }
        },
        {
            "name": "metal_3",
            "from": [ 7.70, 10.00, 8.00 ], 
            "to": [ 8.30, 16.00, 9.00 ], 
            "rotation": { "origin": [ 8.0, 16.0, 8.0 ], "axis": "x", "angle": 22.5 },
            "faces": {
                "north": { "texture": "#1", "uv": [ 0.00, 0.00, 0.60, 6.00 ] },
                "east": { "texture": "#1", "uv": [ 0.00, 0.00, 1.00, 6.00 ] },
                "south": { "texture": "#1", "uv": [ 0.00, 0.00, 0.60, 6.00 ] },
                "west": { "texture": "#1", "uv": [ 0.00, 0.00, 1.00, 6.00 ] },
                "down": { "texture": "#1", "uv": [ 0.00, 0.00, 0.60, 1.00 ] }
            }
        },
        {
            "name": "metal_4",
            "from": [ 7.70, 5.00, 5.70 ], 
            "to": [ 8.30, 10.50, 8.00 ], 
            "faces": {
                "north": { "texture": "#1", "uv": [ 0.00, 0.00, 0.60, 5.50 ] },
                "east": { "texture": "#1", "uv": [ 0.00, 0.00, 2.30, 5.50 ] },
                "west": { "texture": "#1", "uv": [ 0.00, 0.00, 2.30, 5.50 ] },
                "up": { "texture": "#1", "uv": [ 0.00, 0.00, 0.60, 2.30 ] },
                "down": { "texture": "#1", "uv": [ 0.00, 0.00, 0.60, 2.30 ] }
            }
        },
        {
            "name": "metal_5",
            "from": [ 7.70, 10.50, 6.80 ], 
            "to": [ 8.30, 11.40, 8.00 ], 
            "faces": {
                "east": { "texture": "#1", "uv": [ 0.00, 0.00, 1.20, 0.90 ] },
                "west": { "texture": "#1", "uv": [ 0.00, 0.00, 1.20, 0.90 ] }
            }
        },
        {
            "name": "metal_6",
            "from": [ 7.70, 11.40, 7.10 ], 
            "to": [ 8.30, 13.40, 8.00 ], 
            "faces": {
                "east": { "texture": "#1", "uv": [ 0.00, 0.00, 0.90, 2.00 ] },
                "west": { "texture": "#1", "uv": [ 0.00, 0.00, 0.90, 2.00 ] }
            }
        },
        {
            "name": "metal_7",
            "from": [ 7.40, 0.70, 7.70 ], 
            "to": [ 8.60, 1.30, 8.30 ], 
            "faces": {
                "north": { "texture": "#1", "uv": [ 0.00, 0.00, 1.20, 0.60 ] },
                "east": { "texture": "#1", "uv": [ 0.00, 0.00, 0.60, 0.60 ] },
                "south": { "texture": "#1", "uv": [ 0.00, 0.00, 1.20, 0.60 ] },
                "west": { "texture": "#1", "uv": [ 0.00, 0.00, 0.60, 0.60 ] },
                "up": { "texture": "#1", "uv": [ 0.00, 0.00, 1.20, 0.60 ] },
                "down": { "texture": "#1", "uv": [ 0.00, 0.00, 1.20, 0.60 ] }
            }
        },
        {
            "name": "metal_8",
            "from": [ 7.40, 2.20, 7.70 ], 
            "to": [ 8.60, 2.80, 8.30 ], 
            "faces": {
                "north": { "texture": "#1", "uv": [ 0.00, 0.00, 1.20, 0.60 ] },
                "east": { "texture": "#1", "uv": [ 0.00, 0.00, 0.60, 0.60 ] },
                "south": { "texture": "#1", "uv": [ 0.00, 0.00, 1.20, 0.60 ] },
                "west": { "texture": "#1", "uv": [ 0.00, 0.00, 0.60, 0.60 ] },
                "up": { "texture": "#1", "uv": [ 0.00, 0.00, 1.20, 0.60 ] },
                "down": { "texture": "#1", "uv": [ 0.00, 0.00, 1.20, 0.60 ] }
            }
        },
        {
            "name": "metal_9",
            "from": [ 7.40, 3.70, 7.70 ], 
            "to": [ 8.60, 4.30, 8.30 ], 
            "faces": {
                "north": { "texture": "#1", "uv": [ 0.00, 0.00, 1.20, 0.60 ] },
                "east": { "texture": "#1", "uv": [ 0.00, 0.00, 0.60, 0.60 ] },
                "south": { "texture": "#1", "uv": [ 0.00, 0.00, 1.20, 0.60 ] },
                "west": { "texture": "#1", "uv": [ 0.00, 0.00, 0.60, 0.60 ] },
                "up": { "texture": "#1", "uv": [ 0.00, 0.00, 1.20, 0.60 ] },
                "down": { "texture": "#1", "uv": [ 0.00, 0.00, 1.20, 0.60 ] }
            }
        },
        {
            "name": "handle_1",
            "from": [ 8.10, 0.00, 7.00 ], 
            "to": [ 8.50, 5.00, 9.00 ], 
            "faces": {
                "north": { "texture": "#0", "uv": [ 0.00, 0.00, 0.40, 5.00 ] },
                "east": { "texture": "#0", "uv": [ 0.00, 0.00, 2.00, 5.00 ] },
                "south": { "texture": "#0", "uv": [ 0.00, 0.00, 0.40, 5.00 ] },
                "up": { "texture": "#0", "uv": [ 0.00, 0.00, 0.40, 2.00 ] },
                "down": { "texture": "#0", "uv": [ 0.00, 0.00, 0.40, 2.00 ] }
            }
        },
        {
            "name": "metal_1",
            "from": [ 7.90, 0.00, 7.00 ], 
            "to": [ 8.10, 5.00, 9.00 ], 
            "faces": {
                "north": { "texture": "#1", "uv": [ 0.00, 0.00, 0.20, 5.00 ] },
                "south": { "texture": "#1", "uv": [ 0.00, 0.00, 0.20, 5.00 ] },
                "down": { "texture": "#1", "uv": [ 0.00, 0.00, 0.20, 2.00 ] }
            }
        },
        {
            "name": "Cube",
            "from": [ 7.60, 7.30, 8.30 ], 
            "to": [ 8.40, 8.90, 8.70 ], 
            "faces": {
                "east": { "texture": "#2", "uv": [ 0.00, 4.00, 14.00, 8.00 ], "rotation": 270 },
                "west": { "texture": "#2", "uv": [ 0.00, 0.00, 14.00, 4.00 ], "rotation": 90 }
            }
        },
        {
            "name": "Cube",
            "from": [ 7.60, 5.40, 8.30 ], 
            "to": [ 8.40, 7.00, 8.70 ], 
            "faces": {
                "east": { "texture": "#2", "uv": [ 0.00, 0.00, 14.00, 4.00 ], "rotation": 270 },
                "west": { "texture": "#2", "uv": [ 0.00, 4.00, 14.00, 8.00 ], "rotation": 90 }
            }
        }
    ]
}