{
    "__comment": "Model generated using MrCrayfish's Model Creator (https://mrcrayfish.com/tools?id=mc)",
    "textures": {
        "0": "blocks/concrete_white",
        "1": "blocks/concrete_silver"
    },
    "display": {
        "gui": {
            "rotation": [ 30, 45, 0 ],
            "translation": [ 6.5, -3.5, 0 ],
            "scale": [ 1.25, 1.25, 1.25 ]
        },
        "ground": {
            "rotation": [ 0, 0, 0 ],
            "translation": [ 0, 2, 3.75 ],
            "scale": [ 0.5, 0.5, 0.5 ]
        },
        "fixed": {
            "rotation": [ 0, 180, 0 ],
            "translation": [ 0, 0, -7 ],
            "scale": [ 1, 1, 1 ]
        },
        "thirdperson_righthand": {
            "rotation": [ 45, -90, 0 ],
            "translation": [ -5, 1.5, 0 ],
            "scale": [ 0.75, 0.75, 0.75 ]
        },
        "firstperson_righthand": {
            "rotation": [ 0, 315, 0 ],
            "translation": [ -4, 2.5, 5 ],
            "scale": [ 0.5, 0.5, 0.5 ]
        }
    },
    "elements": [
        {
            "name": "part_1",
            "from": [ 5.00, 4.00, 0.00 ], 
            "to": [ 6.70, 12.00, 0.90 ], 
            "faces": {
                "east": { "texture": "#0", "uv": [ 0.00, 0.00, 0.90, 8.00 ] },
                "south": { "texture": "#0", "uv": [ 0.00, 0.00, 1.70, 8.00 ] },
                "west": { "texture": "#0", "uv": [ 0.00, 0.00, 0.90, 8.00 ] },
                "up": { "texture": "#0", "uv": [ 0.00, 0.00, 1.70, 0.90 ] },
                "down": { "texture": "#0", "uv": [ 0.00, 0.00, 1.70, 0.90 ] }
            }
        },
        {
            "name": "part_2",
            "from": [ 9.30, 4.00, 0.00 ], 
            "to": [ 11.00, 12.00, 0.90 ], 
            "faces": {
                "east": { "texture": "#0", "uv": [ 0.00, 0.00, 0.90, 8.00 ] },
                "south": { "texture": "#0", "uv": [ 0.00, 0.00, 1.70, 8.00 ] },
                "west": { "texture": "#0", "uv": [ 0.00, 0.00, 0.90, 8.00 ] },
                "up": { "texture": "#0", "uv": [ 0.00, 0.00, 1.70, 0.90 ] },
                "down": { "texture": "#0", "uv": [ 0.00, 0.00, 1.70, 0.90 ] }
            }
        },
        {
            "name": "part_3",
            "from": [ 6.70, 4.00, 0.00 ], 
            "to": [ 9.30, 5.70, 0.90 ], 
            "faces": {
                "south": { "texture": "#0", "uv": [ 0.00, 0.00, 2.60, 1.70 ] },
                "up": { "texture": "#0", "uv": [ 0.00, 0.00, 2.60, 0.90 ] },
                "down": { "texture": "#0", "uv": [ 0.00, 0.00, 2.60, 0.90 ] }
            }
        },
        {
            "name": "part_4",
            "from": [ 6.70, 10.30, 0.00 ], 
            "to": [ 9.30, 12.00, 0.90 ], 
            "faces": {
                "south": { "texture": "#0", "uv": [ 0.00, 0.00, 2.60, 1.70 ] },
                "up": { "texture": "#0", "uv": [ 0.00, 0.00, 2.60, 0.90 ] },
                "down": { "texture": "#0", "uv": [ 0.00, 0.00, 2.60, 0.90 ] }
            }
        },
        {
            "name": "border_1",
            "from": [ 6.70, 5.70, 0.00 ], 
            "to": [ 9.30, 6.00, 1.00 ], 
            "faces": {
                "east": { "texture": "#1", "uv": [ 0.00, 0.00, 1.00, 0.30 ] },
                "south": { "texture": "#1", "uv": [ 0.00, 0.00, 2.60, 0.30 ] },
                "west": { "texture": "#1", "uv": [ 0.00, 0.00, 1.00, 0.30 ] },
                "down": { "texture": "#1", "uv": [ 0.00, 0.00, 2.60, 1.00 ] }
            }
        },
        {
            "name": "border_2",
            "from": [ 6.70, 6.00, 0.00 ], 
            "to": [ 7.00, 10.00, 1.00 ], 
            "faces": {
                "south": { "texture": "#1", "uv": [ 0.00, 0.00, 0.30, 4.00 ] },
                "west": { "texture": "#1", "uv": [ 0.00, 0.00, 1.00, 4.00 ] }
            }
        },
        {
            "name": "border_3",
            "from": [ 6.70, 10.00, 0.00 ], 
            "to": [ 9.30, 10.30, 1.00 ], 
            "faces": {
                "east": { "texture": "#1", "uv": [ 0.00, 0.00, 1.00, 0.30 ] },
                "south": { "texture": "#1", "uv": [ 0.00, 0.00, 2.60, 0.30 ] },
                "west": { "texture": "#1", "uv": [ 0.00, 0.00, 1.00, 0.30 ] },
                "up": { "texture": "#1", "uv": [ 0.00, 0.00, 2.60, 1.00 ] }
            }
        },
        {
            "name": "border_4",
            "from": [ 9.00, 6.00, 0.00 ], 
            "to": [ 9.30, 10.00, 1.00 ], 
            "faces": {
                "east": { "texture": "#1", "uv": [ 0.00, 0.00, 1.00, 4.00 ] },
                "south": { "texture": "#1", "uv": [ 0.00, 0.00, 0.30, 4.00 ] }
            }
        },
        {
            "name": "switch_1",
            "from": [ 7.00, 8.00, 0.00 ], 
            "to": [ 9.00, 10.00, 1.00 ], 
            "faces": {
                "south": { "texture": "#0", "uv": [ 0.00, 0.00, 2.00, 2.00 ] }
            }
        },
        {
            "name": "switch_2",
            "from": [ 7.00, 6.10, 0.00 ], 
            "to": [ 9.00, 8.00, 1.00 ], 
            "rotation": { "origin": [ 8.0, 8.0, 1.0 ], "axis": "x", "angle": -22.5 },
            "faces": {
                "east": { "texture": "#0", "uv": [ 0.00, 0.00, 1.00, 1.90 ] },
                "south": { "texture": "#0", "uv": [ 0.00, 0.00, 2.00, 1.90 ] },
                "west": { "texture": "#0", "uv": [ 0.00, 0.00, 1.00, 1.90 ] },
                "down": { "texture": "#0", "uv": [ 0.00, 0.00, 2.00, 1.00 ] }
            }
        },
        {
            "name": "back",
            "from": [ 5.00, 4.00, 0.00 ], 
            "to": [ 11.00, 12.00, 0.90 ], 
            "faces": {
                "north": { "texture": "#0", "uv": [ 0.00, 0.00, 6.00, 8.00 ] }
            }
        }
    ]
}