{
    "__comment": "Model generated using MrCrayfish's Model Creator (https://mrcrayfish.com/tools?id=mc)",
    "textures": {
        "0": "blocks/concrete_gray",
        "1": "blocks/concrete_silver",
        "color": "blocks/wool_colored_red",
        "3": "blocks/concrete_white"
    },
    "display": {
        "gui": {
            "rotation": [ 30, 45, 0 ],
            "translation": [ -2, 1, 0 ],
            "scale": [ 0.4, 0.4, 0.4 ]
        },
        "ground": {
            "rotation": [ 0, 0, 0 ],
            "translation": [ 0, 3, 0 ],
            "scale": [ 0.25, 0.25, 0.25 ]
        },
        "fixed": {
            "rotation": [ 0, 0, 0 ],
            "translation": [ 0, 0, 0 ],
            "scale": [ 0.5, 0.5, 0.5 ]
        },
        "thirdperson_righthand": {
            "rotation": [ 75, 45, 0 ],
            "translation": [ 0, 2.5, 0 ],
            "scale": [ 0.375, 0.375, 0.375 ]
        },
        "thirdperson_lefthand": {
            "rotation": [ 75, 255, 0 ],
            "translation": [ 0, 2.5, 0 ],
            "scale": [ 0.375, 0.375, 0.375 ]
        },
        "firstperson_righthand": {
            "rotation": [ 0, 45, 0 ],
            "translation": [ 0, 2.5, 0 ],
            "scale": [ 0.4, 0.4, 0.4 ]
        },
        "firstperson_lefthand": {
            "rotation": [ 0, 225, 0 ],
            "translation": [ 0, 2.5, 0 ],
            "scale": [ 0.4, 0.4, 0.4 ]
        }
    },
    "elements": [
        {
            "name": "bed_back",
            "from": [ 0.00, 0.00, 0.00 ], 
            "to": [ 16.00, 15.00, 2.00 ], 
            "faces": {
                "north": { "texture": "#0", "uv": [ 0.00, 0.00, 16.00, 15.00 ], "cullface": "north" },
                "east": { "texture": "#0", "uv": [ 0.00, 0.00, 2.00, 15.00 ], "cullface": "east" },
                "south": { "texture": "#0", "uv": [ 0.00, 0.00, 16.00, 15.00 ] },
                "west": { "texture": "#0", "uv": [ 0.00, 0.00, 2.00, 15.00 ], "cullface": "west" },
                "up": { "texture": "#0", "uv": [ 0.00, 0.00, 16.00, 2.00 ] },
                "down": { "texture": "#0", "uv": [ 0.00, 0.00, 16.00, 2.00 ], "cullface": "down" }
            }
        },
        {
            "name": "bed_side_1",
            "from": [ 0.00, 4.00, 2.00 ], 
            "to": [ 1.00, 8.00, 16.00 ], 
            "faces": {
                "east": { "texture": "#0", "uv": [ 0.00, 0.00, 14.00, 4.00 ] },
                "west": { "texture": "#0", "uv": [ 0.00, 0.00, 14.00, 4.00 ], "cullface": "west" },
                "up": { "texture": "#0", "uv": [ 0.00, 0.00, 1.00, 14.00 ] },
                "down": { "texture": "#0", "uv": [ 0.00, 0.00, 1.00, 14.00 ] }
            }
        },
        {
            "name": "bed_side_2",
            "from": [ 15.00, 4.00, 2.00 ], 
            "to": [ 16.00, 8.00, 16.00 ], 
            "faces": {
                "east": { "texture": "#0", "uv": [ 0.00, 0.00, 14.00, 4.00 ], "cullface": "east" },
                "west": { "texture": "#0", "uv": [ 0.00, 0.00, 14.00, 4.00 ] },
                "up": { "texture": "#0", "uv": [ 0.00, 0.00, 1.00, 14.00 ] },
                "down": { "texture": "#0", "uv": [ 0.00, 0.00, 1.00, 14.00 ] }
            }
        },
        {
            "name": "bed_bottom",
            "from": [ 1.00, 4.50, 2.00 ], 
            "to": [ 15.00, 5.50, 16.00 ], 
            "faces": {
                "down": { "texture": "#1", "uv": [ 0.00, 0.00, 14.00, 14.00 ] }
            }
        },
        {
            "name": "bed_blanket_1",
            "from": [ 1.00, 5.00, 8.00 ], 
            "to": [ 15.00, 9.00, 16.00 ], 
            "faces": {
                "east": { "texture": "#color", "uv": [ 0.00, 0.00, 8.00, 4.00 ] },
                "west": { "texture": "#color", "uv": [ 0.00, 0.00, 8.00, 4.00 ] },
                "up": { "texture": "#color", "uv": [ 0.00, 0.00, 14.00, 8.00 ] }
            }
        },
        {
            "name": "pillow",
            "from": [ 1.00, 5.00, 2.00 ], 
            "to": [ 15.00, 9.50, 8.00 ], 
            "faces": {
                "east": { "texture": "#3", "uv": [ 0.00, 0.00, 6.00, 4.50 ] },
                "south": { "texture": "#3", "uv": [ 0.00, 0.00, 14.00, 4.50 ] },
                "west": { "texture": "#3", "uv": [ 0.00, 0.00, 6.00, 4.50 ] },
                "up": { "texture": "#3", "uv": [ 0.00, 0.00, 14.00, 6.00 ] }
            }
        },
        {
            "name": "bed_side_3",
            "from": [ 0.00, 4.00, 16.00 ], 
            "to": [ 1.00, 8.00, 30.00 ], 
            "faces": {
                "east": { "texture": "#0", "uv": [ 0.00, 0.00, 14.00, 4.00 ] },
                "west": { "texture": "#0", "uv": [ 0.00, 0.00, 14.00, 4.00 ], "cullface": "west" },
                "up": { "texture": "#0", "uv": [ 0.00, 0.00, 1.00, 14.00 ] },
                "down": { "texture": "#0", "uv": [ 0.00, 0.00, 1.00, 14.00 ] }
            }
        },
        {
            "name": "bed_side_4",
            "from": [ 15.00, 4.00, 16.00 ], 
            "to": [ 16.00, 8.00, 30.00 ], 
            "faces": {
                "east": { "texture": "#0", "uv": [ 0.00, 0.00, 14.00, 4.00 ] },
                "west": { "texture": "#0", "uv": [ 0.00, 0.00, 14.00, 4.00 ], "cullface": "west" },
                "up": { "texture": "#0", "uv": [ 0.00, 0.00, 1.00, 14.00 ] },
                "down": { "texture": "#0", "uv": [ 0.00, 0.00, 1.00, 14.00 ] }
            }
        },
        {
            "name": "bed_front",
            "from": [ 0.00, 0.00, 30.00 ], 
            "to": [ 16.00, 7.00, 32.00 ], 
            "faces": {
                "north": { "texture": "#0", "uv": [ 0.00, 0.00, 16.00, 7.00 ], "cullface": "north" },
                "east": { "texture": "#0", "uv": [ 0.00, 0.00, 2.00, 7.00 ], "cullface": "east" },
                "south": { "texture": "#0", "uv": [ 0.00, 0.00, 16.00, 7.00 ] },
                "west": { "texture": "#0", "uv": [ 0.00, 0.00, 2.00, 7.00 ], "cullface": "west" },
                "up": { "texture": "#0", "uv": [ 0.00, 0.00, 16.00, 2.00 ], "cullface": "up" },
                "down": { "texture": "#0", "uv": [ 0.00, 0.00, 16.00, 2.00 ], "cullface": "down" }
            }
        },
        {
            "name": "bed_blanket_2",
            "from": [ 1.00, 5.00, 16.00 ], 
            "to": [ 15.00, 9.00, 30.00 ], 
            "faces": {
                "east": { "texture": "#color", "uv": [ 0.00, 0.00, 14.00, 4.00 ] },
                "south": { "texture": "#color", "uv": [ 0.00, 0.00, 14.00, 4.00 ] },
                "west": { "texture": "#color", "uv": [ 0.00, 0.00, 14.00, 4.00 ] },
                "up": { "texture": "#color", "uv": [ 0.00, 0.00, 14.00, 14.00 ] }
            }
        },
        {
            "name": "bed_bottom_2",
            "from": [ 1.00, 4.50, 16.00 ], 
            "to": [ 15.00, 5.50, 30.00 ], 
            "faces": {
                "down": { "texture": "#1", "uv": [ 0.00, 0.00, 14.00, 14.00 ] }
            }
        },
        {
            "name": "bed_front_2",
            "from": [ 0.00, 7.00, 30.00 ], 
            "to": [ 16.00, 8.00, 31.00 ], 
            "faces": {
                "east": { "texture": "#0", "uv": [ 0.00, 0.00, 1.00, 1.00 ], "cullface": "east" },
                "west": { "texture": "#0", "uv": [ 0.00, 0.00, 1.00, 1.00 ], "cullface": "west" },
                "up": { "texture": "#0", "uv": [ 0.00, 0.00, 16.00, 1.00 ], "cullface": "up" }
            }
        },
        {
            "name": "bed_front_3",
            "from": [ 0.00, 7.00, 31.00 ], 
            "to": [ 16.00, 8.00, 32.00 ],
            "rotation": { "origin": [ 8.0, 8.0, 31.0 ], "axis": "x", "angle": 45.0 },
            "faces": {
                "east": { "texture": "#0", "uv": [ 0.00, 0.00, 1.40, 1.00 ], "cullface": "east" },
                "south": { "texture": "#0", "uv": [ 0.00, 0.00, 16.00, 1.00 ] },
                "west": { "texture": "#0", "uv": [ 0.00, 0.00, 1.40, 1.00 ], "cullface": "west" },
                "up": { "texture": "#0", "uv": [ 0.00, 0.00, 16.00, 1.40 ], "cullface": "up" }
            }
        },
        {
            "name": "bed_back_2",
            "from": [ 1.00, 15.00, 0.00 ], 
            "to": [ 15.00, 16.00, 2.00 ], 
            "faces": {
                "north": { "texture": "#0", "uv": [ 0.00, 0.00, 14.00, 1.00 ], "cullface": "north" },
                "south": { "texture": "#0", "uv": [ 0.00, 0.00, 14.00, 1.00 ] },
                "up": { "texture": "#0", "uv": [ 0.00, 0.00, 14.00, 2.00 ], "cullface": "up" }
            }
        },
        {
            "name": "bed_back_3",
            "from": [ -0.40, 15.00, 0.00 ], 
            "to": [ 1.00, 16.00, 2.00 ], 
            "rotation": { "origin": [ 1.0, 16.0, 2.0 ], "axis": "z", "angle": 45.0 },
            "faces": {
                "north": { "texture": "#0", "uv": [ 0.00, 0.00, 1.40, 1.00 ], "cullface": "north" },
                "south": { "texture": "#0", "uv": [ 0.00, 0.00, 1.40, 1.00 ] },
                "up": { "texture": "#0", "uv": [ 0.00, 0.00, 1.40, 2.00 ] }
            }
        },
        {
            "name": "bed_back_4",
            "from": [ 15.00, 15.00, 0.00 ], 
            "to": [ 16.40, 16.00, 2.00 ], 
            "rotation": { "origin": [ 15.0, 16.0, 2.0 ], "axis": "z", "angle": -45.0 },
            "faces": {
                "north": { "texture": "#0", "uv": [ 0.00, 0.00, 1.40, 1.00 ], "cullface": "north" },
                "south": { "texture": "#0", "uv": [ 0.00, 0.00, 1.40, 1.00 ] },
                "up": { "texture": "#0", "uv": [ 0.00, 0.00, 1.40, 2.00 ] }
            }
        }
    ]
}