{
    "__comment": "Model generated using MrCrayfish's Model Creator (https://mrcrayfish.com/tools?id=mc)",
    "textures": {
        "0": "blocks/glass",
        "1": "blocks/concrete_white"
    },
    "display": {
        "gui": {
            "rotation": [ 30, 225, 0 ],
            "translation": [ 0, 0, 0 ],
            "scale": [ 0.625, 0.625, 0.625 ]
        },
        "ground": {
            "rotation": [ 0, 0, 0 ],
            "translation": [ 0, 2, 0],
            "scale":[ 0.5, 0.5, 0.5 ]
        },
        "thirdperson_righthand": {
            "rotation": [ 0, 0, 0 ],
            "translation": [ 0, 3, 1 ],
            "scale": [ 0.55, 0.55, 0.55 ]
        },
        "firstperson_righthand": {
            "rotation": [ 0, -90, 25 ],
            "translation": [ 1.13, 3.2, 1.13],
            "scale": [ 0.68, 0.68, 0.68 ]
        },
        "fixed": {
            "rotation": [ 0, 180, 0 ],
            "scale": [ 1, 1, 1 ]
        }
    },
    "elements": [
        {
            "name": "glass",
            "from": [ 2.00, 2.00, 7.00 ], 
            "to": [ 14.00, 14.00, 9.00 ], 
            "faces": {
                "north": { "texture": "#0", "uv": [ 1.00, 1.00, 13.00, 13.00 ] },
                "south": { "texture": "#0", "uv": [ 1.00, 1.00, 13.00, 13.00 ] }
            }
        },
        {
            "name": "frame_1",
            "from": [ 0.00, 0.00, 6.50 ], 
            "to": [ 16.00, 1.00, 9.50 ], 
            "faces": {
                "north": { "texture": "#1", "uv": [ 0.00, 0.00, 16.00, 1.00 ] },
                "east": { "texture": "#1", "uv": [ 0.00, 0.00, 3.00, 1.00 ] },
                "south": { "texture": "#1", "uv": [ 0.00, 0.00, 16.00, 1.00 ] },
                "west": { "texture": "#1", "uv": [ 0.00, 0.00, 3.00, 1.00 ] },
                "up": { "texture": "#1", "uv": [ 0.00, 0.00, 16.00, 3.00 ] },
                "down": { "texture": "#1", "uv": [ 0.00, 0.00, 16.00, 3.00 ] }
            }
        },
        {
            "name": "frame_2",
            "from": [ 0.00, 15.00, 6.50 ], 
            "to": [ 16.00, 16.00, 9.50 ], 
            "faces": {
                "north": { "texture": "#1", "uv": [ 0.00, 0.00, 16.00, 1.00 ] },
                "east": { "texture": "#1", "uv": [ 0.00, 0.00, 3.00, 1.00 ] },
                "south": { "texture": "#1", "uv": [ 0.00, 0.00, 16.00, 1.00 ] },
                "west": { "texture": "#1", "uv": [ 0.00, 0.00, 3.00, 1.00 ] },
                "up": { "texture": "#1", "uv": [ 0.00, 0.00, 16.00, 3.00 ] },
                "down": { "texture": "#1", "uv": [ 0.00, 0.00, 16.00, 3.00 ] }
            }
        },
        {
            "name": "frame_3",
            "from": [ 1.00, 1.00, 7.00 ], 
            "to": [ 15.00, 2.00, 9.00 ], 
            "faces": {
                "north": { "texture": "#1", "uv": [ 0.00, 0.00, 14.00, 1.00 ] },
                "south": { "texture": "#1", "uv": [ 0.00, 0.00, 14.00, 1.00 ] },
                "up": { "texture": "#1", "uv": [ 0.00, 0.00, 14.00, 2.00 ] }
            }
        },
        {
            "name": "frame_4",
            "from": [ 1.00, 14.00, 7.00 ], 
            "to": [ 15.00, 15.00, 9.00 ], 
            "faces": {
                "north": { "texture": "#1", "uv": [ 0.00, 0.00, 14.00, 1.00 ] },
                "south": { "texture": "#1", "uv": [ 0.00, 0.00, 14.00, 1.00 ] },
                "down": { "texture": "#1", "uv": [ 0.00, 0.00, 14.00, 2.00 ] }
            }
        },
        {
            "name": "frame_5",
            "from": [ 0.00, 1.00, 6.50 ], 
            "to": [ 1.00, 15.00, 9.50 ], 
            "faces": {
                "north": { "texture": "#1", "uv": [ 0.00, 0.00, 1.00, 14.00 ] },
                "east": { "texture": "#1", "uv": [ 0.00, 0.00, 3.00, 14.00 ] },
                "south": { "texture": "#1", "uv": [ 0.00, 0.00, 1.00, 14.00 ] },
                "west": { "texture": "#1", "uv": [ 0.00, 0.00, 3.00, 14.00 ] }
            }
        },
        {
            "name": "frame_6",
            "from": [ 1.00, 2.00, 7.00 ], 
            "to": [ 2.00, 14.00, 9.00 ], 
            "faces": {
                "north": { "texture": "#1", "uv": [ 0.00, 0.00, 1.00, 12.00 ] },
                "east": { "texture": "#1", "uv": [ 0.00, 0.00, 2.00, 12.00 ] },
                "south": { "texture": "#1", "uv": [ 0.00, 0.00, 1.00, 12.00 ] }
            }
        },
        {
            "name": "frame_7",
            "from": [ 14.00, 2.00, 7.00 ], 
            "to": [ 15.00, 14.00, 9.00 ], 
            "faces": {
                "north": { "texture": "#1", "uv": [ 0.00, 0.00, 1.00, 12.00 ] },
                "east": { "texture": "#1", "uv": [ 0.00, 0.00, 2.00, 12.00 ] },
                "south": { "texture": "#1", "uv": [ 0.00, 0.00, 1.00, 12.00 ] }
            }
        },
        {
            "name": "frame_8",
            "from": [ 15.00, 1.00, 6.50 ], 
            "to": [ 16.00, 15.00, 9.50 ], 
            "faces": {
                "north": { "texture": "#1", "uv": [ 0.00, 0.00, 1.00, 14.00 ] },
                "east": { "texture": "#1", "uv": [ 0.00, 0.00, 3.00, 14.00 ] },
                "south": { "texture": "#1", "uv": [ 0.00, 0.00, 1.00, 14.00 ] },
                "west": { "texture": "#1", "uv": [ 0.00, 0.00, 3.00, 14.00 ] }
            }
        }
    ]
}