{
    "__comment": "Model generated using MrCrayfish's Model Creator (https://mrcrayfish.com/tools?id=mc)",
    "textures": {
        "0": "blocks/anvil_base",
        "1": "blocks/concrete_silver",
        "2": "blocks/concrete_red",
        "3": "blocks/concrete_gray",
        "4": "blocks/concrete_lime",
        "5": "blocks/concrete_yellow",
        "6": "blocks/concrete_cyan",
        "7": "blocks/concrete_black"
    },
    "display": {
        "gui": {
            "rotation": [ 30, 45, 0 ],
            "translation": [ 0, 3, 0 ],
            "scale": [ 0.75, 0.75, 0.75 ]
        },
        "ground": {
            "rotation": [ 0, 0, 0 ],
            "translation": [ 0, 3, 0 ],
            "scale": [ 0.25, 0.25, 0.25 ]
        },
        "fixed": {
            "rotation": [ -90, 180, 0 ],
            "translation": [ 0, 0, -5.5 ],
            "scale": [ 0.75, 0.75, 0.75 ]
        },
        "thirdperson_righthand": {
            "rotation": [ 75, 0, 0 ],
            "translation": [ 0, 2.5, 2 ],
            "scale": [ 0.375, 0.375, 0.375 ]
        },
        "firstperson_righthand": {
            "rotation": [ 0, 0, 0 ],
            "translation": [ 0, 5, 0 ],
            "scale": [ 0.5, 0.5, 0.5 ]
        }
    },
    "elements": [
        {
            "name": "body_1",
            "from": [ 4.00, 0.50, 0.00 ], 
            "to": [ 12.00, 1.50, 16.00 ], 
            "faces": {
                "north": { "texture": "#0", "uv": [ 0.00, 0.00, 8.00, 1.00 ] },
                "east": { "texture": "#0", "uv": [ 0.00, 0.00, 16.00, 1.00 ] },
                "south": { "texture": "#0", "uv": [ 0.00, 0.00, 8.00, 1.00 ] },
                "west": { "texture": "#0", "uv": [ 0.00, 0.00, 16.00, 1.00 ] },
                "up": { "texture": "#1", "uv": [ 0.00, 0.00, 8.00, 16.00 ] },
                "down": { "texture": "#0", "uv": [ 0.00, 0.00, 8.00, 16.00 ] }
            }
        },
        {
            "name": "body_2",
            "from": [ 4.00, 0.00, 0.00 ], 
            "to": [ 12.00, 0.50, 16.00 ], 
            "faces": {
                "north": { "texture": "#1", "uv": [ 0.00, 0.00, 8.00, 0.50 ] },
                "east": { "texture": "#1", "uv": [ 0.00, 0.00, 16.00, 0.50 ] },
                "south": { "texture": "#1", "uv": [ 0.00, 0.00, 8.00, 0.50 ] },
                "west": { "texture": "#1", "uv": [ 0.00, 0.00, 16.00, 0.50 ] },
                "up": { "texture": "#1", "uv": [ 0.00, 0.00, 8.00, 16.00 ] },
                "down": { "texture": "#1", "uv": [ 0.00, 0.00, 8.00, 16.00 ] }
            }
        },
        {
            "name": "detail_1",
            "from": [ 4.00, 1.50, 0.00 ], 
            "to": [ 5.00, 1.60, 12.00 ], 
            "faces": {
                "north": { "texture": "#0", "uv": [ 0.00, 0.00, 1.00, 0.10 ] },
                "east": { "texture": "#0", "uv": [ 0.00, 0.00, 12.00, 0.10 ] },
                "south": { "texture": "#0", "uv": [ 0.00, 0.00, 1.00, 0.10 ] },
                "west": { "texture": "#0", "uv": [ 0.00, 0.00, 12.00, 0.10 ] },
                "up": { "texture": "#0", "uv": [ 1.00, 0.00, 2.00, 12.00 ] }
            }
        },
        {
            "name": "detail_2",
            "from": [ 11.00, 1.50, 0.00 ], 
            "to": [ 12.00, 1.60, 12.00 ], 
            "faces": {
                "north": { "texture": "#0", "uv": [ 0.00, 0.00, 1.00, 0.10 ] },
                "east": { "texture": "#0", "uv": [ 0.00, 0.00, 12.00, 0.10 ] },
                "south": { "texture": "#0", "uv": [ 0.00, 0.00, 1.00, 0.10 ] },
                "west": { "texture": "#0", "uv": [ 0.00, 0.00, 12.00, 0.10 ] },
                "up": { "texture": "#0", "uv": [ 1.00, 0.00, 2.00, 12.00 ] }
            }
        },
        {
            "name": "detail_3",
            "from": [ 5.00, 1.50, 0.00 ], 
            "to": [ 11.00, 1.60, 1.00 ], 
            "faces": {
                "north": { "texture": "#0", "uv": [ 0.00, 0.00, 6.00, 0.10 ] },
                "east": { "texture": "#0", "uv": [ 0.00, 0.00, 1.00, 0.10 ] },
                "south": { "texture": "#0", "uv": [ 0.00, 0.00, 6.00, 0.10 ] },
                "west": { "texture": "#0", "uv": [ 0.00, 0.00, 1.00, 0.10 ] },
                "up": { "texture": "#0", "uv": [ 0.00, 0.00, 6.00, 1.00 ] }
            }
        },
        {
            "name": "detail_4",
            "from": [ 4.00, 1.50, 12.00 ], 
            "to": [ 12.00, 1.60, 16.00 ], 
            "faces": {
                "north": { "texture": "#0", "uv": [ 0.00, 0.00, 8.00, 0.10 ] },
                "east": { "texture": "#0", "uv": [ 0.00, 0.00, 4.00, 0.10 ] },
                "south": { "texture": "#0", "uv": [ 0.00, 0.00, 8.00, 0.10 ] },
                "west": { "texture": "#0", "uv": [ 0.00, 0.00, 4.00, 0.10 ] },
                "up": { "texture": "#0", "uv": [ 0.00, 12.00, 8.00, 16.00 ] }
            }
        },
        {
            "name": "button_power",
            "from": [ 5.50, 1.00, 1.50 ], 
            "to": [ 6.50, 2.00, 2.50 ], 
            "faces": {
                "north": { "texture": "#2", "uv": [ 0.00, 0.00, 1.00, 1.00 ] },
                "east": { "texture": "#2", "uv": [ 0.00, 0.00, 1.00, 1.00 ] },
                "south": { "texture": "#2", "uv": [ 0.00, 0.00, 1.00, 1.00 ] },
                "west": { "texture": "#2", "uv": [ 0.00, 0.00, 1.00, 1.00 ] },
                "up": { "texture": "#2", "uv": [ 0.00, 0.00, 1.00, 1.00 ] },
                "down": { "texture": "#2", "uv": [ 0.00, 0.00, 1.00, 1.00 ] }
            }
        },
        {
            "name": "button_1",
            "from": [ 9.50, 1.00, 1.50 ], 
            "to": [ 10.50, 2.00, 2.50 ], 
            "faces": {
                "north": { "texture": "#3", "uv": [ 0.00, 0.00, 1.00, 1.00 ] },
                "east": { "texture": "#3", "uv": [ 0.00, 0.00, 1.00, 1.00 ] },
                "south": { "texture": "#3", "uv": [ 0.00, 0.00, 1.00, 1.00 ] },
                "west": { "texture": "#3", "uv": [ 0.00, 0.00, 1.00, 1.00 ] },
                "up": { "texture": "#3", "uv": [ 0.00, 0.00, 1.00, 1.00 ] },
                "down": { "texture": "#3", "uv": [ 0.00, 0.00, 1.00, 1.00 ] }
            }
        },
        {
            "name": "button_channel_1",
            "from": [ 5.50, 1.00, 3.50 ], 
            "to": [ 6.50, 2.00, 4.50 ], 
            "faces": {
                "north": { "texture": "#3", "uv": [ 0.00, 0.00, 1.00, 1.00 ] },
                "east": { "texture": "#3", "uv": [ 0.00, 0.00, 1.00, 1.00 ] },
                "south": { "texture": "#3", "uv": [ 0.00, 0.00, 1.00, 1.00 ] },
                "west": { "texture": "#3", "uv": [ 0.00, 0.00, 1.00, 1.00 ] },
                "up": { "texture": "#3", "uv": [ 0.00, 0.00, 1.00, 1.00 ] },
                "down": { "texture": "#3", "uv": [ 0.00, 0.00, 1.00, 1.00 ] }
            }
        },
        {
            "name": "button_channel_2",
            "from": [ 7.50, 1.00, 3.50 ], 
            "to": [ 8.50, 2.00, 4.50 ], 
            "faces": {
                "north": { "texture": "#3", "uv": [ 0.00, 0.00, 1.00, 1.00 ] },
                "east": { "texture": "#3", "uv": [ 0.00, 0.00, 1.00, 1.00 ] },
                "south": { "texture": "#3", "uv": [ 0.00, 0.00, 1.00, 1.00 ] },
                "west": { "texture": "#3", "uv": [ 0.00, 0.00, 1.00, 1.00 ] },
                "up": { "texture": "#3", "uv": [ 0.00, 0.00, 1.00, 1.00 ] },
                "down": { "texture": "#3", "uv": [ 0.00, 0.00, 1.00, 1.00 ] }
            }
        },
        {
            "name": "button_channel_3",
            "from": [ 9.50, 1.00, 3.50 ], 
            "to": [ 10.50, 2.00, 4.50 ], 
            "faces": {
                "north": { "texture": "#3", "uv": [ 0.00, 0.00, 1.00, 1.00 ] },
                "east": { "texture": "#3", "uv": [ 0.00, 0.00, 1.00, 1.00 ] },
                "south": { "texture": "#3", "uv": [ 0.00, 0.00, 1.00, 1.00 ] },
                "west": { "texture": "#3", "uv": [ 0.00, 0.00, 1.00, 1.00 ] },
                "up": { "texture": "#3", "uv": [ 0.00, 0.00, 1.00, 1.00 ] },
                "down": { "texture": "#3", "uv": [ 0.00, 0.00, 1.00, 1.00 ] }
            }
        },
        {
            "name": "button_channel_4",
            "from": [ 9.50, 1.00, 5.00 ], 
            "to": [ 10.50, 2.00, 6.00 ], 
            "faces": {
                "north": { "texture": "#3", "uv": [ 0.00, 0.00, 1.00, 1.00 ] },
                "east": { "texture": "#3", "uv": [ 0.00, 0.00, 1.00, 1.00 ] },
                "south": { "texture": "#3", "uv": [ 0.00, 0.00, 1.00, 1.00 ] },
                "west": { "texture": "#3", "uv": [ 0.00, 0.00, 1.00, 1.00 ] },
                "up": { "texture": "#3", "uv": [ 0.00, 0.00, 1.00, 1.00 ] },
                "down": { "texture": "#3", "uv": [ 0.00, 0.00, 1.00, 1.00 ] }
            }
        },
        {
            "name": "button_channel_5",
            "from": [ 7.50, 1.00, 5.00 ], 
            "to": [ 8.50, 2.00, 6.00 ], 
            "faces": {
                "north": { "texture": "#3", "uv": [ 0.00, 0.00, 1.00, 1.00 ] },
                "east": { "texture": "#3", "uv": [ 0.00, 0.00, 1.00, 1.00 ] },
                "south": { "texture": "#3", "uv": [ 0.00, 0.00, 1.00, 1.00 ] },
                "west": { "texture": "#3", "uv": [ 0.00, 0.00, 1.00, 1.00 ] },
                "up": { "texture": "#3", "uv": [ 0.00, 0.00, 1.00, 1.00 ] },
                "down": { "texture": "#3", "uv": [ 0.00, 0.00, 1.00, 1.00 ] }
            }
        },
        {
            "name": "button_channel_6",
            "from": [ 5.50, 1.00, 5.00 ], 
            "to": [ 6.50, 2.00, 6.00 ], 
            "faces": {
                "north": { "texture": "#3", "uv": [ 0.00, 0.00, 1.00, 1.00 ] },
                "east": { "texture": "#3", "uv": [ 0.00, 0.00, 1.00, 1.00 ] },
                "south": { "texture": "#3", "uv": [ 0.00, 0.00, 1.00, 1.00 ] },
                "west": { "texture": "#3", "uv": [ 0.00, 0.00, 1.00, 1.00 ] },
                "up": { "texture": "#3", "uv": [ 0.00, 0.00, 1.00, 1.00 ] },
                "down": { "texture": "#3", "uv": [ 0.00, 0.00, 1.00, 1.00 ] }
            }
        },
        {
            "name": "button_channel_7",
            "from": [ 5.50, 1.00, 6.50 ], 
            "to": [ 6.50, 2.00, 7.50 ], 
            "faces": {
                "north": { "texture": "#3", "uv": [ 0.00, 0.00, 1.00, 1.00 ] },
                "east": { "texture": "#3", "uv": [ 0.00, 0.00, 1.00, 1.00 ] },
                "south": { "texture": "#3", "uv": [ 0.00, 0.00, 1.00, 1.00 ] },
                "west": { "texture": "#3", "uv": [ 0.00, 0.00, 1.00, 1.00 ] },
                "up": { "texture": "#3", "uv": [ 0.00, 0.00, 1.00, 1.00 ] },
                "down": { "texture": "#3", "uv": [ 0.00, 0.00, 1.00, 1.00 ] }
            }
        },
        {
            "name": "button_channel_8",
            "from": [ 7.50, 1.00, 6.50 ], 
            "to": [ 8.50, 2.00, 7.50 ], 
            "faces": {
                "north": { "texture": "#3", "uv": [ 0.00, 0.00, 1.00, 1.00 ] },
                "east": { "texture": "#3", "uv": [ 0.00, 0.00, 1.00, 1.00 ] },
                "south": { "texture": "#3", "uv": [ 0.00, 0.00, 1.00, 1.00 ] },
                "west": { "texture": "#3", "uv": [ 0.00, 0.00, 1.00, 1.00 ] },
                "up": { "texture": "#3", "uv": [ 0.00, 0.00, 1.00, 1.00 ] },
                "down": { "texture": "#3", "uv": [ 0.00, 0.00, 1.00, 1.00 ] }
            }
        },
        {
            "name": "button_channel_9",
            "from": [ 9.50, 1.00, 6.50 ], 
            "to": [ 10.50, 2.00, 7.50 ], 
            "faces": {
                "north": { "texture": "#3", "uv": [ 0.00, 0.00, 1.00, 1.00 ] },
                "east": { "texture": "#3", "uv": [ 0.00, 0.00, 1.00, 1.00 ] },
                "south": { "texture": "#3", "uv": [ 0.00, 0.00, 1.00, 1.00 ] },
                "west": { "texture": "#3", "uv": [ 0.00, 0.00, 1.00, 1.00 ] },
                "up": { "texture": "#3", "uv": [ 0.00, 0.00, 1.00, 1.00 ] },
                "down": { "texture": "#3", "uv": [ 0.00, 0.00, 1.00, 1.00 ] }
            }
        },
        {
            "name": "button_red",
            "from": [ 5.50, 1.00, 10.50 ], 
            "to": [ 6.50, 2.00, 11.50 ], 
            "faces": {
                "north": { "texture": "#2", "uv": [ 0.00, 0.00, 1.00, 1.00 ] },
                "east": { "texture": "#2", "uv": [ 0.00, 0.00, 1.00, 1.00 ] },
                "south": { "texture": "#2", "uv": [ 0.00, 0.00, 1.00, 1.00 ] },
                "west": { "texture": "#2", "uv": [ 0.00, 0.00, 1.00, 1.00 ] },
                "up": { "texture": "#2", "uv": [ 0.00, 0.00, 1.00, 1.00 ] },
                "down": { "texture": "#2", "uv": [ 0.00, 0.00, 1.00, 1.00 ] }
            }
        },
        {
            "name": "button_green",
            "from": [ 6.80, 1.00, 10.50 ], 
            "to": [ 7.80, 2.00, 11.50 ], 
            "faces": {
                "north": { "texture": "#4", "uv": [ 0.00, 0.00, 1.00, 1.00 ] },
                "east": { "texture": "#4", "uv": [ 0.00, 0.00, 1.00, 1.00 ] },
                "south": { "texture": "#4", "uv": [ 0.00, 0.00, 1.00, 1.00 ] },
                "west": { "texture": "#4", "uv": [ 0.00, 0.00, 1.00, 1.00 ] },
                "up": { "texture": "#4", "uv": [ 0.00, 0.00, 1.00, 1.00 ] },
                "down": { "texture": "#4", "uv": [ 0.00, 0.00, 1.00, 1.00 ] }
            }
        },
        {
            "name": "button_yellow",
            "from": [ 8.20, 1.00, 10.50 ], 
            "to": [ 9.20, 2.00, 11.50 ], 
            "faces": {
                "north": { "texture": "#5", "uv": [ 0.00, 0.00, 1.00, 1.00 ] },
                "east": { "texture": "#5", "uv": [ 0.00, 0.00, 1.00, 1.00 ] },
                "south": { "texture": "#5", "uv": [ 0.00, 0.00, 1.00, 1.00 ] },
                "west": { "texture": "#5", "uv": [ 0.00, 0.00, 1.00, 1.00 ] },
                "up": { "texture": "#5", "uv": [ 0.00, 0.00, 1.00, 1.00 ] },
                "down": { "texture": "#5", "uv": [ 0.00, 0.00, 1.00, 1.00 ] }
            }
        },
        {
            "name": "button_cyan",
            "from": [ 9.50, 1.00, 10.50 ], 
            "to": [ 10.50, 2.00, 11.50 ], 
            "faces": {
                "north": { "texture": "#6", "uv": [ 0.00, 0.00, 1.00, 1.00 ] },
                "east": { "texture": "#6", "uv": [ 0.00, 0.00, 1.00, 1.00 ] },
                "south": { "texture": "#6", "uv": [ 0.00, 0.00, 1.00, 1.00 ] },
                "west": { "texture": "#6", "uv": [ 0.00, 0.00, 1.00, 1.00 ] },
                "up": { "texture": "#6", "uv": [ 0.00, 0.00, 1.00, 1.00 ] },
                "down": { "texture": "#6", "uv": [ 0.00, 0.00, 1.00, 1.00 ] }
            }
        },
        {
            "name": "Cube",
            "from": [ 6.50, 0.30, -0.10 ], 
            "to": [ 9.50, 1.30, 0.90 ], 
            "faces": {
                "north": { "texture": "#7", "uv": [ 0.00, 0.00, 3.00, 1.00 ] },
                "east": { "texture": "#7", "uv": [ 0.00, 0.00, 1.00, 1.00 ] },
                "south": { "texture": "#7", "uv": [ 0.00, 0.00, 3.00, 1.00 ] },
                "west": { "texture": "#7", "uv": [ 0.00, 0.00, 1.00, 1.00 ] },
                "up": { "texture": "#7", "uv": [ 0.00, 0.00, 3.00, 1.00 ] },
                "down": { "texture": "#7", "uv": [ 0.00, 0.00, 3.00, 1.00 ] }
            }
        }
    ]
}