{
    "__comment": "Model generated using MrCrayfish's Model Creator (https://mrcrayfish.com/tools?id=mc)",
    "textures": {
        "1": "blocks/iron_block"
    },
    "display": {
        "gui": {
            "rotation": [ 30, 45, 0 ],
            "translation": [ 0, 0, 0 ],
            "scale": [ 0.625, 0.625, 0.625 ]
        },
        "ground": {
            "rotation": [ 0, 0, 0 ],
            "translation": [ 0, 3, 0 ],
            "scale": [ 0.25, 0.25, 0.25 ]
        },
        "fixed": {
            "rotation": [ 0, 0, 0 ],
            "translation": [ 0, 0, 0 ],
            "scale": [ 0.5, 0.5, 0.5 ]
        },
        "thirdperson_righthand": {
            "rotation": [ 75, 315, 0 ],
            "translation": [ 0, 2.5, 0 ],
            "scale": [ 0.375, 0.375, 0.375 ]
        },
        "firstperson_righthand": {
            "rotation": [ 0, 315, 0 ],
            "translation": [ 0, 2.5, 0 ],
            "scale": [ 0.4, 0.4, 0.4 ]
        }
    },
    "elements": [
        {
            "name": "Cube",
            "from": [ 1.50, 1.00, 8.00 ], 
            "to": [ 5.00, 17.00, 9.00 ], 
            "faces": {
                "north": { "texture": "#plank", "uv": [ 0.00, 3.00, 16.00, 8.00 ], "rotation": 90 },
                "east": { "texture": "#plank", "uv": [ 0.00, 3.00, 16.00, 4.00 ], "rotation": 90 },
                "south": { "texture": "#plank", "uv": [ 0.00, 3.00, 16.00, 8.00 ], "rotation": 90 },
                "west": { "texture": "#plank", "uv": [ 0.00, 3.00, 16.00, 4.00 ], "rotation": 90 },
                "up": { "texture": "#plank", "uv": [ 0.00, 3.00, 1.50, 8.00 ], "rotation": 90, "cullface": "up" },
                "down": { "texture": "#plank", "uv": [ 0.00, 3.00, 1.50, 8.00 ], "rotation": 90, "cullface": "down" }
            }
        },
        {
            "name": "Cube",
            "from": [ 1.00, 2.50, 7.50 ], 
            "to": [ 2.00, 5.50, 8.50 ], 
            "faces": {
                "north": { "texture": "#1", "uv": [ 0.00, 0.00, 3.00, 1.00 ], "rotation": 90 },
                "east": { "texture": "#1", "uv": [ 0.00, 0.00, 1.00, 3.00 ] },
                "south": { "texture": "#1", "uv": [ 0.00, 0.00, 3.00, 1.00 ], "rotation": 90 },
                "up": { "texture": "#1", "uv": [ 0.00, 0.00, 1.00, 1.00 ] },
                "down": { "texture": "#1", "uv": [ 0.00, 0.00, 1.00, 1.00 ] }
            }
        },
        {
            "name": "Cube",
            "from": [ 1.00, 12.50, 7.50 ], 
            "to": [ 2.00, 15.50, 8.50 ], 
            "faces": {
                "north": { "texture": "#1", "uv": [ 0.00, 0.00, 3.00, 1.00 ], "rotation": 90 },
                "east": { "texture": "#1", "uv": [ 0.00, 0.00, 1.00, 3.00 ] },
                "south": { "texture": "#1", "uv": [ 0.00, 0.00, 3.00, 1.00 ], "rotation": 90 },
                "up": { "texture": "#1", "uv": [ 0.00, 0.00, 1.00, 1.00 ] },
                "down": { "texture": "#1", "uv": [ 0.00, 0.00, 1.00, 1.00 ] }
            }
        },
        {
            "name": "Cube",
            "from": [ -1.00, 0.00, 6.00 ], 
            "to": [ 1.00, 16.00, 10.00 ], 
            "faces": {
                "north": { "texture": "#log", "uv": [ 0.00, 0.00, 2.00, 16.00 ] },
                "east": { "texture": "#log", "uv": [ 0.00, 0.00, 4.00, 16.00 ] },
                "south": { "texture": "#log", "uv": [ 0.00, 0.00, 2.00, 16.00 ] },
                "west": { "texture": "#log", "uv": [ 0.00, 0.00, 4.00, 16.00 ] },
                "down": { "texture": "#log", "uv": [ 0.00, 0.00, 2.00, 4.00 ] }
            }
        },
        {
            "name": "Cube",
            "from": [ 15.00, 0.00, 6.00 ], 
            "to": [ 17.00, 16.00, 10.00 ], 
            "faces": {
                "north": { "texture": "#log", "uv": [ 0.00, 0.00, 2.00, 16.00 ] },
                "east": { "texture": "#log", "uv": [ 0.00, 0.00, 4.00, 16.00 ] },
                "south": { "texture": "#log", "uv": [ 0.00, 0.00, 2.00, 16.00 ] },
                "west": { "texture": "#log", "uv": [ 0.00, 0.00, 4.00, 16.00 ] },
                "down": { "texture": "#log", "uv": [ 0.00, 0.00, 2.00, 4.00 ] }
            }
        },
        {
            "name": "Cube",
            "from": [ -1.00, 16.00, 6.00 ], 
            "to": [ 1.00, 17.00, 10.00 ], 
            "faces": {
                "north": { "texture": "#log", "uv": [ 0.00, 4.00, 4.00, 1.00 ] },
                "east": { "texture": "#log", "uv": [ 0.00, 4.00, 4.00, 5.00 ] },
                "south": { "texture": "#log", "uv": [ 0.00, 4.00, 2.00, 5.00 ] },
                "west": { "texture": "#log", "uv": [ 0.00, 4.00, 4.00, 5.00 ] },
                "up": { "texture": "#log", "uv": [ 0.00, 0.00, 2.00, 4.00 ] }
            }
        },
        {
            "name": "Cube",
            "from": [ 15.00, 16.00, 6.00 ], 
            "to": [ 17.00, 17.00, 10.00 ], 
            "faces": {
                "north": { "texture": "#log", "uv": [ 0.00, 4.00, 4.00, 1.00 ] },
                "east": { "texture": "#log", "uv": [ 0.00, 4.00, 4.00, 5.00 ] },
                "south": { "texture": "#log", "uv": [ 0.00, 4.00, 2.00, 5.00 ] },
                "west": { "texture": "#log", "uv": [ 0.00, 4.00, 4.00, 5.00 ] },
                "up": { "texture": "#log", "uv": [ 0.00, 0.00, 2.00, 4.00 ] }
            }
        },
        {
            "name": "Cube",
            "from": [ 6.00, 2.00, 8.00 ], 
            "to": [ 10.00, 18.00, 9.00 ], 
            "faces": {
                "north": { "texture": "#plank", "uv": [ 0.00, 7.00, 16.00, 12.00 ], "rotation": 90 },
                "east": { "texture": "#plank", "uv": [ 0.00, 3.00, 16.00, 4.00 ], "rotation": 90 },
                "south": { "texture": "#plank", "uv": [ 0.00, 7.00, 16.00, 12.00 ], "rotation": 90 },
                "west": { "texture": "#plank", "uv": [ 0.00, 3.00, 16.00, 4.00 ], "rotation": 90 },
                "up": { "texture": "#plank", "uv": [ 0.00, 3.00, 1.50, 8.00 ], "rotation": 90, "cullface": "up" },
                "down": { "texture": "#plank", "uv": [ 0.00, 3.00, 1.50, 8.00 ], "rotation": 90, "cullface": "down" }
            }
        },
        {
            "name": "Cube",
            "from": [ 11.00, 1.00, 8.00 ], 
            "to": [ 14.50, 17.00, 9.00 ], 
            "faces": {
                "north": { "texture": "#plank", "uv": [ 0.00, 11.00, 16.00, 16.00 ], "rotation": 90 },
                "east": { "texture": "#plank", "uv": [ 0.00, 3.00, 16.00, 4.00 ], "rotation": 90 },
                "south": { "texture": "#plank", "uv": [ 0.00, 11.00, 16.00, 16.00 ], "rotation": 90 },
                "west": { "texture": "#plank", "uv": [ 0.00, 3.00, 16.00, 4.00 ], "rotation": 90 },
                "up": { "texture": "#plank", "uv": [ 0.00, 3.00, 1.50, 8.00 ], "rotation": 90, "cullface": "up" },
                "down": { "texture": "#plank", "uv": [ 0.00, 3.00, 1.50, 8.00 ], "rotation": 90, "cullface": "down" }
            }
        },
        {
            "name": "Cube",
            "from": [ 2.00, 13.00, 7.00 ], 
            "to": [ 14.00, 15.00, 8.00 ], 
            "faces": {
                "north": { "texture": "#plank", "uv": [ 0.00, 0.00, 12.00, 2.00 ] },
                "east": { "texture": "#plank", "uv": [ 0.00, 0.00, 1.00, 2.00 ] },
                "south": { "texture": "#plank", "uv": [ 0.00, 0.00, 12.00, 2.00 ] },
                "west": { "texture": "#plank", "uv": [ 0.00, 0.00, 1.00, 2.00 ] },
                "up": { "texture": "#plank", "uv": [ 0.00, 0.00, 12.00, 1.00 ] },
                "down": { "texture": "#plank", "uv": [ 0.00, 0.00, 12.00, 1.00 ] }
            }
        },
        {
            "name": "Cube",
            "from": [ 2.00, 3.00, 7.00 ], 
            "to": [ 14.00, 5.00, 8.00 ], 
            "faces": {
                "north": { "texture": "#plank", "uv": [ 0.00, 0.00, 12.00, 2.00 ] },
                "east": { "texture": "#plank", "uv": [ 0.00, 0.00, 1.00, 2.00 ] },
                "south": { "texture": "#plank", "uv": [ 0.00, 0.00, 12.00, 2.00 ] },
                "west": { "texture": "#plank", "uv": [ 0.00, 0.00, 1.00, 2.00 ] },
                "up": { "texture": "#plank", "uv": [ 0.00, 0.00, 12.00, 1.00 ] },
                "down": { "texture": "#plank", "uv": [ 0.00, 0.00, 12.00, 1.00 ] }
            }
        },
        {
            "name": "Cube",
            "from": [ 1.00, 8.00, 7.20 ], 
            "to": [ 15.00, 10.00, 8.00 ], 
            "rotation": { "origin": [ 8.0, 9.0, 8.0 ], "axis": "z", "angle": 45.0 },
            "faces": {
                "north": { "texture": "#plank", "uv": [ 0.00, 0.00, 14.00, 2.00 ] },
                "east": { "texture": "#plank", "uv": [ 0.00, 0.00, 0.80, 2.00 ] },
                "south": { "texture": "#plank", "uv": [ 0.00, 0.00, 14.00, 2.00 ] },
                "west": { "texture": "#plank", "uv": [ 0.00, 0.00, 0.80, 2.00 ] },
                "up": { "texture": "#plank", "uv": [ 0.00, 0.00, 14.00, 0.80 ] },
                "down": { "texture": "#plank", "uv": [ 0.00, 0.00, 14.00, 0.80 ] }
            }
        }
    ]
}