{
    "__comment": "Model generated using MrCrayfish's Model Creator (https://mrcrayfish.com/tools?id=mc)",
    "display": {
        "gui": {
            "rotation": [ 30, 225, 0 ],
            "translation": [ 0, 0, 0 ],
            "scale": [ 0.625, 0.625, 0.625 ]
        },
        "ground": {
            "rotation": [ 0, 0, 0 ],
            "translation": [ 0, 3, 0 ],
            "scale": [ 0.25, 0.25, 0.25 ]
        },
        "fixed": {
            "rotation": [ 0, 0, 0 ],
            "translation": [ 0, 0, 0 ],
            "scale": [ 0.5, 0.5, 0.5 ]
        },
        "thirdperson_righthand": {
            "rotation": [ 75, 315, 0 ],
            "translation": [ 0, 2.5, 0 ],
            "scale": [ 0.375, 0.375, 0.375 ]
        },
        "firstperson_righthand": {
            "rotation": [ 0, 315, 0 ],
            "translation": [ 0, 2.5, 0 ],
            "scale": [ 0.4, 0.4, 0.4 ]
        }
    },
    "elements": [
        {
            "name": "Cube",
            "from": [ 6.00, 0.00, 7.00 ], 
            "to": [ 10.00, 16.00, 9.00 ], 
            "faces": {
                "north": { "texture": "#plank", "uv": [ 0.00, 3.00, 16.00, 8.00 ], "rotation": 90 },
                "east": { "texture": "#plank", "uv": [ 0.00, 7.00, 16.00, 8.00 ], "rotation": 90 },
                "south": { "texture": "#plank", "uv": [ 0.00, 3.00, 16.00, 8.00 ], "rotation": 90 },
                "west": { "texture": "#plank", "uv": [ 0.00, 3.00, 16.00, 4.00 ], "rotation": 90 },
                "up": { "texture": "#plank", "uv": [ 0.00, 3.00, 1.50, 8.00 ], "rotation": 90, "cullface": "up" },
                "down": { "texture": "#plank", "uv": [ 0.00, 0.00, 4.00, 2.00 ], "cullface": "down" }
            }
        },
        {
            "name": "Cube",
            "from": [ 4.00, 2.50, 7.50 ], 
            "to": [ 12.00, 5.50, 8.50 ], 
            "faces": {
                "north": { "texture": "#log", "uv": [ 0.00, 0.00, 3.00, 8.00 ], "rotation": 90 },
                "south": { "texture": "#log", "uv": [ 0.00, 0.00, 3.00, 8.00 ], "rotation": 90 },
                "up": { "texture": "#log", "uv": [ 0.00, 0.00, 8.00, 1.00 ] },
                "down": { "texture": "#log", "uv": [ 0.00, 0.00, 8.00, 1.00 ] }
            }
        },
        {
            "name": "Cube",
            "from": [ 4.00, 10.50, 7.50 ], 
            "to": [ 12.00, 13.50, 8.50 ], 
            "faces": {
                "north": { "texture": "#log", "uv": [ 0.00, 0.00, 3.00, 8.00 ], "rotation": 90 },
                "south": { "texture": "#log", "uv": [ 0.00, 0.00, 3.00, 8.00 ], "rotation": 90 },
                "up": { "texture": "#log", "uv": [ 0.00, 0.00, 8.00, 1.00 ] },
                "down": { "texture": "#log", "uv": [ 0.00, 0.00, 8.00, 1.00 ] }
            }
        },
        {
            "name": "Cube",
            "from": [ 0.00, 0.00, 6.00 ], 
            "to": [ 4.00, 16.00, 10.00 ], 
            "faces": {
                "north": { "texture": "#log", "uv": [ 0.00, 0.00, 4.00, 16.00 ] },
                "east": { "texture": "#log", "uv": [ 0.00, 0.00, 4.00, 16.00 ] },
                "south": { "texture": "#log", "uv": [ 0.00, 0.00, 4.00, 16.00 ] },
                "west": { "texture": "#log", "uv": [ 0.00, 0.00, 4.00, 16.00 ] },
                "down": { "texture": "#log", "uv": [ 0.00, 0.00, 4.00, 4.00 ] }
            }
        },
        {
            "name": "Cube",
            "from": [ 12.00, 0.00, 6.00 ], 
            "to": [ 16.00, 16.00, 10.00 ], 
            "faces": {
                "north": { "texture": "#log", "uv": [ 0.00, 0.00, 4.00, 16.00 ] },
                "east": { "texture": "#log", "uv": [ 0.00, 0.00, 4.00, 16.00 ] },
                "south": { "texture": "#log", "uv": [ 0.00, 0.00, 4.00, 16.00 ] },
                "west": { "texture": "#log", "uv": [ 0.00, 0.00, 4.00, 16.00 ] },
                "down": { "texture": "#log", "uv": [ 0.00, 0.00, 4.00, 4.00 ] }
            }
        },
        {
            "name": "Cube",
            "from": [ 0.00, 16.00, 6.00 ], 
            "to": [ 4.00, 17.00, 10.00 ], 
            "faces": {
                "north": { "texture": "#log", "uv": [ 0.00, 4.00, 4.00, 1.00 ] },
                "east": { "texture": "#log", "uv": [ 0.00, 4.00, 4.00, 5.00 ] },
                "south": { "texture": "#log", "uv": [ 0.00, 4.00, 4.00, 5.00 ] },
                "west": { "texture": "#log", "uv": [ 0.00, 4.00, 4.00, 5.00 ] },
                "up": { "texture": "#log", "uv": [ 0.00, 0.00, 4.00, 4.00 ] }
            }
        },
        {
            "name": "Cube",
            "from": [ 12.00, 16.00, 6.00 ], 
            "to": [ 16.00, 17.00, 10.00 ], 
            "faces": {
                "north": { "texture": "#log", "uv": [ 0.00, 4.00, 4.00, 1.00 ] },
                "east": { "texture": "#log", "uv": [ 0.00, 4.00, 4.00, 5.00 ] },
                "south": { "texture": "#log", "uv": [ 0.00, 4.00, 4.00, 5.00 ] },
                "west": { "texture": "#log", "uv": [ 0.00, 4.00, 4.00, 5.00 ] },
                "up": { "texture": "#log", "uv": [ 0.00, 0.00, 4.00, 4.00 ] }
            }
        }
    ]
}